"Farm_ID","Region","Latitude","Longitude","Farmer_Sex","Farmer_Age","Education_Level","HH_Size","Years_Farming","Farm_Size_Ha","Land_Tenure","Crop_Type","Has_Livestock","Livestock_Type","Soil_Quality","Annual_Rainfall_mm","Experienced_Drought","Survey_Season","Survey_Year","Uses_Fertiliser","Fertiliser_Kg_Ha","Uses_Irrigation","Uses_Improved_Seed","Extension_Visits_Year","Belongs_to_Coop","Yield_Tonnes_Ha","Total_Production_Tonnes","Price_Per_Tonne","Farm_Revenue_GHS","Input_Cost_GHS","Farm_Profit_GHS","Profit_Margin_Pct","Access_to_Credit","Credit_Amount_GHS","Credit_Source","Storage_Facility","Post_Harvest_Loss_Pct","Market_Channel","Distance_to_Market_km","Food_Insecurity_Score","Farm_Profitable","Sells_Surplus","Tech_Adoption"
"GAHS-F0001","Volta",6.7496,0.9908,"Female",54,"JHS",6,31,3.93,"Owned","Cassava","Yes","Poultry","Excellent",745,"No","Minor",2021,"Yes",81.3,"Yes","Yes",5,"No",3.55,13.95,1189,16587,2208,14379,86.7,"No",NA,"None","On-farm store",6.4,"Farmgate",3,3.3,"Yes","No","High"
"GAHS-F0002","Northern",9.7932,-0.7929,"Female",71,"JHS",2,53,1.58,"Owned","Cowpea","Yes","Goat/Sheep","Moderate",NA,"Yes","Minor",2022,"Yes",NA,"No","No",4,"No",3.05,4.82,1466,7066,983,6083,86.1,"Yes",8740,"SACCO","No storage",43.1,"Regional market",65.8,6.5,"Yes","No","Medium"
"GAHS-F0003","Savannah",9.7097,-2.426,"Male",47,"None",5,26,10,"Sharecrop","Maize","Yes","Goat/Sheep","Good",573,"Yes","Major",2021,"No",0,"No","Yes",3,"No",3.01,30.1,1815,54632,3811,50821,93,"Yes",2812,"Family","On-farm store",17.2,"Local market",37.7,3,"Yes","No","Medium"
"GAHS-F0004","Upper West",9.8592,-2.3408,"Female",57,"None",6,39,NA,"Communal","Groundnut","Yes","Poultry","Moderate",949,"No","Major",2023,"Yes",10.5,"No","No",0,"No",1.36,10,5744,57440,3185,54255,94.5,"No",NA,"None","Warehouse",3.7,"Local market",9.5,2.7,"Yes","No","Low"
"GAHS-F0005","Volta",7.0982,0.5193,"Male",51,"SHS",5,32,0.65,"Gift","Cassava","Yes","Pig","Poor",1170,"No","Major",2022,"No",0,"No","No",2,"No",1.09,0.71,3097,2199,269,1930,87.7,"No",NA,"None","No storage",19.6,"Local market",1.6,4,"Yes","No","Low"
"GAHS-F0006","Upper West",10.6196,-1.876,"Male",65,"Primary",9,51,0.91,"Sharecrop","Cowpea","No","None","Good",790,"No","Major",2022,"No",0,"No","Yes",0,"Yes",NA,2.38,2055,4891,250,4641,94.9,"No",NA,"None","Warehouse",9.5,"Farmgate",0.5,4.8,"Yes","No","Medium"
"GAHS-F0007","Ashanti",7.0489,-1.7607,"Female",53,"JHS",8,33,5.17,"Leased","Cocoa","No","None","Excellent",1674,"No","Minor",2021,"No",0,"Yes","No",2,"No",2.23,11.53,970,11184,1773,9411,84.1,"Yes",5633,"Family","On-farm store",20.1,"Local market",7.6,2.8,"Yes","No","Low"
"GAHS-F0008","Northern",9.2179,-0.6985,"Female",54,"JHS",9,36,0.22,"Leased","Maize","No","None","Moderate",NA,"No","Minor",2022,"No",0,"No","Yes",0,"No",2.94,0.65,1272,NA,100,727,87.8,"No",NA,"None","On-farm store",34.9,"Farmgate",33.5,4.7,"Yes","No","Low"
"GAHS-F0009","Savannah",9.72,-2.0923,"Male",65,"JHS",4,45,NA,"Communal","Groundnut","Yes","Goat/Sheep","Moderate",850,"No","Minor",2022,"No",0,"No","Yes",2,"Yes",1.79,6.5,1477,NA,1252,8348,86.9,"Yes",3155,"MFI","No storage",35.1,"Regional market",25.8,NA,"Yes","No","Medium"
"GAHS-F0010","Western",5.3172,-1.6465,"Male",41,"JHS",3,20,0.4,"Leased","Cocoa","Yes","Poultry","Excellent",1587,"No","Major",2021,"Yes",154.5,"No","Yes",2,"No",1.82,0.73,1480,1080,319,761,70.4,"Yes",1373,"Bank","Warehouse",23.1,"Regional market",5.1,6.7,"Yes","No","Medium"
"GAHS-F0011","Western",4.7727,-2.4621,"Male",39,"JHS",3,21,0.99,"Leased","Maize","Yes","Poultry","Excellent",1148,"No","Major",2023,"No",0,"No","No",0,"No",0.75,0.74,2491,1843,290,1553,84.2,"No",NA,"None","On-farm store",22.3,"Farmgate",21.8,6.7,"Yes","No","Low"
"GAHS-F0012","Volta",6.5972,0.9407,"Female",45,"None",9,25,1.92,"Sharecrop","Rice","Yes","Poultry","Poor",869,"No","Minor",2022,"Yes",111.2,"Yes","No",1,"No",1.81,3.48,832,2895,1093,1802,62.2,"No",NA,"None","No storage",28.2,"Regional market",2.6,5.9,"Yes","No","Medium"
"GAHS-F0013","Upper West",10.9005,-2.2828,"Male",31,"Primary",1,8,3.54,"Leased","Maize","Yes","Poultry","Poor",686,"No","Major",2022,"Yes",5,"No","No",1,"Yes",2.74,9.7,879,8526,1660,6866,80.5,"Yes",1389,"Bank","Warehouse",6.1,"Local market",10.4,3,"Yes","No","Medium"
"GAHS-F0014","Greater Accra",6.2032,0.4424,"Male",56,"None",9,37,0.48,"Owned","Cassava","Yes","Cattle","Poor",843,"Yes","Minor",2023,"Yes",39.1,"No","Yes",2,"No",2.36,1.13,5575,6300,309,5991,95,"No",NA,"None","No storage",27.9,"Exporter",9.4,6.8,"Yes","No","Medium"
"GAHS-F0015","Eastern",6.4485,0.0951,"Male",40,"Primary",5,26,4.24,"Sharecrop","Cassava","Yes","Poultry","Good",1041,"Yes","Major",2023,"Yes",15.1,"No","No",5,"No",2.04,8.65,815,7050,2051,4999,70.9,"No",NA,"None","On-farm store",23.7,"Exporter",1.2,3.6,"Yes","No","Medium"
"GAHS-F0016","Volta",7.2891,0.8029,"Male",50,"None",7,32,1.57,"Communal","Tomato","Yes","Cattle","Moderate",607,"No","Major",2022,"Yes",18.2,"Yes","Yes",3,"Yes",4.35,6.83,974,6652,746,5906,88.8,"No",NA,"None","On-farm store",13.6,"Cooperative",16.2,3.1,"Yes","No","High"
"GAHS-F0017","Western",5.2759,-2.6657,"Male",56,"SHS",5,35,6.05,"Owned","Plantain","No","None","Poor",1381,"No","Major",2021,"Yes",86.3,"Yes","No",0,"Yes",3.26,19.72,2300,45356,3454,41902,92.4,"No",NA,"None","On-farm store",14.4,"Local market",8.1,5.2,"Yes","No","Medium"
"GAHS-F0018","Ashanti",7.2875,-1.5823,"Male",41,"JHS",4,22,1.8,"Leased","Yam","Yes","Poultry","Moderate",1739,"No","Minor",2022,"Yes",NA,"No","No",3,"No",3.45,6.21,1483,NA,776,8433,91.6,"No",NA,"None","No storage",22.6,"Local market",1.2,4.7,"Yes","No","Medium"
"GAHS-F0019","Northern",9.8664,-1.3669,"Male",48,"SHS",5,34,10.82,"Communal","Sorghum","No","None","Excellent",881,"No","Major",2023,"Yes",130.9,"No","No",4,"No",2.15,23.26,1120,26051,NA,19142,73.5,"No",NA,"None","No storage",14.3,"Processor",19.3,4.2,"Yes","Yes","Medium"
"GAHS-F0020","Ashanti",7.0161,-1.2094,"Male",29,"None",7,11,11.03,"Sharecrop","Cassava","Yes","Poultry","Moderate",1425,"No","Minor",2022,"Yes",163.1,"Yes","Yes",4,"No",3.52,38.83,836,32462,7787,24675,76,"No",NA,"None","Warehouse",7.4,"Local market",42.2,4.4,"Yes","No","High"
"GAHS-F0021","Savannah",8.5285,-2.0624,"Female",30,"SHS",6,9,1.75,"Sharecrop","Maize","Yes","Mixed","Good",911,"No","Major",2023,"No",0,"No","No",2,"Yes",0.5,0.88,824,725,496,229,31.5,"No",NA,"None","No storage",15.8,"Farmgate",11.6,5.6,"Yes","No","Low"
"GAHS-F0022","Bono",7.7928,-2.048,"Female",57,"SHS",5,41,6.67,"Leased","Tomato","No","None","Good",695,"No","Major",2023,"Yes",133.6,"Yes","No",2,"No",3.92,26.15,1952,51045,NA,46755,91.6,"Yes",4369,"Bank","On-farm store",14,"Farmgate",6.1,1.1,"Yes","No","Medium"
"GAHS-F0023","Central",6.0249,-1.2865,"Male",55,"JHS",6,37,2.01,"Communal","Plantain","Yes","Mixed","Good",2096,"No","Major",2023,"Yes",75.9,"Yes","Yes",3,"Yes",2.38,4.78,1338,6396,957,5439,85,"No",NA,"None","On-farm store",15.2,"Regional market",14.7,NA,"Yes","Yes","High"
"GAHS-F0024","Eastern",6.5966,-1.0887,"Male",61,"JHS",4,45,5.01,"Leased","Plantain","Yes","Poultry","Poor",1746,"Yes","Minor",2022,"No",0,"No","No",2,"No",2.12,10.62,670,7115,2114,5001,70.3,"Yes",1325,"Bank","No storage",22,"Farmgate",24.8,5.8,"Yes","No","Low"
"GAHS-F0025","Western",5.3834,-2.6578,"Male",42,"Primary",5,28,6.35,"Communal","Cassava","No","None","Poor",1181,"No","Minor",2023,"Yes",64.7,"No","No",6,"No",2.83,17.97,3058,54952,3347,51605,93.9,"No",NA,"None","No storage",11.5,"Farmgate",11.9,2.8,"Yes","No","Medium"
"GAHS-F0026","Northern",9.2115,-0.463,"Female",25,"None",2,8,3.53,"Owned","Cowpea","Yes","Poultry","Moderate",826,"No","Minor",2023,"No",0,"No","No",2,"No",1.81,6.39,1335,NA,1502,7029,82.4,"Yes",768,"MFI","No storage",24.3,"Exporter",102.2,1.6,"Yes","No","Low"
"GAHS-F0027","Bono East",8.4655,-1.531,"Male",40,"SHS",6,21,0.59,"Owned","Maize","Yes","Poultry","Poor",1128,"No","Major",2021,"No",0,"Yes","No",2,"No",3.59,2.12,2081,4412,100,4312,95,"Yes",1300,"Bank","Rented silo",18.4,"Cooperative",8.8,4.1,"Yes","No","Low"
"GAHS-F0028","Upper West",10.3078,-2.7454,"Female",50,"JHS",1,30,2.11,"Sharecrop","Maize","No","None","Good",892,"Yes","Minor",2021,"No",0,"No","No",0,"Yes",1.15,2.43,791,1922,767,1155,60.1,"No",NA,"None","Warehouse",4.7,"Local market",113.7,4.2,"Yes","No","Low"
"GAHS-F0029","Bono East",8.325,-2.0737,"Female",31,"JHS",5,14,1.76,"Leased","Pepper","Yes","Mixed","Good",830,"No","Major",2022,"Yes",87.3,"No","No",4,"No",1.71,3.01,2084,6273,1070,5203,82.9,"No",NA,"None","On-farm store",21,"Local market",10.8,5.5,"Yes","No","Medium"
"GAHS-F0030","Western",4.4887,-1.8508,"Male",50,"JHS",4,33,6.51,"Leased","Oil Palm","No","None","Excellent",1593,"Yes","Minor",2023,"No",0,"Yes","Yes",2,"No",3.34,21.74,1515,32936,2655,30281,91.9,"Yes",576,"Family","No storage",17.7,"Local market",6.4,3.4,"Yes","No","Medium"
"GAHS-F0031","Upper East",11.2797,-0.6076,"Female",49,"SHS",5,33,4.81,"Sharecrop","Sorghum","Yes","Cattle","Moderate",969,"Yes","Major",2022,"No",0,"No","Yes",2,"No",3.33,16.02,1042,16693,1930,14763,88.4,"No",NA,"None","On-farm store",NA,"Regional market",NA,4.1,"Yes","Yes","Low"
"GAHS-F0032","Greater Accra",5.6749,-0.7406,"Female",43,"None",6,25,16.59,"Owned","Cassava","No","None","Moderate",1102,"No","Major",2023,"No",0,"No","No",0,"No",2.29,37.99,1191,NA,6611,38635,85.4,"No",NA,"None","Warehouse",14.3,"Regional market",2.9,4,"Yes","Yes","Low"
"GAHS-F0033","Ahafo",6.4386,-2.9697,"Female",28,"None",2,14,5.32,"Owned","Plantain","Yes","Goat/Sheep","Good",1403,"No","Minor",2023,"Yes",100.8,"Yes","No",2,"Yes",3.75,19.95,626,12489,3092,9397,75.2,"Yes",1325,"SACCO","No storage",24.8,"Farmgate",6.9,4.6,"Yes","No","Medium"
"GAHS-F0034","Savannah",9.4063,-2.4374,"Male",34,"Tertiary",5,17,1.26,"Communal","Sorghum","No","None","Excellent",770,"No","Major",2021,"No",0,"No","Yes",1,"Yes",3.21,4.04,3431,13861,619,13242,95,"Yes",2568,"MFI","No storage",37,"Farmgate",6.3,4.7,"Yes","No","Medium"
"GAHS-F0035","Northern",9.7576,-1.075,"Male",51,"JHS",6,29,4.56,"Leased","Groundnut","Yes","Goat/Sheep","Poor",830,"Yes","Major",2022,"Yes",98.7,"No","No",2,"No",3.83,17.46,868,15155,2752,12403,81.8,"No",NA,"None","Warehouse",8.1,"Farmgate",6.4,3.5,"Yes","No","Low"
"GAHS-F0036","North East",11.166,0.0453,"Male",40,"None",1,19,4.02,"Owned","Groundnut","No","None","Poor",792,"Yes","Major",2021,"No",NA,"No","No",1,"Yes",2.11,8.48,1873,15883,1971,13912,87.6,"Yes",221,"MFI","On-farm store",22.8,"Farmgate",16.3,5.3,"Yes","No","Low"
"GAHS-F0037","Northern",9.937,-1.4502,"Female",47,"Primary",9,30,2,"Communal","Maize","Yes","Poultry","Good",1118,"Yes","Major",2021,"Yes",50.7,"Yes","Yes",3,"No",2.61,5.22,919,NA,593,4204,87.6,"Yes",2533,"SACCO","Rented silo",11.6,"Regional market",0.9,3.4,"Yes","No","High"
"GAHS-F0038","Savannah",8.8208,-1.4955,"Male",44,"Primary",6,26,0.44,"Communal","Cowpea","Yes","Mixed","Moderate",1076,"Yes","Minor",2022,"No",0,"No","No",1,"Yes",2.39,1.05,3164,3322,339,2983,89.8,"No",NA,"None","No storage",21.8,"Farmgate",5,4.8,"Yes","No","Low"
"GAHS-F0039","Ahafo",6.712,-2.2206,"Female",58,"SHS",9,42,2.11,"Sharecrop","Cassava","Yes","Mixed","Moderate",791,"No","Major",2023,"Yes",130.6,"No","No",1,"No",2.36,4.98,3073,15304,1216,14088,92,"Yes",1120,"Bank","No storage",21,"Exporter",23.9,5.9,"Yes","No","Low"
"GAHS-F0040","Volta",7.049,0.6065,"Male",43,"JHS",4,27,3.21,"Owned","Tomato","No","None","Poor",707,"No","Major",2022,"Yes",38.3,"No","No",1,"No",1.75,5.62,841,4726,1316,3410,72.1,"No",NA,"None","Warehouse",21.1,"Local market",0.9,4.7,"Yes","No","Low"
"GAHS-F0041","Central",5.7593,-1.5537,"Female",42,"SHS",6,28,1.15,"Communal","Cocoa","No","None","Moderate",1265,"No","Minor",2021,"Yes",104,"Yes","No",4,"No",3.42,3.93,986,3875,674,3201,82.6,"No",NA,"None","Warehouse",NA,"Regional market",2.1,2.2,"Yes","No","Medium"
"GAHS-F0042","Bono",8.2236,-2.5966,"Male",44,"None",7,23,0.64,"Leased","Yam","No","None","Good",440,"No","Major",2022,"Yes",77.5,"No","No",1,"No",1.61,1.03,1098,1131,100,1031,91.1,"No",NA,"None","No storage",23.8,"Farmgate",9.6,5.9,"Yes","Yes","Low"
"GAHS-F0043","Western",5.4385,-1.6417,"Female",37,"JHS",8,20,2,"Owned","Cocoa","Yes","Poultry","Good",1438,"Yes","Minor",2022,"Yes",46.4,"Yes","No",3,"No",3.41,6.82,699,4767,964,3803,79.8,"No",NA,"None","No storage",20.3,"Local market",2.8,4.2,"Yes","No","Medium"
"GAHS-F0044","Upper East",10.4984,-0.9281,"Male",46,"JHS",3,31,0.48,"Owned","Cowpea","Yes","Cattle","Moderate",967,"Yes","Minor",2022,"No",0,"No","No",0,"No",2.15,1.03,799,823,190,633,76.8,"No",NA,"None","On-farm store",16.1,"Farmgate",5.1,5.4,"Yes","No","Low"
"GAHS-F0045","Ashanti",6.4731,-1.2048,"Male",46,"None",6,27,2.42,"Owned","Plantain","No","None","Poor",1416,"No","Major",2022,"No",0,"No","No",1,"No",1.34,3.24,5490,17788,1043,16745,94.1,"No",NA,"None","On-farm store",4.5,"Farmgate",11.3,3.4,"Yes","No","Low"
"GAHS-F0046","Northern",9.3567,-0.6062,"Female",49,"SHS",6,27,2.04,"Sharecrop","Groundnut","Yes","Cattle","Good",1087,"Yes","Minor",2022,"No",0,"No","No",1,"No",1.86,3.79,3621,13724,1018,12706,92.6,"No",NA,"None","No storage",15.5,"Farmgate",13.6,5.2,"Yes","No","Low"
"GAHS-F0047","Western North",6.9377,-2.4994,"Male",30,"JHS",6,9,14.2,"Leased","Oil Palm","No","None","Poor",1975,"No","Major",2023,"No",0,"No","No",0,"Yes",2.25,31.95,1387,44315,5913,38402,86.7,"No",NA,"None","On-farm store",38.6,"Local market",5,3.7,"Yes","No","Low"
"GAHS-F0048","Eastern",5.9082,0.0335,"Male",51,"None",7,29,2.5,"Communal","Plantain","No","None","Excellent",1811,"No","Major",2021,"Yes",98.2,"No","Yes",2,"No",2.32,5.8,3145,18241,1661,16580,90.9,"No",NA,"None","Warehouse",27,"Regional market",15.7,3.9,"Yes","No","Medium"
"GAHS-F0049","Upper West",10.5581,-2.5596,"Male",42,"None",3,26,3.06,"Communal","Millet","No","None","Excellent",939,"Yes","Minor",2022,"No",0,"No","No",2,"Yes",2.32,7.1,2544,18062,1371,16691,92.4,"Yes",1142,"Bank","No storage",32.7,"Local market",0.5,3,"Yes","No","Low"
"GAHS-F0050","North East",9.986,-0.094,"Female",40,"Primary",6,21,1.02,"Sharecrop","Maize","No","None","Poor",893,"Yes","Major",2023,"No",0,"No","No",1,"No",2.21,2.25,1535,3454,441,3013,87.2,"No",NA,"None","On-farm store",37.3,"Local market",8.9,3.7,"Yes","No","Low"
"GAHS-F0051","Upper East",10.7396,-0.4796,"Female",51,"Primary",5,32,2.45,"Owned","Groundnut","Yes","Goat/Sheep","Good",1370,"No","Major",2022,"Yes",116.8,"Yes","No",7,"No",3.99,9.78,1788,17487,1534,15953,91.2,"No",NA,"None","No storage",30.1,"Processor",33,5.5,"Yes","No","Medium"
"GAHS-F0052","Bono East",7.6026,-1.4358,"Female",51,"Primary",6,33,4.16,"Owned","Yam","No","None","Poor",631,"No","Major",2022,"No",0,"No","Yes",1,"Yes",2.38,9.9,1090,10791,1714,9077,84.1,"No",NA,"None","On-farm store",14.6,"Farmgate",1.5,4.7,"Yes","No","Medium"
"GAHS-F0053","Bono",8.0608,-2.41,"Female",32,"Tertiary",6,12,2.09,"Owned","Cassava","Yes","Cattle","Poor",993,"No","Minor",2021,"Yes",59.1,"No","Yes",7,"Yes",NA,3.8,1070,4066,1094,2972,73.1,"Yes",615,"MFI","Warehouse",0.6,"Farmgate",6.4,4.6,"Yes","No","High"
"GAHS-F0054","Bono",7.9652,-2.2739,"Female",35,"None",2,20,2.28,"Owned","Maize","No","None","Excellent",912,"No","Minor",2023,"Yes",62.8,"No","Yes",4,"Yes",1.84,4.2,3646,15313,1080,14233,92.9,"No",NA,"None","Warehouse",14.6,"Regional market",4.8,3.9,"Yes","No","High"
"GAHS-F0055","Eastern",6.4606,-0.4192,"Male",49,"SHS",4,31,5.62,"Leased","Plantain","No","None","Excellent",1185,"No","Minor",2023,"Yes",120.6,"No","No",4,"Yes",3.63,20.4,1002,20441,3445,16996,83.1,"Yes",2560,"SACCO","No storage",27.7,"Local market",0.5,4.7,"Yes","No","Medium"
"GAHS-F0056","Bono",7.5005,-2.6321,"Male",48,"JHS",5,33,4.23,"Leased","Yam","Yes","Poultry","Poor",541,"Yes","Major",2021,"No",0,"No","No",0,"Yes",0.22,0.93,1087,1011,1876,-865,-80,"No",NA,"None","On-farm store",11.5,"Regional market",14.7,4,"No","No","Low"
"GAHS-F0057","Eastern",5.907,-0.5245,"Male",44,"Primary",5,27,1,"Leased","Oil Palm","No","None","Excellent",1557,"Yes","Minor",2022,"Yes",117.1,"No","No",3,"Yes",2.3,2.3,3739,8600,502,8098,94.2,"Yes",912,"SACCO","On-farm store",6.6,"Local market",28.5,2.2,"Yes","No","Medium"
"GAHS-F0058","Savannah",9.6175,-1.8739,"Female",53,"None",7,36,0.69,"Sharecrop","Cowpea","Yes","Poultry","Moderate",1064,"No","Minor",2021,"No",0,"No","No",1,"No",1.61,1.11,1369,1520,259,1261,82.9,"No",NA,"None","On-farm store",19,"Regional market",20.3,NA,"Yes","No","Low"
"GAHS-F0059","Ashanti",7.2549,-1.5421,"Male",61,"Primary",1,43,8.26,"Owned","Oil Palm","Yes","Poultry","Poor",1666,"Yes","Minor",2021,"Yes",55.1,"Yes","No",2,"Yes",3.37,27.84,2672,NA,4005,70383,94.6,"No",NA,"None","Rented silo",6.2,"Farmgate",9,2.9,"Yes","No","Medium"
"GAHS-F0060","Eastern",6.0085,-0.448,"Female",49,"SHS",5,34,2,"Owned","Cocoa","No","None","Moderate",1565,"No","Minor",2022,"Yes",36.6,"No","Yes",6,"Yes",2.72,5.44,4239,23060,1182,21878,94.9,"Yes",450,"Moneylender","On-farm store",18.8,"Farmgate",16.6,1.9,"Yes","No","High"
"GAHS-F0061","Volta",7.4497,0.0179,"Female",73,"JHS",2,55,2.11,"Sharecrop","Cassava","No","None","Poor",908,"No","Minor",2023,"Yes",40.4,"No","Yes",0,"Yes",3.94,8.31,663,5510,NA,4163,75.5,"No",NA,"None","On-farm store",15.1,"Processor",2.3,5.2,"Yes","Yes","Medium"
"GAHS-F0062","Bono",7.4267,-1.8255,"Male",26,"JHS",4,10,0.76,"Leased","Cassava","Yes","Cattle","Good",709,"No","Minor",2021,"Yes",20.2,"Yes","No",2,"Yes",1.7,1.29,5538,7144,433,6711,93.9,"No",NA,"None","No storage",6.3,"Farmgate",7,3.8,"Yes","No","Medium"
"GAHS-F0063","Ashanti",6.9378,-2.1893,"Female",38,"None",6,18,2.6,"Sharecrop","Oil Palm","No","None","Moderate",1596,"Yes","Minor",2022,"No",0,"Yes","No",0,"Yes",3.26,8.48,5049,42816,985,41831,95,"No",NA,"None","No storage",18.4,"Local market",9,2.2,"Yes","No","Medium"
"GAHS-F0064","Western",5.512,-2.1427,"Female",45,"JHS",10,30,0.76,"Sharecrop","Cassava","Yes","Mixed","Poor",2157,"No","Minor",2023,"No",0,"No","Yes",2,"No",2.11,1.6,2307,3691,100,3591,95,"No",NA,"None","No storage",18.7,"Regional market",1.5,2.4,"Yes","No","Low"
"GAHS-F0065","Western North",6.575,-2.4041,"Female",38,"None",6,15,NA,"Sharecrop","Oil Palm","Yes","Goat/Sheep","Moderate",1692,"Yes","Major",2023,"Yes",94.9,"No","No",1,"No",1.73,4.57,1855,8477,NA,6875,81.1,"No",NA,"None","On-farm store",21.1,"Local market",18,4.3,"Yes","No","Low"
"GAHS-F0066","Eastern",6.6686,-0.6637,"Male",45,"SHS",6,26,1.47,"Communal","Cocoa","Yes","Poultry","Moderate",1997,"No","Minor",2021,"Yes",137.3,"No","Yes",5,"No",3.78,5.56,747,4153,701,3452,83.1,"No",NA,"None","No storage",19.7,"Regional market",6.4,5.1,"Yes","No","Medium"
"GAHS-F0067","Savannah",8.7803,-1.9748,"Male",45,"JHS",7,24,2.68,"Gift","Maize","Yes","Poultry","Excellent",1011,"No","Major",2022,"Yes",5,"Yes","No",2,"No",NA,7.93,1545,12252,1222,11030,90,"Yes",1797,"Family","On-farm store",18.6,"Cooperative",8.7,3.7,"Yes","No","Medium"
"GAHS-F0068","Volta",6.5631,0.0979,"Male",49,"SHS",7,27,4.39,"Owned","Yam","Yes","Poultry","Moderate",910,"No","Major",2022,"No",0,"Yes","No",4,"No",1.88,8.25,2116,17457,1885,15572,89.2,"Yes",2303,"Moneylender","On-farm store",26.8,"Regional market",3.9,5.2,"Yes","No","Medium"
"GAHS-F0069","Upper East",11.2984,-1.4951,"Female",33,"None",3,17,NA,"Communal","Yam","Yes","Cattle","Poor",800,"Yes","Major",2023,"No",0,"No","Yes",0,"No",3.27,1.99,2095,4169,182,3987,95,"No",NA,"None","No storage",31.7,"Farmgate",25.2,4.5,"Yes","No","Low"
"GAHS-F0070","Upper East",10.5564,-0.7485,"Female",43,"None",8,23,11.64,"Communal","Groundnut","No","None","Excellent",974,"No","Major",2021,"Yes",62.2,"No","No",3,"No",3.51,40.86,1613,65907,5872,60035,91.1,"No",NA,"None","On-farm store",39.7,"Processor",19.2,3.6,"Yes","Yes","Medium"
"GAHS-F0071","North East",10.1909,-0.6558,"Male",56,"Primary",8,43,1.05,"Leased","Yam","No","None","Moderate",662,"Yes","Major",2021,"No",0,"No","Yes",1,"No",2.98,3.13,668,2091,541,1550,74.1,"Yes",788,"MFI","Rented silo",18.5,"Processor",4.9,4.7,"Yes","No","Low"
"GAHS-F0072","Upper East",11.0151,-0.6066,"Male",45,"SHS",9,28,15.89,"Sharecrop","Millet","Yes","Goat/Sheep","Excellent",933,"No","Minor",2022,"Yes",37.6,"No","Yes",3,"No",4.04,64.2,2179,139892,7488,132404,94.6,"Yes",4018,"Family","No storage",20.1,"Farmgate",24.5,5.5,"Yes","No","Medium"
"GAHS-F0073","Northern",9.5729,-0.7752,"Female",63,"Primary",1,42,2.22,"Leased","Maize","Yes","Goat/Sheep","Moderate",760,"No","Minor",2023,"No",0,"No","No",1,"No",2.4,5.33,1542,8219,766,7453,90.7,"No",NA,"None","Rented silo",17.2,"Farmgate",1.6,5.9,"Yes","No","Low"
"GAHS-F0074","Central",4.9596,-1.2834,"Female",63,"JHS",5,45,2.8,"Owned","Cocoa","No","None","Excellent",1597,"Yes","Minor",2023,"No",0,"No","No",4,"No",3.55,9.94,1702,16918,1197,15721,92.9,"No",NA,"None","No storage",6,"Exporter",4.6,3.7,"Yes","No","Low"
"GAHS-F0075","Savannah",8.5012,-1.8027,"Male",45,"JHS",5,25,2.87,"Sharecrop","Groundnut","Yes","Poultry","Excellent",915,"Yes","Major",2022,"Yes",68.3,"No","No",5,"No",2.87,8.24,3258,26846,1831,25015,93.2,"No",NA,"None","No storage",27.6,"Farmgate",3,4,"Yes","No","Medium"
"GAHS-F0076","Bono East",8.3211,-1.7568,"Male",76,"Primary",4,55,2.23,"Owned","Tomato","Yes","Poultry","Poor",1111,"Yes","Minor",2021,"Yes",NA,"No","Yes",2,"No",2.41,5.37,1086,5832,1410,4422,75.8,"No",NA,"None","Rented silo",19.7,"Farmgate",10.5,4.7,"Yes","No","Medium"
"GAHS-F0077","Volta",6.5484,0.2625,"Female",40,"SHS",5,24,NA,"Sharecrop","Cassava","No","None","Moderate",528,"Yes","Minor",2021,"Yes",NA,"No","No",2,"Yes",1.37,2.33,1546,3602,652,2950,81.9,"No",NA,"None","On-farm store",11.9,"Exporter",5.5,5.4,"Yes","No","Medium"
"GAHS-F0078","Upper East",10.2893,-1.0869,"Female",46,"None",7,25,2.79,"Communal","Sorghum","Yes","Mixed","Moderate",1082,"No","Major",2021,"No",0,"No","Yes",3,"No",1.65,4.6,2473,11376,1139,10237,90,"No",NA,"None","No storage",28.6,"Regional market",8.6,4,"Yes","No","Medium"
"GAHS-F0079","Upper West",10.6784,-2.8603,"Female",43,"SHS",3,23,5.66,"Leased","Millet","Yes","Mixed","Moderate",806,"Yes","Major",2022,"No",0,"No","Yes",2,"No",2.06,11.66,1533,17875,2454,15421,86.3,"Yes",1038,"Bank","Warehouse",9.7,"Cooperative",3.1,3.1,"Yes","Yes","Low"
"GAHS-F0080","North East",10.0284,-0.8775,"Female",40,"SHS",3,24,0.64,"Communal","Groundnut","Yes","Poultry","Good",1229,"No","Major",2021,"Yes",137.1,"No","Yes",5,"No",2.74,1.75,4416,7728,270,7458,95,"No",NA,"None","Warehouse",10.3,"Farmgate",47.1,5.3,"Yes","No","Medium"
"GAHS-F0081","Eastern",6.9423,-0.942,"Female",40,"Primary",8,20,6.24,"Leased","Oil Palm","Yes","Poultry","Poor",1513,"No","Minor",2022,"Yes",9.1,"No","Yes",3,"No",2.74,17.1,820,14022,2775,11247,80.2,"No",NA,"None","No storage",10.9,"Exporter",13.1,5.1,"Yes","Yes","Medium"
"GAHS-F0082","Western",5.5438,-1.6923,"Female",46,"SHS",4,24,3.39,"Leased","Plantain","No","None","Moderate",1416,"No","Major",2021,"No",0,"No","No",1,"Yes",2.2,7.46,1282,9564,1221,8343,87.2,"No",NA,"None","On-farm store",NA,"Exporter",NA,5.9,"Yes","No","Low"
"GAHS-F0083","Northern",9.296,-0.2174,"Male",44,"JHS",3,26,2.54,"Owned","Millet","No","None","Poor",577,"Yes","Major",2023,"Yes",95.3,"No","No",2,"No",2.74,6.96,1396,9716,1478,8238,84.8,"Yes",1527,"Family","Warehouse",13.2,"Local market",6.9,3.3,"Yes","No","Low"
"GAHS-F0084","Ahafo",7.1633,-3.0542,"Female",28,"SHS",3,6,1.54,"Leased","Cocoa","No","None","Good",1430,"No","Major",2022,"Yes",114.1,"No","Yes",2,"Yes",2.82,4.34,3550,15407,NA,14507,94.2,"No",NA,"None","On-farm store",15.6,"Regional market",4.9,2.2,"Yes","Yes","Medium"
"GAHS-F0085","Upper West",10.6545,-2.7855,"Female",60,"Primary",5,41,3.12,"Communal","Sorghum","Yes","Pig","Poor",675,"Yes","Major",2022,"Yes",143.6,"Yes","No",2,"No",4.78,14.91,4665,69555,1954,67601,95,"Yes",2107,"MFI","Warehouse",6.7,"Local market",18.3,4.6,"Yes","No","Medium"
"GAHS-F0086","Northern",9.4096,-1.1583,"Male",27,"SHS",7,10,1.23,"Communal","Sorghum","No","None","Good",NA,"No","Minor",2023,"Yes",5,"No","No",6,"Yes",3.5,4.3,1442,6201,NA,5755,92.8,"No",NA,"None","Rented silo",32.7,"Farmgate",18.3,6.2,"Yes","No","Medium"
"GAHS-F0087","Bono East",8.1836,-2.0622,"Male",32,"JHS",3,7,0.4,"Leased","Maize","Yes","Cattle","Poor",1056,"Yes","Minor",2023,"Yes",34.9,"No","Yes",3,"Yes",3,1.2,862,1034,167,867,83.8,"Yes",4985,"SACCO","No storage",21,"Regional market",3.2,4,"Yes","No","High"
"GAHS-F0088","Western North",6.7013,-2.919,"Male",51,"JHS",5,34,4.31,"Owned","Cassava","Yes","Poultry","Excellent",1778,"Yes","Minor",2022,"Yes",53.1,"No","No",4,"Yes",1.48,6.38,1159,7394,2303,5091,68.8,"No",NA,"None","Warehouse",3,"Farmgate",0.5,4.1,"Yes","No","Medium"
"GAHS-F0089","Savannah",9.1511,-2.0513,"Female",27,"None",7,8,1.62,"Leased","Maize","Yes","Poultry","Poor",578,"Yes","Minor",2023,"Yes",112.3,"Yes","No",5,"Yes",3.24,5.25,1356,7119,943,6176,86.7,"No",NA,"None","Rented silo",0,"Regional market",16.3,3.9,"Yes","No","High"
"GAHS-F0090","Bono East",7.5858,-1.4728,"Female",30,"None",5,14,2.46,"Leased","Maize","Yes","Goat/Sheep","Excellent",763,"Yes","Major",2022,"Yes",126.6,"Yes","Yes",3,"No",3.47,8.54,1223,10444,1836,8608,82.4,"Yes",339,"Bank","On-farm store",13.6,"Cooperative",8.1,4.1,"Yes","No","High"
"GAHS-F0091","Bono East",8.4076,-1.3187,"Male",42,"SHS",3,24,1.05,"Owned","Tomato","No","None","Good",NA,"No","Minor",2021,"Yes",99.7,"No","No",6,"No",3.07,3.22,879,2830,417,2413,85.2,"No",NA,"None","No storage",14.5,"Farmgate",12,2.9,"Yes","No","Medium"
"GAHS-F0092","Western",5.6637,-1.9163,"Male",40,"JHS",9,28,16.51,"Sharecrop","Plantain","No","None","Poor",1516,"No","Major",2022,"Yes",113.2,"No","No",0,"Yes",3.23,53.33,1448,77222,9854,67368,87.2,"No",NA,"None","On-farm store",11.2,"Farmgate",4.8,2.4,"Yes","No","Medium"
"GAHS-F0093","Bono East",8.2001,-1.1188,"Female",27,"JHS",7,9,1.66,"Owned","Cassava","Yes","Poultry","Moderate",1017,"No","Minor",2023,"Yes",118.8,"No","No",5,"No",3.82,6.34,1038,6581,1209,5372,81.6,"Yes",5005,"SACCO","Warehouse",0,"Local market",28.7,2.8,"Yes","No","Medium"
"GAHS-F0094","Western",5.3243,-1.4566,"Female",71,"Primary",4,53,11.81,"Gift","Cassava","Yes","Pig","Good",1592,"No","Minor",2022,"Yes",107,"No","No",2,"No",2.05,24.21,932,22564,6892,15672,69.5,"No",NA,"None","On-farm store",14.5,"Processor",5.5,5.2,"Yes","No","Low"
"GAHS-F0095","Bono",7.5657,-2.1352,"Female",66,"JHS",5,48,0.93,"Sharecrop","Rice","Yes","Goat/Sheep","Excellent",841,"No","Major",2022,"Yes",41.5,"No","No",4,"Yes",2.53,2.35,1499,3523,492,3031,86,"No",NA,"None","On-farm store",16.2,"Exporter",9.9,4.6,"Yes","No","Medium"
"GAHS-F0096","Western North",6.8447,-2.0794,"Male",48,"SHS",3,27,4.9,"Owned","Cocoa","No","None","Moderate",1772,"No","Minor",2022,"No",0,"No","No",2,"No",2.03,9.95,1927,19174,1745,17429,90.9,"No",NA,"None","No storage",17.2,"Cooperative",1.8,3.5,"Yes","No","Low"
"GAHS-F0097","Oti",7.5509,0.3437,"Male",60,"SHS",10,45,0.69,"Owned","Maize","Yes","Goat/Sheep","Excellent",695,"No","Major",2021,"Yes",103.8,"No","No",5,"Yes",2.6,1.79,1466,2624,151,2473,94.2,"No",NA,"None","No storage",17.7,"Farmgate",3.7,NA,"Yes","No","Medium"
"GAHS-F0098","Eastern",6.6582,-0.3942,"Female",31,"None",1,11,NA,"Sharecrop","Cassava","No","None","Good",1133,"Yes","Major",2022,"No",0,"No","No",1,"Yes",2.48,1.59,5545,8817,259,8558,95,"No",NA,"None","On-farm store",25.1,"Cooperative",1.7,3.3,"Yes","No","Low"
"GAHS-F0099","Ahafo",7.4333,-3.0129,"Male",25,"Primary",7,12,0.93,"Communal","Maize","No","None","Good",1722,"No","Minor",2022,"Yes",52.2,"No","Yes",0,"Yes",3.14,2.92,2040,5957,235,5722,95,"No",NA,"None","On-farm store",21.8,"Exporter",7.6,2.8,"Yes","Yes","Medium"
"GAHS-F0100","Bono",7.9813,-1.6891,"Female",33,"JHS",9,17,0.69,"Sharecrop","Maize","Yes","Goat/Sheep","Excellent",987,"No","Major",2023,"Yes",60.5,"Yes","Yes",4,"Yes",3.33,2.3,1206,2774,438,2336,84.2,"No",NA,"None","Rented silo",10.1,"Exporter",6.2,3.9,"Yes","Yes","High"
"GAHS-F0101","Oti",8.2353,-0.0356,"Female",32,"SHS",3,17,0.6,"Leased","Cassava","No","None","Moderate",999,"Yes","Minor",2023,"No",0,"No","Yes",2,"No",3.05,1.83,816,1493,345,1148,76.8,"No",NA,"None","No storage",22.9,"Farmgate",3.9,3.8,"Yes","No","Low"
"GAHS-F0102","Eastern",6.4334,-0.5631,"Male",27,"JHS",4,8,1.07,"Sharecrop","Oil Palm","Yes","Poultry","Poor",1575,"No","Minor",2021,"Yes",84.3,"No","No",5,"Yes",1.2,1.28,1992,2550,546,2004,78.6,"No",NA,"None","Warehouse",23.7,"Processor",0.6,6.8,"Yes","No","Medium"
"GAHS-F0103","Ashanti",6.4116,-1.5505,"Female",51,"JHS",2,35,1.72,"Leased","Plantain","No","None","Good",1958,"No","Minor",2021,"No",0,"No","Yes",1,"No",NA,3.3,1439,NA,625,4124,86.8,"No",NA,"None","On-farm store",14.1,"Regional market",11.9,2.7,"Yes","Yes","Low"
"GAHS-F0104","Bono East",7.2992,-1.7268,"Male",45,"JHS",6,22,3.13,"Owned","Maize","No","None","Moderate",NA,"Yes","Minor",2023,"Yes",117.9,"No","Yes",2,"No",2.95,9.23,745,6876,2367,4509,65.6,"Yes",638,"Bank","Rented silo",15.7,"Exporter",7.2,4.5,"Yes","No","Medium"
"GAHS-F0105","Savannah",8.9625,-1.7806,"Male",51,"SHS",6,34,1.86,"Communal","Maize","Yes","Goat/Sheep","Good",807,"Yes","Minor",2022,"Yes",86.9,"No","Yes",0,"No",3.22,5.99,1903,11399,1133,10266,90.1,"No",NA,"None","On-farm store",13.8,"Farmgate",4.8,NA,"Yes","No","Medium"
"GAHS-F0106","Greater Accra",6.0699,0.1022,"Male",36,"SHS",3,19,1.06,"Owned","Rice","No","None","Excellent",800,"Yes","Minor",2021,"Yes",73,"No","No",1,"No",3.18,3.37,1015,NA,391,3030,88.5,"Yes",1361,"Moneylender","Warehouse",2.8,"Processor",16.4,1.9,"Yes","No","Low"
"GAHS-F0107","North East",10.9025,0.0814,"Male",51,"Primary",2,32,2.34,"Communal","Maize","Yes","Poultry","Poor",1411,"Yes","Major",2021,"Yes",33.6,"No","Yes",5,"No",2.11,4.94,5177,25574,1295,24279,94.9,"No",NA,"None","No storage",22.6,"Processor",4.1,6,"Yes","No","Medium"
"GAHS-F0108","Northern",9.4299,-1.2916,"Male",49,"SHS",6,28,4.73,"Owned","Cowpea","Yes","Mixed","Moderate",742,"Yes","Major",2021,"Yes",172.2,"No","No",2,"No",NA,12.91,2062,26620,3169,23451,88.1,"No",NA,"None","No storage",17.2,"Regional market",6.9,4,"Yes","No","Low"
"GAHS-F0109","Eastern",6.0392,-0.4848,"Female",46,"Primary",3,23,0.61,"Leased","Cocoa","Yes","Mixed","Poor",1706,"Yes","Major",2023,"No",0,"No","Yes",0,"No",2.65,1.62,1484,2404,100,2304,95,"No",NA,"None","No storage",19.6,"Farmgate",8,6,"Yes","No","Low"
"GAHS-F0110","Ashanti",7.2422,-2.0877,"Male",23,"Tertiary",6,11,1.32,"Leased","Cocoa","No","None","Moderate",1363,"No","Major",2023,"No",0,"Yes","No",1,"Yes",2.69,3.55,1284,4558,577,3981,87.3,"No",NA,"None","On-farm store",14.5,"Local market",17.9,3.5,"Yes","No","Medium"
"GAHS-F0111","Central",6.0713,-0.5846,"Female",34,"JHS",7,20,4.02,"Leased","Cocoa","Yes","Poultry","Moderate",1613,"No","Minor",2023,"No",0,"No","No",2,"No",1.86,7.48,1105,8265,1558,6707,81.1,"No",NA,"None","No storage",23.2,"Regional market",7.2,3.8,"Yes","No","Low"
"GAHS-F0112","North East",9.9827,-0.6981,"Male",49,"SHS",5,32,2.7,"Leased","Groundnut","No","None","Good",749,"No","Minor",2021,"Yes",38.6,"No","No",4,"Yes",3.13,8.45,736,6219,1330,4889,78.6,"No",NA,"None","On-farm store",25.3,"Farmgate",2.6,3.6,"Yes","No","Medium"
"GAHS-F0113","Western North",6.3382,-2.3355,"Female",62,"None",6,49,0.76,"Owned","Plantain","No","None","Moderate",1563,"No","Major",2022,"No",0,"No","Yes",2,"No",1.96,1.49,2784,4148,NA,3785,91.2,"No",NA,"None","Warehouse",1.7,"Processor",20.7,4.7,"Yes","Yes","Low"
"GAHS-F0114","Bono",7.4338,-2.2378,"Male",25,"SHS",6,8,2.5,"Owned","Maize","Yes","Pig","Poor",980,"No","Major",2022,"Yes",85.3,"No","No",4,"No",NA,7.88,1317,10378,1345,9033,87,"No",NA,"None","No storage",34.8,"Farmgate",8.3,5.6,"Yes","No","Medium"
"GAHS-F0115","Ashanti",7.3102,-1.8914,"Female",23,"Tertiary",7,4,3.42,"Owned","Oil Palm","Yes","Cattle","Poor",1340,"Yes","Minor",2023,"Yes",103.8,"No","Yes",3,"No",2.9,9.92,1157,11477,2072,9405,81.9,"No",NA,"None","No storage",24.5,"Farmgate",7.6,6,"Yes","No","Medium"
"GAHS-F0116","Northern",9.9785,-0.6007,"Female",60,"JHS",3,44,4.2,"Leased","Cowpea","Yes","Poultry","Moderate",946,"Yes","Minor",2022,"Yes",67.5,"Yes","Yes",3,"No",3.46,14.53,895,13004,2126,10878,83.6,"No",NA,"None","On-farm store",11,"Local market",3.2,4.4,"Yes","No","High"
"GAHS-F0117","Western",5.219,-2.2888,"Female",44,"JHS",7,25,2.69,"Owned","Plantain","No","None","Good",1107,"No","Minor",2022,"No",0,"No","Yes",4,"Yes",1.85,4.98,1157,5762,1059,4703,81.6,"No",NA,"None","No storage",32.7,"Processor",27.4,6.8,"Yes","No","Medium"
"GAHS-F0118","North East",11.1542,-0.561,"Female",46,"SHS",2,33,2.55,"Owned","Sorghum","Yes","Goat/Sheep","Good",974,"No","Minor",2023,"No",0,"No","Yes",1,"No",NA,6.91,1072,7408,909,NA,87.7,"Yes",2178,"SACCO","On-farm store",30.4,"Farmgate",NA,3.7,"Yes","No","Low"
"GAHS-F0119","Northern",8.9891,-0.6592,"Male",49,"JHS",4,33,2.32,"Sharecrop","Sorghum","Yes","Cattle","Poor",1160,"Yes","Minor",2022,"No",0,"No","Yes",0,"No",0.86,2,752,1504,811,NA,46,"No",NA,"None","No storage",9.4,"Exporter",2.7,NA,"Yes","No","Low"
"GAHS-F0120","Northern",9.3413,-0.4191,"Male",38,"None",8,19,2.11,"Leased","Sorghum","Yes","Cattle","Good",962,"No","Major",2022,"No",0,"Yes","No",2,"No",2.4,5.06,1023,5176,849,4327,83.6,"No",NA,"None","On-farm store",21.3,"Local market",30.2,4.9,"Yes","No","Low"
"GAHS-F0121","Bono",7.8941,-2.5911,"Male",46,"JHS",4,20,4.09,"Communal","Cassava","Yes","Poultry","Excellent",690,"Yes","Minor",2023,"Yes",144,"No","No",2,"No",2.84,11.62,1630,18941,2629,16312,86.1,"Yes",675,"SACCO","On-farm store",24.2,"Farmgate",5.6,3.8,"Yes","No","Low"
"GAHS-F0122","Northern",9.1059,-0.3927,"Male",66,"None",4,45,1.34,"Communal","Maize","Yes","Mixed","Moderate",948,"No","Major",2021,"No",0,"No","No",3,"No",1.51,2.02,1618,3268,505,2763,84.5,"No",NA,"None","On-farm store",12.9,"Regional market",26.9,6.6,"Yes","No","Low"
"GAHS-F0123","Upper West",10.4263,-1.9486,"Male",45,"Tertiary",5,31,1.32,"Communal","Sorghum","Yes","Poultry","Good",876,"Yes","Minor",2022,"Yes",8.4,"No","No",3,"No",2.58,3.41,835,2847,283,2564,90,"No",NA,"None","On-farm store",NA,"Exporter",1.1,3.9,"Yes","No","Medium"
"GAHS-F0124","Savannah",9.0415,-2.161,"Female",40,"JHS",8,23,1.14,"Leased","Groundnut","Yes","Pig","Poor",714,"Yes","Minor",2023,"Yes",57.8,"Yes","No",4,"No",2.5,2.85,1652,4708,328,4380,93,"Yes",2750,"SACCO","No storage",29.3,"Local market",NA,6.1,"Yes","No","Medium"
"GAHS-F0125","Savannah",9.1701,-1.2693,"Female",61,"None",4,44,3.76,"Communal","Yam","Yes","Poultry","Poor",894,"No","Minor",2021,"Yes",88.7,"No","No",5,"No",3.36,12.63,1385,17493,2013,15480,88.5,"No",NA,"None","On-farm store",8.2,"Farmgate",7.5,4.4,"Yes","No","Medium"
"GAHS-F0126","Ahafo",7.4853,-2.7229,"Female",40,"Tertiary",2,20,7.33,"Leased","Yam","Yes","Goat/Sheep","Moderate",1851,"Yes","Minor",2022,"No",0,"No","No",3,"No",3.42,25.07,608,15243,2774,12469,81.8,"Yes",3316,"MFI","On-farm store",14.9,"Exporter",13.7,4.8,"Yes","No","Low"
"GAHS-F0127","Central",5.3187,-0.5748,"Female",31,"None",9,16,6.15,"Sharecrop","Plantain","Yes","Goat/Sheep","Moderate",1861,"Yes","Major",2021,"No",0,"No","No",0,"No",1.95,11.99,3433,41162,2565,38597,93.8,"No",NA,"None","On-farm store",14.4,"Local market",7.1,4.1,"Yes","No","Low"
"GAHS-F0128","North East",10.3466,-0.8565,"Female",64,"SHS",5,47,4.42,"Gift","Maize","No","None","Moderate",879,"Yes","Minor",2021,"No",0,"No","Yes",1,"Yes",0.53,2.34,819,1916,1692,224,11.7,"No",NA,"None","No storage",36.9,"Cooperative",47.3,6.9,"Yes","No","Medium"
"GAHS-F0129","Eastern",6.6321,-0.846,"Male",38,"Primary",6,23,1.18,"Sharecrop","Plantain","Yes","Poultry","Moderate",1544,"Yes","Minor",2022,"Yes",38.5,"No","Yes",3,"Yes",2.76,3.26,2691,8773,444,8329,94.9,"Yes",2338,"Moneylender","Warehouse",21.4,"Farmgate",0.6,1.8,"Yes","Yes","High"
"GAHS-F0130","Western",4.587,-2.4806,"Male",26,"Primary",3,3,0.43,"Leased","Cocoa","Yes","Poultry","Poor",1423,"No","Major",2022,"No",0,"No","Yes",3,"Yes",2.16,0.93,1426,1326,100,1226,92.4,"No",NA,"None","Rented silo",24.5,"Local market",13.3,5.9,"Yes","No","Medium"
"GAHS-F0131","Savannah",9.1398,-1.6569,"Female",44,"Primary",3,27,2.61,"Leased","Cowpea","Yes","Goat/Sheep","Good",NA,"Yes","Minor",2021,"Yes",NA,"No","No",1,"No",3.47,9.06,2350,21291,1180,20111,94.5,"No",NA,"None","On-farm store",14.1,"Regional market",9.5,3.7,"Yes","No","Low"
"GAHS-F0132","Western North",6.5918,-2.2319,"Male",48,"None",7,27,4.87,"Leased","Maize","Yes","Pig","Moderate",1766,"Yes","Minor",2022,"Yes",89.1,"No","No",2,"No",2.88,14.03,984,13806,2834,10972,79.5,"No",NA,"None","On-farm store",9.4,"Local market",1.7,5.5,"Yes","No","Low"
"GAHS-F0133","Upper West",9.6867,-2.3884,"Male",61,"JHS",7,40,4.54,"Gift","Sorghum","No","None","Moderate",1007,"Yes","Minor",2022,"No",0,"No","No",2,"No",2.15,9.76,1610,15714,2039,13675,87,"Yes",4805,"MFI","Rented silo",26.3,"Regional market",2.2,2.8,"Yes","Yes","Low"
"GAHS-F0134","Western",5.7508,-2.4151,"Female",50,"JHS",5,32,NA,"Owned","Plantain","Yes","Cattle","Good",1779,"No","Major",2021,"Yes",86.6,"Yes","No",4,"No",3.32,1.36,5757,7830,100,7730,95,"Yes",1092,"SACCO","On-farm store",17.6,"Local market",14.2,5.8,"Yes","No","Medium"
"GAHS-F0135","Bono East",7.8153,-1.3064,"Male",43,"None",2,24,2.96,"Gift","Rice","Yes","Poultry","Excellent",858,"No","Major",2022,"Yes",126.6,"No","No",2,"No",0.98,2.9,2291,6644,1830,4814,72.4,"No",NA,"None","No storage",29,"Processor",12.5,2.9,"Yes","No","Low"
"GAHS-F0136","Central",5.3655,-1.6881,"Male",53,"JHS",2,33,0.94,"Leased","Cocoa","Yes","Goat/Sheep","Excellent",2039,"No","Minor",2021,"No",0,"Yes","No",1,"No",1.92,1.8,1252,2254,395,1859,82.4,"No",NA,"None","No storage",23.5,"Farmgate",17.3,5.4,"Yes","No","Low"
"GAHS-F0137","Upper East",10.5483,-1.3945,"Male",64,"JHS",2,46,9.25,"Communal","Millet","Yes","Pig","Good",854,"Yes","Minor",2022,"Yes",74.2,"No","No",3,"Yes",3.24,29.97,820,24575,4589,19986,81.3,"No",NA,"None","No storage",33.3,"Farmgate",18.9,5.7,"Yes","No","Medium"
"GAHS-F0138","Upper East",11.3322,-1.1134,"Male",58,"JHS",4,44,0.83,"Gift","Yam","No","None","Moderate",791,"Yes","Major",2022,"Yes",92,"Yes","Yes",2,"Yes",3.06,2.54,1907,4844,NA,4617,95,"No",NA,"None","Warehouse",7.7,"Regional market",6.1,3,"Yes","Yes","High"
"GAHS-F0139","Eastern",5.9645,-0.2367,"Female",41,"Primary",6,27,0.97,"Owned","Oil Palm","No","None","Poor",1639,"Yes","Major",2022,"No",NA,"No","No",1,"No",1.95,1.89,5782,10928,562,10366,94.8,"Yes",1982,"SACCO","On-farm store",5.8,"Regional market",NA,5.2,"Yes","No","Low"
"GAHS-F0140","Upper East",11.0569,-0.773,"Male",49,"SHS",7,33,8.37,"Communal","Sorghum","No","None","Poor",685,"Yes","Minor",2023,"Yes",113.8,"No","Yes",6,"Yes",4.13,34.57,1310,45287,5030,40257,88.9,"No",NA,"None","On-farm store",29.9,"Farmgate",NA,4.8,"Yes","No","High"
"GAHS-F0141","Ashanti",7.0112,-1.7692,"Female",41,"JHS",6,25,3.33,"Leased","Cocoa","Yes","Goat/Sheep","Excellent",1550,"No","Major",2022,"Yes",84.8,"No","No",3,"No",1.11,3.7,840,3108,1874,1234,39.7,"No",NA,"None","On-farm store",15.6,"Processor",4.9,6.7,"Yes","No","Medium"
"GAHS-F0142","Northern",9.6148,-0.3606,"Male",58,"JHS",1,38,5.17,"Leased","Maize","No","None","Good",892,"Yes","Major",2022,"No",0,"Yes","No",0,"Yes",3.21,16.6,3494,NA,2103,55897,95,"No",NA,"None","On-farm store",16.3,"Regional market",1.8,5,"Yes","Yes","Medium"
"GAHS-F0143","Bono East",7.9396,-2.0252,"Male",54,"Tertiary",9,36,4.95,"Sharecrop","Tomato","No","None","Poor",788,"No","Major",2023,"No",0,"Yes","No",3,"No",3.24,16.04,779,12495,2086,10409,83.3,"No",NA,"None","Warehouse",9.5,"Regional market",20.1,4.9,"Yes","No","Medium"
"GAHS-F0144","Northern",9.2458,-0.2079,"Male",45,"JHS",1,21,NA,"Sharecrop","Yam","No","None","Excellent",1149,"Yes","Major",2022,"No",0,"No","No",0,"No",1.78,20.1,3363,67596,4649,62947,93.1,"Yes",1048,"Moneylender","On-farm store",17.2,"Regional market",23.1,4.8,"Yes","No","Low"
"GAHS-F0145","Volta",7.0132,1.1168,"Female",50,"None",2,34,1.44,"Owned","Maize","Yes","Cattle","Moderate",1041,"Yes","Major",2023,"No",0,"Yes","Yes",1,"Yes",1.68,2.42,3232,7821,536,7285,93.1,"Yes",817,"MFI","On-farm store",13.2,"Processor",0.8,3.5,"Yes","No","Medium"
"GAHS-F0146","Upper West",10.0114,-2.9229,"Female",62,"Primary",1,45,2.46,"Owned","Groundnut","Yes","Pig","Poor",1102,"Yes","Minor",2023,"No",0,"Yes","Yes",2,"No",2.72,6.69,4144,27723,946,26777,95,"No",NA,"None","No storage",23,"Local market",NA,5,"Yes","No","Medium"
"GAHS-F0147","Volta",7.5068,0.1218,"Female",48,"None",9,31,3.5,"Sharecrop","Maize","No","None","Good",1060,"No","Major",2022,"Yes",30.6,"No","No",4,"No",2.61,9.13,870,7943,1843,6100,76.8,"No",NA,"None","On-farm store",31.6,"Farmgate",2.9,6.2,"Yes","Yes","Medium"
"GAHS-F0148","Bono",7.5012,-2.2946,"Male",55,"SHS",1,39,1.36,"Sharecrop","Cassava","No","None","Poor",1040,"Yes","Minor",2023,"No",0,"No","Yes",0,"No",2.32,3.16,1157,3656,743,2913,79.7,"Yes",1745,"MFI","No storage",33.1,"Regional market",9.1,4,"Yes","No","Low"
"GAHS-F0149","Central",5.8112,-0.8649,"Male",43,"Primary",8,20,1.02,"Owned","Cocoa","Yes","Cattle","Good",1486,"No","Major",2022,"No",0,"Yes","No",1,"No",1.67,1.7,1407,2392,566,NA,76.3,"Yes",934,"Bank","On-farm store",26.8,"Processor",5.4,5.7,"Yes","No","Low"
"GAHS-F0150","Northern",8.9847,-1.283,"Male",41,"SHS",8,24,2.52,"Owned","Groundnut","No","None","Good",963,"No","Major",2022,"Yes",111,"No","Yes",4,"No",5.35,13.48,853,11498,1684,NA,85.3,"No",NA,"None","Warehouse",NA,"Farmgate",33.2,4.5,"Yes","No","Medium"
"GAHS-F0151","Central",5.5091,-1.5554,"Male",60,"JHS",5,41,NA,"Leased","Cocoa","Yes","Poultry","Poor",1104,"Yes","Minor",2023,"No",0,"No","No",1,"No",1.96,3.18,777,2471,819,1652,66.8,"No",NA,"None","On-farm store",23.6,"Local market",10.8,4.5,"Yes","No","Low"
"GAHS-F0152","Savannah",9.6337,-1.4155,"Male",48,"SHS",7,27,2.18,"Communal","Yam","Yes","Goat/Sheep","Excellent",NA,"No","Minor",2021,"No",0,"No","Yes",0,"Yes",1.66,3.62,1666,6031,792,NA,86.9,"No",NA,"None","Warehouse",14,"Farmgate",7.3,4.4,"Yes","No","Medium"
"GAHS-F0153","Oti",7.5914,-0.0302,"Male",51,"Tertiary",11,28,10.82,"Gift","Yam","No","None","Poor",805,"No","Minor",2023,"Yes",99.2,"No","No",1,"No",3.52,38.09,1777,67686,5975,NA,91.2,"No",NA,"None","Rented silo",9,"Farmgate",25,5.2,"Yes","No","Low"
"GAHS-F0154","Ashanti",6.583,-1.8244,"Female",52,"None",6,29,0.97,"Leased","Cassava","No","None","Good",1534,"No","Major",2021,"Yes",109.8,"No","Yes",1,"Yes",NA,3.35,1449,4854,615,4239,87.3,"No",NA,"None","Warehouse",13.8,"Local market",3.7,3.2,"Yes","No","Medium"
"GAHS-F0155","Eastern",6.1295,-0.5699,"Female",22,"SHS",9,5,2.62,"Leased","Oil Palm","No","None","Moderate",1851,"No","Minor",2022,"No",0,"No","Yes",2,"No",2.24,5.87,1196,NA,1093,5928,84.4,"No",NA,"None","No storage",18.5,"Local market",NA,6.2,"Yes","No","Low"
"GAHS-F0156","Western",4.82,-2.5677,"Male",54,"JHS",3,33,5.48,"Leased","Cassava","Yes","Pig","Good",1387,"Yes","Minor",2022,"No",0,"Yes","No",3,"No",2.93,16.06,2583,41483,1934,39549,95,"No",NA,"None","No storage",10.2,"Regional market",6.1,2,"Yes","No","Medium"
"GAHS-F0157","Volta",6.6394,0.0877,"Male",56,"Primary",5,32,3.47,"Leased","Pepper","Yes","Goat/Sheep","Good",910,"No","Minor",2022,"No",0,"Yes","No",0,"No",2.13,7.39,728,5380,1382,3998,74.3,"No",NA,"None","On-farm store",NA,"Farmgate",2.3,3.1,"Yes","No","Low"
"GAHS-F0158","Upper East",10.2921,-0.7622,"Male",47,"Primary",7,25,2,"Communal","Groundnut","No","None","Good",748,"No","Minor",2022,"Yes",5,"Yes","No",3,"No",2.73,5.46,4648,25378,1118,24260,95,"Yes",774,"SACCO","No storage",26.9,"Cooperative",2.3,4.1,"Yes","No","Medium"
"GAHS-F0159","Bono East",7.5104,-0.9599,"Female",22,"Tertiary",5,5,1.77,"Owned","Maize","Yes","Pig","Moderate",1138,"No","Major",2022,"Yes",73.9,"No","No",2,"No",1.61,2.85,4717,13443,1074,12369,92,"No",NA,"None","Rented silo",4,"Exporter",2.3,6.8,"Yes","No","Low"
"GAHS-F0160","Ashanti",6.9307,-1.1947,"Female",64,"SHS",8,49,1.45,"Owned","Plantain","No","None","Moderate",1712,"Yes","Minor",2022,"No",0,"No","No",3,"No",3.14,4.55,818,3722,415,3307,88.8,"No",NA,"None","On-farm store",27.6,"Regional market",9.5,6,"Yes","No","Low"
"GAHS-F0161","Savannah",8.9308,-1.9505,"Female",39,"Primary",5,18,1.27,"Sharecrop","Groundnut","Yes","Goat/Sheep","Good",964,"Yes","Minor",2021,"Yes",57.8,"No","Yes",2,"Yes",3.48,4.42,1333,5892,672,5220,88.6,"No",NA,"None","Warehouse",16.8,"Farmgate",4.8,4.4,"Yes","No","Medium"
"GAHS-F0162","Savannah",9.651,-1.9301,"Female",27,"SHS",3,11,4.17,"Communal","Groundnut","Yes","Poultry","Excellent",913,"No","Minor",2022,"No",0,"No","Yes",2,"No",2.83,11.8,6452,76134,1738,74396,95,"Yes",2242,"SACCO","No storage",26.5,"Local market",24.3,3.7,"Yes","No","Low"
"GAHS-F0163","Volta",7.2478,0.3147,"Male",28,"None",8,12,0.76,"Gift","Rice","Yes","Poultry","Excellent",854,"Yes","Minor",2022,"No",0,"No","Yes",0,"No",4.33,3.29,2118,6968,255,6713,95,"No",NA,"None","On-farm store",9.7,"Regional market",2.1,4.8,"Yes","No","Low"
"GAHS-F0164","Bono",8.2306,-2.8038,"Female",67,"None",3,48,1.53,"Sharecrop","Tomato","No","None","Good",747,"No","Minor",2021,"No",0,"No","No",2,"No",2.5,3.83,654,2505,459,NA,81.6,"Yes",2645,"SACCO","On-farm store",18.3,"Processor",14.9,3.5,"Yes","No","Low"
"GAHS-F0165","Bono",8.1407,-2.6986,"Male",42,"Primary",9,25,2.4,"Gift","Maize","No","None","Poor",655,"No","Minor",2023,"No",0,"Yes","No",2,"Yes",2.81,6.74,3703,24958,625,24333,95,"No",NA,"None","No storage",18.5,"Regional market",15.3,4.1,"Yes","Yes","Medium"
"GAHS-F0166","Volta",6.5422,-0.1103,"Female",54,"Primary",5,39,1.11,"Gift","Tomato","Yes","Poultry","Poor",1214,"No","Minor",2021,"Yes",118.5,"Yes","No",0,"No",3.82,4.24,1311,NA,NA,4970,89.4,"No",NA,"None","No storage",25.6,"Regional market",1.4,6.5,"Yes","No","Medium"
"GAHS-F0167","Bono",7.3863,-2.7059,"Male",51,"Primary",4,32,1.61,"Leased","Maize","No","None","Excellent",1161,"No","Major",2023,"No",0,"No","Yes",2,"Yes",2,3.22,689,2219,530,1689,76.1,"No",NA,"None","No storage",29.2,"Regional market",3,4.2,"Yes","Yes","Medium"
"GAHS-F0168","Western North",6.9274,-2.75,"Female",39,"JHS",6,26,3.18,"Owned","Cocoa","Yes","Poultry","Poor",1695,"Yes","Major",2023,"Yes",110.3,"Yes","Yes",2,"Yes",3.19,10.14,830,8416,1921,6495,77.2,"No",NA,"None","Rented silo",9.2,"Farmgate",1.2,3.8,"Yes","No","High"
"GAHS-F0169","Upper East",11.3898,-1.2498,"Male",61,"SHS",5,41,2.5,"Sharecrop","Maize","No","None","Excellent",793,"Yes","Major",2022,"No",0,"Yes","No",2,"No",3.2,8,842,6736,726,6010,89.2,"Yes",775,"Family","No storage",23.6,"Local market",14.9,5.4,"Yes","No","Low"
"GAHS-F0170","Upper West",10.7735,-2.6778,"Male",54,"Tertiary",8,36,39.3,"Leased","Groundnut","Yes","Mixed","Moderate",NA,"No","Minor",2022,"No",NA,"No","No",3,"Yes",5.06,198.86,838,166645,15810,150835,90.5,"Yes",4038,"SACCO","No storage",22.9,"Regional market",10.9,3.5,"Yes","Yes","Medium"
"GAHS-F0171","Upper West",9.6669,-2.8392,"Female",49,"None",6,30,2.45,"Sharecrop","Groundnut","No","None","Moderate",949,"No","Major",2022,"No",0,"No","No",2,"No",3.27,8.01,837,6704,1024,5680,84.7,"Yes",6858,"MFI","No storage",20.4,"Regional market",7.2,NA,"Yes","No","Low"
"GAHS-F0172","Savannah",8.8664,-1.6848,"Male",28,"None",1,11,0.76,"Communal","Maize","Yes","Cattle","Moderate",NA,"Yes","Major",2022,"Yes",67.7,"No","No",0,"Yes",2.04,1.55,752,1166,310,856,73.4,"No",NA,"None","No storage",35.9,"Processor",11.7,6,"Yes","Yes","Medium"
"GAHS-F0173","Greater Accra",5.7927,-0.1762,"Male",35,"None",4,21,0.78,"Owned","Rice","Yes","Poultry","Excellent",836,"Yes","Minor",2021,"Yes",125.8,"No","No",4,"No",3.93,3.07,1266,3887,346,3541,91.1,"No",NA,"None","On-farm store",27.4,"Regional market",9.7,3,"Yes","No","Medium"
"GAHS-F0174","Upper East",10.1633,-0.6251,"Male",45,"SHS",3,30,22.73,"Sharecrop","Sorghum","No","None","Moderate",840,"Yes","Minor",2023,"Yes",94.9,"Yes","No",5,"No",2.01,45.69,863,39430,12930,26500,67.2,"No",NA,"None","No storage",26.5,"Local market",0.9,3.3,"Yes","No","Medium"
"GAHS-F0175","Savannah",9.5948,-1.9209,"Female",35,"SHS",5,16,2.02,"Communal","Sorghum","Yes","Goat/Sheep","Moderate",1227,"Yes","Major",2023,"No",0,"No","Yes",1,"No",0.89,1.8,3649,6568,665,5903,89.9,"Yes",495,"MFI","Rented silo",3.3,"Local market",88.2,4.1,"Yes","No","Low"
"GAHS-F0176","Ahafo",6.3175,-2.7065,"Female",43,"Primary",4,27,0.87,"Owned","Cassava","No","None","Moderate",1734,"No","Major",2022,"No",0,"Yes","Yes",2,"No",3.43,2.98,1003,2989,355,2634,88.1,"No",NA,"None","On-farm store",6.1,"Processor",1.9,4.9,"Yes","No","Medium"
"GAHS-F0177","Eastern",6.5375,-1.0986,"Female",54,"Primary",7,38,2.75,"Owned","Plantain","Yes","Goat/Sheep","Moderate",1706,"No","Major",2023,"Yes",80.6,"No","No",3,"No",2.47,6.79,1601,10871,1611,9260,85.2,"No",NA,"None","On-farm store",29.7,"Farmgate",1.5,4,"Yes","No","Medium"
"GAHS-F0178","Eastern",6.6498,-0.0929,"Female",53,"JHS",4,34,8.49,"Owned","Oil Palm","No","None","Good",1947,"No","Minor",2023,"Yes",NA,"No","No",4,"No",3.29,27.93,3312,NA,3629,88875,95,"No",NA,"None","On-farm store",19.2,"Exporter",14.2,5,"Yes","No","Medium"
"GAHS-F0179","Ahafo",6.6055,-2.6434,"Female",49,"Primary",7,27,10.4,"Owned","Cocoa","Yes","Pig","Good",1312,"No","Major",2021,"Yes",115,"No","Yes",1,"No",0.5,5.2,1486,7727,6282,1445,18.7,"Yes",4575,"MFI","On-farm store",8.2,"Local market",25,3,"Yes","No","Medium"
"GAHS-F0180","Eastern",6.9439,-0.1333,"Female",55,"JHS",4,36,1.4,"Owned","Cocoa","Yes","Poultry","Good",1213,"No","Major",2021,"Yes",101.1,"Yes","No",3,"No",4.04,5.66,1356,7675,798,6877,89.6,"Yes",2170,"Moneylender","No storage",20.3,"Local market",4.2,2.5,"Yes","Yes","Medium"
"GAHS-F0181","Bono",7.6529,-1.9928,"Female",52,"None",5,32,1.43,"Owned","Tomato","Yes","Pig","Good",1134,"Yes","Minor",2022,"No",0,"No","No",0,"No",2.13,3.05,1432,4368,572,3796,86.9,"No",NA,"None","On-farm store",22.1,"Local market",0.7,NA,"Yes","No","Low"
"GAHS-F0182","Western North",5.8678,-2.2425,"Female",58,"None",9,43,NA,"Sharecrop","Cocoa","Yes","Mixed","Moderate",1403,"No","Major",2023,"Yes",56.5,"No","No",2,"Yes",NA,6.96,694,4830,1090,3740,77.4,"Yes",1105,"MFI","No storage",16.5,"Processor",1.8,5.7,"Yes","Yes","Medium"
"GAHS-F0183","Western North",5.8252,-2.7664,"Male",57,"JHS",4,32,2.08,"Sharecrop","Cocoa","Yes","Pig","Poor",1589,"No","Minor",2023,"No",0,"No","No",0,"No",1.82,3.79,1913,7250,923,6327,87.3,"Yes",2790,"Bank","Rented silo",15.7,"Regional market",1.9,3.7,"Yes","No","Low"
"GAHS-F0184","Upper West",9.8368,-3.0447,"Male",61,"JHS",8,43,3.49,"Owned","Maize","Yes","Goat/Sheep","Moderate",1145,"Yes","Minor",2021,"Yes",54.2,"No","Yes",2,"No",3.44,12.01,1586,19048,1472,17576,92.3,"No",NA,"None","On-farm store",12.1,"Farmgate",3.8,2.5,"Yes","No","Medium"
"GAHS-F0185","Savannah",8.5198,-2.0598,"Male",58,"SHS",9,42,1.21,"Sharecrop","Groundnut","Yes","Poultry","Excellent",1131,"No","Minor",2022,"No",0,"No","Yes",3,"No",2.79,3.38,4418,14933,631,14302,95,"No",NA,"None","No storage",12.9,"Processor",5.3,2.2,"Yes","No","Medium"
"GAHS-F0186","Northern",9.1559,-0.1913,"Female",52,"JHS",4,40,4.41,"Communal","Millet","Yes","Poultry","Good",1173,"No","Minor",2021,"No",0,"No","No",2,"No",1.65,7.28,2566,18680,1701,16979,90.9,"No",NA,"None","On-farm store",NA,"Farmgate",NA,4.9,"Yes","No","Low"
"GAHS-F0187","Bono",7.2781,-2.7486,"Female",39,"None",4,24,2.21,"Leased","Maize","No","None","Good",1148,"No","Major",2023,"Yes",62.1,"Yes","Yes",2,"No",3.72,8.22,1180,9700,1023,8677,89.4,"No",NA,"None","On-farm store",33.6,"Cooperative",4.9,4.3,"Yes","No","Medium"
"GAHS-F0188","Volta",7.5761,0.2353,"Male",72,"Primary",9,53,2.39,"Owned","Cassava","Yes","Mixed","Moderate",812,"Yes","Minor",2021,"No",0,"Yes","No",2,"No",1.65,3.94,1294,5098,830,4268,83.7,"No",NA,"None","On-farm store",6.5,"Processor",13.3,5.5,"Yes","No","Low"
"GAHS-F0189","Ahafo",6.3642,-2.8852,"Female",38,"Primary",7,18,1.04,"Owned","Cocoa","Yes","Goat/Sheep","Poor",1644,"Yes","Major",2022,"Yes",58,"No","No",4,"Yes",2.69,2.8,5321,14899,NA,14566,95,"Yes",455,"Moneylender","On-farm store",6.5,"Local market",3,1.3,"Yes","Yes","Medium"
"GAHS-F0190","Ashanti",6.8565,-1.853,"Female",36,"SHS",5,17,NA,"Leased","Oil Palm","Yes","Cattle","Moderate",1269,"No","Major",2022,"No",0,"No","No",3,"No",3.02,7.16,5328,NA,787,37361,95,"No",NA,"None","On-farm store",24.4,"Farmgate",5.2,2.8,"Yes","No","Low"
"GAHS-F0191","Western North",6.5155,-3.3393,"Male",25,"JHS",5,9,1.06,"Communal","Yam","No","None","Moderate",1299,"No","Major",2022,"Yes",149,"Yes","No",2,"No",3.71,3.93,995,3910,883,3027,77.4,"No",NA,"None","Warehouse",25,"Farmgate",5.2,2.4,"Yes","No","Medium"
"GAHS-F0192","Ashanti",7.0946,-1.6017,"Male",29,"JHS",7,8,0.59,"Sharecrop","Cocoa","No","None","Poor",1498,"No","Major",2022,"No",0,"No","Yes",1,"No",2.3,1.36,2543,3458,140,3318,95,"No",NA,"None","On-farm store",19.3,"Farmgate",NA,3.5,"Yes","No","Low"
"GAHS-F0193","Northern",9.6779,-0.8745,"Male",35,"SHS",9,13,1.33,"Communal","Millet","Yes","Poultry","Moderate",1004,"No","Minor",2021,"No",0,"No","No",1,"No",1.31,1.74,713,1241,572,669,53.9,"No",NA,"None","No storage",29.4,"Local market",62,5,"Yes","No","Low"
"GAHS-F0194","Oti",8.3333,-0.3431,"Female",45,"JHS",6,24,6.16,"Owned","Cassava","Yes","Mixed","Excellent",910,"No","Major",2021,"Yes",43.9,"No","Yes",1,"No",3.57,21.99,1153,25354,3081,22273,87.8,"No",NA,"None","On-farm store",0.4,"Local market",4.1,2.5,"Yes","No","Medium"
"GAHS-F0195","Upper West",10.3439,-2.6111,"Male",44,"Primary",7,23,2.49,"Owned","Maize","Yes","Pig","Poor",881,"Yes","Major",2021,"Yes",63.9,"Yes","Yes",3,"No",2.3,5.73,1213,6950,1254,5696,81.9,"No",NA,"None","Rented silo",8.1,"Regional market",15.9,5.5,"Yes","Yes","High"
"GAHS-F0196","Volta",6.6541,0.1853,"Male",47,"SHS",9,25,1.93,"Leased","Tomato","No","None","Moderate",816,"Yes","Minor",2022,"Yes",87.8,"Yes","No",4,"Yes",4.66,8.99,1101,9898,1214,8684,87.7,"No",NA,"None","On-farm store",9.3,"Regional market",3.2,NA,"Yes","No","High"
"GAHS-F0197","Western",4.6244,-1.9306,"Female",64,"Primary",7,47,5.87,"Owned","Maize","Yes","Mixed","Good",1603,"No","Minor",2021,"Yes",51.3,"Yes","No",6,"Yes",3.21,18.84,4991,94030,3191,90839,95,"No",NA,"None","Rented silo",21.7,"Farmgate",22.7,3.7,"Yes","No","High"
"GAHS-F0198","Upper East",10.304,-1.3355,"Male",47,"SHS",7,31,2.04,"Owned","Maize","Yes","Cattle","Good",828,"No","Major",2023,"Yes",13.5,"No","Yes",6,"Yes",2.67,5.45,771,4202,734,3468,82.5,"Yes",7488,"SACCO","No storage",20.6,"Cooperative",33.9,3.5,"Yes","Yes","High"
"GAHS-F0199","Bono",7.1267,-2.2518,"Male",65,"JHS",4,49,5,"Communal","Yam","No","None","Good",712,"Yes","Minor",2023,"Yes",78.1,"No","No",4,"Yes",2.36,11.8,1528,18030,2723,15307,84.9,"No",NA,"None","No storage",21.3,"Local market",4.3,6.6,"Yes","No","Medium"
"GAHS-F0200","North East",10.4121,-0.4599,"Male",47,"JHS",5,30,2.71,"Sharecrop","Sorghum","No","None","Moderate",1111,"Yes","Major",2022,"No",0,"No","Yes",0,"No",2.99,8.1,2314,NA,1032,17711,94.5,"Yes",7941,"Bank","On-farm store",23.5,"Local market",38.9,3.4,"Yes","No","Low"
"GAHS-F0201","Upper East",10.8803,-0.957,"Male",27,"JHS",5,15,5.98,"Communal","Groundnut","Yes","Poultry","Moderate",791,"No","Major",2023,"No",0,"Yes","No",1,"Yes",2.29,13.69,1252,NA,2234,14906,87,"Yes",5071,"SACCO","No storage",19.3,"Local market",1.4,4.8,"Yes","No","Medium"
"GAHS-F0202","Greater Accra",5.9101,0.2078,"Male",37,"None",1,21,7.76,"Owned","Maize","Yes","Poultry","Poor",NA,"No","Minor",2022,"No",0,"Yes","No",1,"No",NA,26,1434,37284,3169,34115,91.5,"No",NA,"None","No storage",13.7,"Farmgate",21,3.4,"Yes","Yes","Low"
"GAHS-F0203","Western",5.1041,-2.5199,"Female",30,"JHS",6,9,1.58,"Leased","Maize","No","None","Excellent",1620,"Yes","Minor",2021,"Yes",82.2,"No","Yes",2,"No",1.14,1.8,1552,2794,915,1879,67.2,"Yes",3678,"Bank","On-farm store",14.6,"Local market",1.6,3.9,"Yes","No","Medium"
"GAHS-F0204","Upper West",10.2183,-2.0013,"Male",38,"Primary",4,19,12.36,"Owned","Cowpea","No","None","Moderate",1267,"Yes","Minor",2023,"Yes",114.9,"No","Yes",1,"No",3.03,37.45,1322,49509,7539,41970,84.8,"Yes",1885,"MFI","No storage",25.4,"Local market",24.3,1.6,"Yes","Yes","Medium"
"GAHS-F0205","Savannah",8.5257,-1.1721,"Male",40,"Primary",7,24,3.83,"Owned","Groundnut","No","None","Excellent",993,"No","Major",2021,"Yes",NA,"No","No",2,"No",3.44,13.18,1157,15249,1916,13333,87.4,"No",NA,"None","No storage",21.7,"Cooperative",3,4.3,"Yes","No","Low"
"GAHS-F0206","Upper West",10.726,-1.9784,"Male",52,"Primary",9,33,0.94,"Owned","Millet","Yes","Goat/Sheep","Excellent",1056,"Yes","Major",2023,"No",0,"No","No",1,"No",0.39,0.37,1763,652,NA,461,70.6,"No",NA,"None","On-farm store",16.3,"Regional market",6.5,4.1,"Yes","No","Low"
"GAHS-F0207","Western North",6.3426,-2.1009,"Male",38,"SHS",7,17,0.51,"Owned","Plantain","No","None","Poor",1955,"No","Minor",2023,"No",0,"No","No",4,"No",1.88,0.96,1655,1589,126,1463,92,"No",NA,"None","No storage",23,"Farmgate",11.8,3.5,"Yes","No","Low"
"GAHS-F0208","Upper East",10.1651,-0.734,"Male",56,"None",7,32,3.23,"Gift","Yam","No","None","Excellent",820,"Yes","Minor",2022,"Yes",100.5,"No","No",0,"Yes",2.35,7.59,3789,28759,2027,26732,92.9,"No",NA,"None","No storage",34.7,"Farmgate",22.6,5.7,"Yes","No","Medium"
"GAHS-F0209","Upper West",10.4007,-2.1887,"Female",48,"Tertiary",6,32,0.48,"Sharecrop","Maize","Yes","Cattle","Poor",899,"Yes","Minor",2021,"Yes",17.5,"No","Yes",4,"No",3.48,1.67,1017,1698,405,1293,76.1,"No",NA,"None","No storage",23.5,"Local market",5.9,7.8,"Yes","Yes","Medium"
"GAHS-F0210","Upper West",9.865,-2.3291,"Male",50,"SHS",4,29,7.27,"Leased","Cowpea","Yes","Cattle","Good",1108,"No","Major",2023,"No",0,"No","Yes",3,"No",1.62,11.78,727,8564,2903,5661,66.1,"No",NA,"None","No storage",NA,"Cooperative",16,3.4,"Yes","No","Medium"
"GAHS-F0211","Ahafo",7.2079,-1.99,"Female",42,"None",6,20,4.93,"Communal","Cocoa","Yes","Goat/Sheep","Excellent",1682,"No","Minor",2022,"No",0,"Yes","No",0,"No",2.48,12.23,2291,28019,2154,25865,92.3,"No",NA,"None","On-farm store",19.8,"Cooperative",33.9,1.7,"Yes","No","Low"
"GAHS-F0212","Western",5.2504,-1.8705,"Male",41,"Tertiary",8,22,5.62,"Leased","Cassava","No","None","Moderate",1496,"Yes","Major",2022,"No",0,"No","Yes",2,"No",2.45,13.77,872,12007,2315,9692,80.7,"No",NA,"None","On-farm store",11.3,"Cooperative",9,4.7,"Yes","No","Low"
"GAHS-F0213","Savannah",9.3409,-1.5292,"Male",52,"None",3,38,9.38,"Sharecrop","Maize","Yes","Goat/Sheep","Excellent",1255,"Yes","Minor",2022,"No",0,"No","No",2,"No",NA,24.29,4324,105030,3658,101372,95,"Yes",1326,"SACCO","On-farm store",22.6,"Farmgate",59.8,3.5,"Yes","No","Low"
"GAHS-F0214","Bono",7.0441,-2.9452,"Female",29,"None",7,6,1.06,"Leased","Maize","Yes","Pig","Good",797,"Yes","Minor",2023,"Yes",118.5,"Yes","No",2,"No",3.14,3.33,762,2537,561,1976,77.9,"Yes",316,"Family","On-farm store",18.4,"Cooperative",0.5,5.3,"Yes","No","Medium"
"GAHS-F0215","Upper East",11.2732,-0.2789,"Female",55,"SHS",5,36,4.4,"Owned","Groundnut","No","None","Moderate",761,"No","Major",2021,"No",0,"No","No",1,"No",3.38,14.87,1471,21874,1944,19930,91.1,"No",NA,"None","Warehouse",0.2,"Exporter",5.3,2.8,"Yes","No","Low"
"GAHS-F0216","Oti",7.284,0.8462,"Male",53,"JHS",5,35,2,"Communal","Cassava","Yes","Goat/Sheep","Good",1118,"Yes","Major",2023,"Yes",137,"No","Yes",5,"No",3.71,7.42,2318,17200,1332,15868,92.3,"Yes",2543,"SACCO","Rented silo",9,"Regional market",6.4,4.9,"Yes","Yes","Medium"
"GAHS-F0217","Bono East",7.8506,-1.7432,"Male",21,"JHS",5,3,2.11,"Leased","Rice","Yes","Goat/Sheep","Good",660,"Yes","Minor",2021,"No",0,"No","Yes",4,"No",2.77,5.84,2807,16393,NA,15644,95,"No",NA,"None","Warehouse",26,"Local market",5.5,7.1,"Yes","No","Medium"
"GAHS-F0218","Northern",9.1435,-0.7397,"Male",35,"Primary",5,22,0.56,"Sharecrop","Maize","Yes","Cattle","Moderate",735,"Yes","Major",2021,"No",0,"No","No",2,"Yes",1.56,0.87,956,832,210,622,74.7,"Yes",450,"Moneylender","On-farm store",3.6,"Local market",1.4,4.7,"Yes","No","Low"
"GAHS-F0219","Ashanti",6.0774,-1.4227,"Male",63,"JHS",4,46,0.65,"Sharecrop","Cassava","No","None","Excellent",1333,"No","Major",2021,"Yes",34.1,"No","No",2,"Yes",NA,1.54,4626,7124,348,6776,95,"Yes",2015,"Family","No storage",7.6,"Processor",0.5,2.3,"Yes","No","Medium"
"GAHS-F0220","Bono East",8.1923,-2.1166,"Male",48,"None",5,27,2.91,"Leased","Rice","No","None","Excellent",818,"Yes","Minor",2023,"No",0,"No","No",1,"No",2.29,6.66,2522,16797,1165,15632,93.1,"Yes",577,"MFI","On-farm store",19.8,"Local market",1.8,3.3,"Yes","No","Low"
"GAHS-F0221","Upper East",11.2698,-0.9989,"Female",47,"Primary",2,29,0.65,"Communal","Yam","No","None","Good",929,"Yes","Minor",2021,"No",0,"No","No",1,"Yes",1.64,1.07,1790,1915,100,1815,94.7,"No",NA,"None","On-farm store",7.7,"Farmgate",50.8,3.4,"Yes","No","Low"
"GAHS-F0222","Western",5.6232,-2.5104,"Female",47,"JHS",4,30,2.15,"Owned","Cassava","Yes","Cattle","Good",1466,"No","Major",2021,"No",0,"No","Yes",2,"No",1.74,3.74,1689,6317,552,5765,91.2,"Yes",2819,"MFI","Warehouse",18.4,"Local market",7.7,3.5,"Yes","No","Low"
"GAHS-F0223","Bono",8.1932,-2.6886,"Male",48,"None",2,29,2.07,"Sharecrop","Cassava","Yes","Mixed","Good",545,"Yes","Major",2022,"Yes",67.6,"No","Yes",7,"No",3.91,8.09,676,5469,958,4511,82.5,"No",NA,"None","No storage",6.8,"Local market",13.5,3.4,"Yes","Yes","Medium"
"GAHS-F0224","Upper East",11.1897,-1.0381,"Female",39,"None",1,24,7.46,"Owned","Groundnut","No","None","Good",1122,"Yes","Minor",2021,"No",0,"No","Yes",1,"Yes",2.32,17.31,1349,23351,2881,20470,87.7,"Yes",2687,"SACCO","On-farm store",7.1,"Regional market",7.1,2,"Yes","No","Medium"
"GAHS-F0225","Bono",7.7378,-2.8103,"Female",37,"JHS",8,20,2.48,"Leased","Pepper","Yes","Poultry","Good",861,"Yes","Minor",2021,"Yes",30.9,"Yes","No",2,"Yes",2.43,6.03,757,4565,1093,3472,76,"Yes",2265,"SACCO","On-farm store",27.1,"Farmgate",0.9,2.5,"Yes","No","Medium"
"GAHS-F0226","Northern",9.2193,-1.3042,"Male",66,"SHS",8,49,0.99,"Owned","Maize","Yes","Goat/Sheep","Excellent",716,"No","Major",2022,"No",0,"No","No",1,"No",0.9,0.89,1125,1001,615,386,38.5,"No",NA,"None","On-farm store",14.4,"Farmgate",110.2,4.6,"Yes","No","Low"
"GAHS-F0227","Northern",10.0256,-0.3678,"Female",60,"Tertiary",6,50,2.91,"Leased","Sorghum","No","None","Excellent",767,"Yes","Major",2022,"No",0,"No","No",2,"No",3.33,9.69,2402,23275,1190,22085,94.9,"No",NA,"None","On-farm store",14.7,"Regional market",4.5,4.1,"Yes","No","Low"
"GAHS-F0228","Volta",7.6448,-0.126,"Male",46,"None",4,23,5.73,"Sharecrop","Cassava","No","None","Excellent",925,"Yes","Major",2023,"Yes",20.2,"Yes","No",2,"No",3.22,18.45,1489,27472,2254,25218,91.8,"No",NA,"None","Rented silo",25.7,"Farmgate",23.4,3.6,"Yes","No","Medium"
"GAHS-F0229","Volta",6.9488,-0.1657,"Female",40,"JHS",9,19,3.61,"Gift","Tomato","Yes","Goat/Sheep","Poor",1095,"No","Major",2022,"Yes",111.6,"No","No",5,"Yes",1.66,5.99,1370,8206,2216,5990,73,"No",NA,"None","On-farm store",18.6,"Farmgate",5.4,6.1,"Yes","No","Medium"
"GAHS-F0230","Central",6.0781,-0.8526,"Male",27,"SHS",5,9,2.52,"Owned","Cocoa","Yes","Poultry","Moderate",1327,"No","Major",2022,"Yes",51.3,"Yes","No",2,"No",2.55,6.43,5126,32960,1220,31740,95,"No",NA,"None","No storage",27.8,"Processor",1.4,3.3,"Yes","No","Medium"
"GAHS-F0231","Volta",7.0657,0.0054,"Male",24,"Primary",7,2,6.74,"Owned","Yam","No","None","Good",1246,"No","Major",2022,"No",0,"No","Yes",0,"No",1.19,8.02,2203,17668,2598,15070,85.3,"No",NA,"None","Warehouse",17,"Farmgate",7.1,5.7,"Yes","No","Low"
"GAHS-F0232","Upper West",10.282,-2.1864,"Female",64,"SHS",5,53,1.51,"Communal","Groundnut","No","None","Excellent",1155,"No","Minor",2023,"Yes",NA,"No","No",1,"Yes",2.37,3.58,1488,5327,703,4624,86.8,"No",NA,"None","Rented silo",15.3,"Local market",27.9,3.7,"Yes","No","Medium"
"GAHS-F0233","Bono East",7.1906,-1.296,"Male",33,"Tertiary",7,12,1.9,"Owned","Tomato","Yes","Poultry","Poor",585,"Yes","Major",2021,"No",0,"No","Yes",3,"Yes",2.55,4.84,979,4738,878,3860,81.5,"No",NA,"None","On-farm store",13.2,"Farmgate",3.1,5.6,"Yes","No","Medium"
"GAHS-F0234","Eastern",6.4273,-0.8381,"Female",29,"JHS",8,9,7.94,"Owned","Cocoa","Yes","Pig","Excellent",1500,"No","Major",2022,"Yes",27.8,"No","Yes",4,"Yes",2.54,20.17,2041,41167,3400,37767,91.7,"No",NA,"None","No storage",12.6,"Regional market",1,4.2,"Yes","No","High"
"GAHS-F0235","Eastern",5.9758,-0.1008,"Male",46,"SHS",2,34,5.81,"Leased","Maize","No","None","Poor",1746,"No","Major",2023,"Yes",21.1,"Yes","No",3,"Yes",5.83,33.87,778,26351,NA,23769,90.2,"No",NA,"None","No storage",28.5,"Farmgate",2.5,NA,"Yes","Yes","High"
"GAHS-F0236","Ahafo",6.6989,-2.1514,"Male",59,"JHS",6,46,2.96,"Gift","Cocoa","No","None","Poor",NA,"Yes","Major",2023,"No",0,"No","Yes",5,"No",2.58,7.64,1652,12621,1167,11454,90.7,"No",NA,"None","No storage",13.3,"Regional market",4.3,5.1,"Yes","No","Medium"
"GAHS-F0237","Western North",5.9063,-2.6383,"Male",59,"SHS",7,41,2.6,"Owned","Cocoa","Yes","Cattle","Excellent",1526,"Yes","Minor",2022,"No",0,"No","Yes",2,"Yes",3.05,7.93,829,6574,1049,5525,84,"No",NA,"None","On-farm store",6.5,"Processor",10.9,4.7,"Yes","No","Medium"
"GAHS-F0238","Upper East",11.3374,-0.5292,"Male",49,"Tertiary",4,30,2.53,"Sharecrop","Groundnut","Yes","Poultry","Poor",946,"Yes","Minor",2023,"No",0,"Yes","Yes",1,"No",1.01,2.56,1493,3822,1209,2613,68.3,"No",NA,"None","Warehouse",8.1,"Exporter",3.7,5,"Yes","No","Medium"
"GAHS-F0239","Western North",6.5717,-2.7681,"Female",33,"JHS",6,14,0.57,"Leased","Plantain","Yes","Poultry","Moderate",1225,"No","Minor",2021,"No",0,"No","No",3,"No",1.98,1.13,1334,1507,243,1264,83.8,"No",NA,"None","No storage",16.5,"Local market",1.7,5.5,"Yes","No","Low"
"GAHS-F0240","Bono",7.8435,-1.9594,"Male",59,"None",6,40,NA,"Communal","Rice","No","None","Good",822,"No","Minor",2023,"Yes",80.6,"Yes","No",2,"No",3.82,11.35,950,10782,1780,9002,83.5,"Yes",3729,"SACCO","No storage",17.3,"Farmgate",2.1,4.3,"Yes","No","Medium"
"GAHS-F0241","Ashanti",6.8067,-1.7884,"Male",40,"Primary",3,23,1.2,"Communal","Plantain","No","None","Moderate",1143,"Yes","Minor",2022,"Yes",32.7,"No","No",4,"Yes",NA,1.91,708,1352,328,1024,75.7,"Yes",2203,"SACCO","On-farm store",12.1,"Processor",43.8,6,"Yes","Yes","Medium"
"GAHS-F0242","Northern",9.413,-0.2831,"Male",71,"Tertiary",4,48,1.53,"Owned","Groundnut","No","None","Good",878,"Yes","Major",2023,"No",0,"No","No",2,"No",1.41,2.16,853,1842,519,1323,71.8,"No",NA,"None","Warehouse",8.4,"Local market",18.2,4,"Yes","No","Low"
"GAHS-F0243","Northern",9.6296,-0.6111,"Male",43,"JHS",6,27,10.17,"Sharecrop","Sorghum","Yes","Goat/Sheep","Moderate",924,"Yes","Minor",2022,"No",0,"No","No",1,"Yes",1.58,16.07,3543,56936,4330,52606,92.4,"No",NA,"None","Warehouse",27.6,"Farmgate",45.7,4.8,"Yes","Yes","Low"
"GAHS-F0244","Bono East",7.8198,-1.2752,"Male",59,"JHS",7,39,1.37,"Sharecrop","Maize","Yes","Goat/Sheep","Poor",1064,"Yes","Minor",2021,"No",0,"No","Yes",2,"Yes",2.08,2.85,1247,3554,443,3111,87.5,"No",NA,"None","No storage",18,"Processor",0.5,3,"Yes","No","Medium"
"GAHS-F0245","Volta",7.2353,-0.0955,"Male",45,"None",1,38,1.46,"Leased","Cassava","No","None","Excellent",1156,"Yes","Major",2021,"Yes",5,"No","No",2,"Yes",2.35,3.43,1075,NA,342,3345,90.7,"No",NA,"None","On-farm store",19.5,"Local market",23.3,4.3,"Yes","No","Medium"
"GAHS-F0246","Eastern",7.0923,-0.8558,"Male",44,"Primary",1,30,0.86,"Leased","Cocoa","Yes","Poultry","Poor",1554,"No","Minor",2023,"No",0,"No","Yes",5,"No",1.7,1.46,1915,2796,100,2696,95,"No",NA,"None","No storage",23.7,"Farmgate",12,4.5,"Yes","No","Medium"
"GAHS-F0247","Savannah",8.6057,-2.0978,"Male",35,"Tertiary",1,19,11.76,"Sharecrop","Sorghum","No","None","Good",814,"Yes","Major",2023,"No",0,"Yes","No",1,"No",3.19,37.51,823,30871,4846,26025,84.3,"No",NA,"None","Rented silo",30.4,"Local market",9.6,4.3,"Yes","No","Low"
"GAHS-F0248","Greater Accra",5.8855,-0.3393,"Male",56,"Tertiary",5,35,2.04,"Owned","Yam","No","None","Excellent",783,"Yes","Minor",2021,"Yes",97.5,"Yes","Yes",5,"No",3.62,7.38,1567,11564,1358,10206,88.2,"No",NA,"None","No storage",11.7,"Local market",NA,5.7,"Yes","No","High"
"GAHS-F0249","Ashanti",6.6098,-1.347,"Female",31,"Primary",5,13,2.03,"Owned","Plantain","Yes","Cattle","Good",1669,"Yes","Minor",2022,"No",0,"Yes","Yes",2,"No",2.48,5.03,1399,7037,830,6207,88.2,"No",NA,"None","No storage",NA,"Farmgate",22.4,4.4,"Yes","No","Medium"
"GAHS-F0250","Upper West",10.5892,-2.743,"Male",44,"SHS",1,25,0.89,"Leased","Maize","Yes","Goat/Sheep","Poor",960,"Yes","Minor",2023,"No",0,"No","No",2,"No",1.58,1.41,1031,1454,512,942,64.7,"Yes",806,"Bank","No storage",24.8,"Processor",2.5,6,"Yes","No","Low"
"GAHS-F0251","Ashanti",6.7968,-1.8749,"Male",53,"Primary",10,37,4.12,"Communal","Cassava","Yes","Poultry","Moderate",1641,"No","Major",2023,"Yes",123.3,"No","No",2,"No",NA,13.14,759,9973,2571,7402,74.2,"No",NA,"None","On-farm store",18.2,"Processor",15.8,3.3,"Yes","No","Low"
"GAHS-F0252","Eastern",6.0896,-0.6897,"Male",23,"JHS",4,2,3.25,"Owned","Plantain","No","None","Good",1925,"No","Minor",2021,"No",0,"Yes","Yes",1,"No",3.57,11.6,1163,13491,1475,12016,89.1,"No",NA,"None","On-farm store",22.2,"Local market",15.4,3.4,"Yes","No","Medium"
"GAHS-F0253","Northern",10.0079,-0.8078,"Female",56,"SHS",1,35,5.02,"Communal","Sorghum","Yes","Poultry","Poor",500,"Yes","Minor",2023,"No",0,"No","No",1,"No",0.63,3.16,1371,4332,2001,2331,53.8,"No",NA,"None","Warehouse",0,"Farmgate",15,2.9,"Yes","No","Low"
"GAHS-F0254","Oti",8.0269,0.7047,"Male",39,"JHS",5,16,1.09,"Leased","Yam","Yes","Poultry","Moderate",794,"Yes","Major",2023,"Yes",123,"No","No",5,"Yes",2.42,2.64,4233,11175,137,NA,95,"No",NA,"None","No storage",31.5,"Farmgate",4.7,4.1,"Yes","No","Medium"
"GAHS-F0255","Bono East",8.1859,-1.9816,"Male",26,"JHS",8,13,4.07,"Leased","Maize","Yes","Mixed","Good",726,"Yes","Major",2021,"No",0,"No","Yes",0,"No",1.23,5.01,4065,20366,1744,18622,91.4,"No",NA,"None","On-farm store",8,"Local market",0.5,5.4,"Yes","No","Low"
"GAHS-F0256","Savannah",8.9139,-1.8992,"Female",30,"JHS",6,13,6.04,"Owned","Sorghum","No","None","Poor",526,"Yes","Minor",2023,"No",0,"No","No",0,"No",2.35,14.19,1294,18362,2468,15894,86.6,"Yes",2462,"SACCO","No storage",24.5,"Cooperative",19.9,4.6,"Yes","No","Low"
"GAHS-F0257","Northern",9.1864,-1.147,"Male",38,"SHS",4,21,2.98,"Communal","Maize","Yes","Poultry","Good",903,"Yes","Major",2021,"Yes",64.9,"No","No",1,"No",NA,7.54,1149,NA,1543,7120,82.2,"No",NA,"None","No storage",13.8,"Regional market",13.2,4.1,"Yes","Yes","Low"
"GAHS-F0258","Ahafo",6.8425,-2.7735,"Male",57,"SHS",4,39,2.59,"Leased","Cocoa","No","None","Moderate",1340,"Yes","Minor",2022,"No",0,"No","No",1,"No",0.53,1.37,4991,6838,1017,5821,85.1,"No",NA,"None","On-farm store",21.2,"Local market",2.7,5.2,"Yes","No","Low"
"GAHS-F0259","Volta",7.0204,1.1011,"Male",51,"Primary",3,34,NA,"Leased","Maize","No","None","Poor",755,"No","Minor",2023,"No",0,"Yes","No",2,"No",1.88,3.7,832,3078,638,NA,79.2,"Yes",2008,"MFI","No storage",14.1,"Farmgate",5.9,3.1,"Yes","No","Low"
"GAHS-F0260","Central",5.5384,-0.8585,"Male",46,"Primary",4,29,NA,"Gift","Oil Palm","Yes","Poultry","Excellent",1717,"No","Major",2022,"Yes",37.3,"No","No",0,"No",2.2,8.58,1807,15504,1855,13649,88,"No",NA,"None","No storage",10,"Farmgate",7.3,3.1,"Yes","No","Low"
"GAHS-F0261","Eastern",5.8451,-0.0076,"Male",49,"JHS",9,30,3.85,"Owned","Cocoa","No","None","Moderate",1977,"Yes","Major",2023,"Yes",71.6,"No","Yes",5,"Yes",2.07,7.97,826,6583,2241,4342,65.9,"No",NA,"None","Warehouse",14.6,"Regional market",6.5,5.2,"Yes","Yes","High"
"GAHS-F0262","Upper West",9.7065,-1.8793,"Female",31,"SHS",6,15,6.3,"Communal","Groundnut","No","None","Good",1097,"No","Minor",2023,"No",0,"Yes","No",5,"No",2.19,13.8,1319,18202,2518,15684,86.2,"Yes",2913,"SACCO","Rented silo",12.5,"Regional market",8.2,4.4,"Yes","No","Medium"
"GAHS-F0263","Upper West",10.6694,-1.9699,"Female",28,"SHS",3,10,0.76,"Owned","Groundnut","Yes","Mixed","Excellent",661,"No","Major",2021,"No",NA,"No","Yes",1,"No",3.12,2.37,4194,9940,100,9840,95,"Yes",1302,"Family","Rented silo",20.9,"Farmgate",6,4.7,"Yes","No","Low"
"GAHS-F0264","Western",5.649,-1.9738,"Female",56,"None",2,38,5,"Owned","Oil Palm","Yes","Cattle","Moderate",2183,"Yes","Minor",2021,"Yes",101.4,"No","Yes",2,"No",3.08,15.4,996,15338,2949,12389,80.8,"No",NA,"None","Rented silo",11.7,"Farmgate",10.8,4.3,"Yes","No","Medium"
"GAHS-F0265","Upper East",11.2277,-0.448,"Female",65,"Primary",7,50,4.59,"Communal","Sorghum","Yes","Cattle","Moderate",422,"Yes","Minor",2023,"Yes",87.7,"No","Yes",0,"No",3.35,15.38,802,12335,2537,9798,79.4,"No",NA,"None","No storage",18.6,"Local market",26,4.7,"Yes","No","Medium"
"GAHS-F0266","Western",4.9463,-1.5302,"Female",44,"SHS",5,28,15.53,"Owned","Plantain","No","None","Good",1398,"No","Major",2023,"Yes",79.8,"No","Yes",2,"No",3.53,54.82,4807,263520,8398,255122,95,"Yes",5019,"MFI","Rented silo",8.2,"Local market",5.6,NA,"Yes","No","Medium"
"GAHS-F0267","Northern",9.4445,-0.9472,"Male",44,"None",5,26,2.07,"Owned","Sorghum","Yes","Poultry","Excellent",961,"Yes","Minor",2021,"Yes",64.4,"Yes","No",2,"No",4.26,8.82,718,6333,1011,5322,84,"No",NA,"None","No storage",25.3,"Exporter",8.2,3.5,"Yes","No","Medium"
"GAHS-F0268","Bono East",7.7358,-1.4252,"Female",71,"Primary",7,51,2.87,"Communal","Cassava","Yes","Goat/Sheep","Good",871,"No","Major",2023,"No",0,"No","No",3,"No",NA,0.52,1527,794,1192,-398,-50.1,"No",NA,"None","On-farm store",NA,"Farmgate",0.6,6.5,"No","No","Low"
"GAHS-F0269","Northern",9.56,-1.2226,"Male",69,"JHS",1,53,0.84,"Communal","Millet","Yes","Pig","Good",709,"Yes","Minor",2021,"Yes",110.7,"No","No",1,"No",0.07,0.06,2214,133,272,-139,-80,"No",NA,"None","No storage",29.8,"Exporter",1.8,7,"No","Yes","Low"
"GAHS-F0270","Western North",6.7106,-2.3344,"Female",31,"Primary",7,13,13.3,"Owned","Plantain","Yes","Mixed","Poor",1677,"Yes","Major",2021,"No",0,"No","Yes",1,"No",1.88,25,1073,26825,5512,21313,79.4,"Yes",5212,"SACCO","No storage",23.3,"Regional market",11.4,1.2,"Yes","No","Low"
"GAHS-F0271","Volta",6.502,-0.1604,"Male",56,"SHS",4,36,2.62,"Owned","Tomato","No","None","Excellent",1137,"No","Major",2021,"No",0,"Yes","Yes",0,"No",3.84,10.06,3846,38691,989,37702,95,"No",NA,"None","Warehouse",18.8,"Local market",6.3,3.4,"Yes","No","Medium"
"GAHS-F0272","Volta",7.2254,0.0411,"Male",45,"JHS",10,31,2.8,"Owned","Yam","Yes","Goat/Sheep","Poor",598,"Yes","Minor",2022,"Yes",118.5,"No","Yes",2,"No",2.94,8.23,1340,11028,1406,9622,87.2,"No",NA,"None","On-farm store",24.5,"Farmgate",1,3.5,"Yes","No","Medium"
"GAHS-F0273","Bono",7.628,-2.2497,"Male",53,"Tertiary",10,35,4.15,"Communal","Yam","No","None","Poor",1407,"Yes","Minor",2021,"Yes",132.1,"No","No",3,"Yes",2.69,11.16,1113,12421,NA,9755,78.5,"No",NA,"None","No storage",21.2,"Local market",1.9,5.1,"Yes","No","Medium"
"GAHS-F0274","Oti",7.18,0.8824,"Female",53,"SHS",4,35,1.86,"Sharecrop","Cassava","Yes","Goat/Sheep","Good",804,"No","Minor",2022,"No",0,"No","Yes",2,"No",2.84,5.28,4019,21220,787,20433,95,"Yes",689,"SACCO","On-farm store",27.1,"Processor",3.5,4.9,"Yes","Yes","Low"
"GAHS-F0275","Upper East",10.6691,-0.6983,"Female",51,"None",6,29,NA,"Communal","Cowpea","Yes","Pig","Moderate",941,"Yes","Major",2022,"Yes",82.5,"No","Yes",1,"No",3.72,49.29,1416,69795,6991,62804,90,"No",NA,"None","No storage",14.1,"Regional market",12.6,4.6,"Yes","No","Medium"
"GAHS-F0276","North East",11.0986,-0.4415,"Female",57,"JHS",9,39,10.4,"Sharecrop","Maize","No","None","Poor",735,"Yes","Major",2022,"No",0,"No","Yes",3,"No",1.82,18.93,810,15333,4218,11115,72.5,"No",NA,"None","No storage",20,"Cooperative",51,3.9,"Yes","No","Medium"
"GAHS-F0277","Bono East",7.9091,-1.767,"Male",43,"Primary",8,22,2.14,"Owned","Cassava","No","None","Moderate",505,"Yes","Minor",2021,"Yes",73.8,"Yes","No",2,"Yes",3.28,7.02,1159,8136,1100,7036,86.5,"No",NA,"None","On-farm store",16.2,"Cooperative",14,3.6,"Yes","No","Medium"
"GAHS-F0278","Bono East",8.4283,-1.1125,"Male",76,"None",7,55,2.94,"Owned","Cassava","No","None","Moderate",1041,"Yes","Minor",2022,"No",0,"Yes","No",1,"No",2.46,7.23,2896,NA,1002,19936,95,"Yes",2944,"Family","No storage",16.5,"Farmgate",3.8,2,"Yes","No","Low"
"GAHS-F0279","Ashanti",6.3441,-1.0442,"Male",42,"SHS",4,25,1.15,"Communal","Cocoa","No","None","Poor",1235,"Yes","Minor",2022,"Yes",150.3,"Yes","Yes",4,"Yes",NA,3.73,996,3715,622,3093,83.2,"No",NA,"None","On-farm store",17.7,"Farmgate",NA,3.7,"Yes","No","High"
"GAHS-F0280","Northern",9.9186,-0.5041,"Female",50,"None",7,28,8.2,"Owned","Groundnut","No","None","Poor",626,"Yes","Major",2022,"No",0,"No","No",0,"No",2.84,23.29,1194,27808,3307,24501,88.1,"No",NA,"None","No storage",21.8,"Local market",11,4,"Yes","No","Low"
"GAHS-F0281","Bono",7.7959,-1.8701,"Female",41,"None",6,24,5.9,"Owned","Yam","Yes","Goat/Sheep","Poor",959,"No","Minor",2021,"Yes",28.7,"No","Yes",1,"No",2.76,16.28,4293,69890,2606,67284,95,"No",NA,"None","On-farm store",15.3,"Farmgate",2.5,3.7,"Yes","No","Medium"
"GAHS-F0282","Eastern",6.5678,-0.6762,"Male",40,"SHS",7,21,5.27,"Owned","Cassava","No","None","Good",1771,"Yes","Minor",2023,"Yes",139.9,"Yes","No",7,"No",4.57,24.08,1105,26608,3745,NA,85.9,"No",NA,"None","On-farm store",NA,"Local market",9.9,4.2,"Yes","No","Medium"
"GAHS-F0283","Northern",9.5817,-0.7503,"Male",51,"Primary",5,35,0.64,"Sharecrop","Maize","Yes","Mixed","Moderate",971,"Yes","Major",2021,"Yes",76.3,"No","No",1,"No",2,1.28,1325,1696,NA,1259,74.2,"Yes",785,"MFI","No storage",16.9,"Local market",31.8,4.9,"Yes","No","Low"
"GAHS-F0284","Western North",6.2232,-2.8994,"Male",41,"None",4,23,0.73,"Leased","Cocoa","No","None","Moderate",1364,"No","Major",2021,"No",0,"No","No",2,"No",0.61,0.45,826,372,190,182,48.8,"Yes",1199,"MFI","No storage",20.6,"Regional market",2.8,4.3,"Yes","No","Low"
"GAHS-F0285","Oti",7.3399,0.0611,"Female",44,"None",6,25,0.65,"Leased","Yam","No","None","Moderate",871,"No","Minor",2021,"No",0,"No","Yes",2,"No",1.05,0.68,860,585,261,324,55.3,"No",NA,"None","On-farm store",16.4,"Regional market",11.8,4.9,"Yes","No","Low"
"GAHS-F0286","North East",10.5309,-0.6929,"Male",29,"Primary",10,9,2.28,"Leased","Cowpea","Yes","Cattle","Good",400,"No","Minor",2023,"No",0,"No","No",2,"No",NA,6.77,783,5301,989,4312,81.3,"Yes",1948,"MFI","On-farm store",21.2,"Regional market",6.4,6.7,"Yes","No","Low"
"GAHS-F0287","Northern",9.5373,-0.8053,"Male",54,"JHS",8,42,1.31,"Sharecrop","Millet","Yes","Mixed","Excellent",768,"Yes","Major",2023,"Yes",67.3,"No","No",3,"No",1.63,2.14,787,1684,769,915,54.3,"Yes",286,"Moneylender","Rented silo",22.6,"Farmgate",NA,NA,"Yes","No","Medium"
"GAHS-F0288","Volta",7.2705,-0.0376,"Male",56,"None",3,42,1.91,"Leased","Tomato","Yes","Mixed","Poor",1139,"No","Major",2023,"Yes",66.6,"Yes","Yes",3,"No",NA,7.72,633,4887,1113,3774,77.2,"Yes",2641,"Bank","No storage",27.2,"Farmgate",NA,2.9,"Yes","No","High"
"GAHS-F0289","Upper East",10.9483,-0.9202,"Female",46,"SHS",4,25,1.55,"Leased","Cowpea","No","None","Moderate",661,"Yes","Major",2021,"Yes",116.7,"Yes","Yes",6,"Yes",4.6,7.13,887,6324,1003,5321,84.1,"No",NA,"None","On-farm store",12.4,"Regional market",13,4.9,"Yes","No","High"
"GAHS-F0290","Upper East",11.3109,-0.6467,"Male",42,"JHS",8,26,0.63,"Communal","Sorghum","Yes","Poultry","Good",676,"No","Minor",2022,"No",0,"No","No",2,"No",2.64,1.66,743,1233,373,860,69.7,"Yes",408,"Bank","No storage",0,"Processor",1.1,4.9,"Yes","Yes","Low"
"GAHS-F0291","Eastern",6.9904,0.0938,"Male",55,"None",5,41,2.55,"Owned","Yam","No","None","Poor",1436,"Yes","Major",2021,"No",0,"Yes","No",2,"No",3.21,8.19,2422,19836,925,18911,95,"No",NA,"None","On-farm store",21,"Regional market",3.8,2.6,"Yes","No","Low"
"GAHS-F0292","Upper East",11.2344,-1.415,"Female",42,"JHS",5,23,3.85,"Sharecrop","Maize","Yes","Poultry","Excellent",721,"Yes","Major",2023,"No",0,"Yes","Yes",0,"No",2.69,10.36,814,8433,1502,6931,82.2,"No",NA,"None","No storage",24.8,"Processor",7.8,5.1,"Yes","No","Medium"
"GAHS-F0293","Western",5.4638,-2.3969,"Male",29,"Primary",2,11,2.27,"Leased","Plantain","No","None","Moderate",1763,"No","Major",2022,"Yes",95.3,"No","No",2,"No",NA,6.04,3534,21345,1195,20150,94.4,"Yes",542,"Moneylender","No storage",15.7,"Local market",0.7,4.1,"Yes","No","Low"
"GAHS-F0294","Ashanti",6.3265,-1.6899,"Male",61,"JHS",5,44,4.33,"Sharecrop","Cassava","No","None","Good",1569,"No","Major",2021,"No",0,"No","No",1,"No",0.89,3.85,1457,5609,2119,3490,62.2,"No",NA,"None","Warehouse",9.3,"Regional market",0.6,5.6,"Yes","No","Low"
"GAHS-F0295","Western North",6.1494,-2.8723,"Female",46,"JHS",10,30,4.08,"Owned","Plantain","No","None","Moderate",2032,"Yes","Major",2021,"No",0,"No","No",3,"Yes",2.13,8.69,2018,17536,1873,15663,89.3,"No",NA,"None","No storage",2.2,"Regional market",3.6,5.6,"Yes","Yes","Medium"
"GAHS-F0296","Bono East",8.4684,-2.0534,"Female",28,"None",3,7,0.6,"Owned","Maize","No","None","Poor",946,"No","Major",2023,"Yes",70,"Yes","No",2,"No",3.19,1.91,1418,2708,488,2220,81.9,"Yes",3392,"MFI","Warehouse",12.4,"Farmgate",4.5,2.8,"Yes","No","Medium"
"GAHS-F0297","Savannah",9.1095,-1.4555,"Male",49,"JHS",4,29,5.18,"Owned","Cowpea","Yes","Pig","Poor",1117,"Yes","Minor",2023,"No",0,"Yes","No",2,"Yes",2.95,15.28,1266,19344,2183,17161,88.7,"No",NA,"None","Warehouse",15.8,"Farmgate",15.6,3.7,"Yes","No","Medium"
"GAHS-F0298","Ashanti",6.3418,-1.481,"Male",32,"None",6,11,8.87,"Sharecrop","Maize","Yes","Pig","Good",1706,"Yes","Minor",2021,"No",0,"No","No",1,"No",3.63,32.2,874,28143,3469,24674,87.7,"No",NA,"None","On-farm store",33,"Farmgate",14.6,NA,"Yes","No","Low"
"GAHS-F0299","Western",5.271,-1.918,"Female",55,"Primary",6,37,0.28,"Owned","Cassava","No","None","Moderate",1607,"No","Major",2022,"Yes",92.6,"No","No",2,"No",1.86,0.52,1057,550,102,448,81.3,"Yes",3817,"SACCO","No storage",16.5,"Processor",2,2,"Yes","No","Low"
"GAHS-F0300","Northern",10.1346,-0.3446,"Female",63,"Tertiary",4,48,2.88,"Owned","Cowpea","No","None","Moderate",615,"No","Major",2022,"Yes",60.4,"Yes","No",3,"Yes",1.66,4.78,913,4364,1503,2861,65.5,"No",NA,"None","No storage",NA,"Processor",NA,4.7,"Yes","Yes","High"
"GAHS-F0301","Upper West",9.7347,-2.8536,"Male",54,"None",3,37,2.42,"Leased","Groundnut","Yes","Goat/Sheep","Excellent",750,"Yes","Major",2022,"Yes",78.6,"No","No",2,"No",2.25,5.44,1855,10091,1472,8619,85.4,"Yes",407,"Family","Rented silo",16.7,"Local market",NA,2.6,"Yes","No","Low"
"GAHS-F0302","Bono",8.0332,-2.319,"Male",34,"None",6,17,3.82,"Owned","Tomato","Yes","Cattle","Moderate",711,"No","Minor",2021,"No",0,"No","No",1,"Yes",1.39,5.31,919,4880,1271,3609,73.9,"Yes",1891,"Bank","No storage",29.4,"Local market",14.7,5.6,"Yes","No","Low"
"GAHS-F0303","Northern",9.5723,-1.3322,"Female",51,"JHS",4,31,1.56,"Communal","Cowpea","Yes","Poultry","Excellent",976,"Yes","Minor",2022,"Yes",73.1,"No","Yes",1,"Yes",2.25,3.51,1347,4728,743,3985,84.3,"No",NA,"None","No storage",28.1,"Exporter",9.1,6,"Yes","Yes","Medium"
"GAHS-F0304","Ashanti",6.3674,-2.2537,"Male",50,"JHS",3,31,1.64,"Owned","Plantain","No","None","Poor",1426,"Yes","Major",2022,"No",0,"No","No",2,"No",2.06,3.38,2210,7470,459,7011,93.8,"Yes",4124,"Moneylender","No storage",17.9,"Farmgate",1.4,1.6,"Yes","No","Low"
"GAHS-F0305","Western",5.493,-2.2956,"Female",62,"SHS",6,44,1.26,"Leased","Cocoa","No","None","Excellent",1834,"No","Minor",2022,"Yes",85.4,"Yes","Yes",2,"No",1.39,1.75,4300,7525,568,6957,92.4,"No",NA,"None","No storage",34.9,"Exporter",6.5,2.8,"Yes","Yes","Medium"
"GAHS-F0306","Oti",7.8623,0.6895,"Female",41,"JHS",7,25,6.03,"Sharecrop","Rice","Yes","Mixed","Poor",1108,"No","Major",2023,"Yes",97.2,"Yes","No",8,"No",3.05,18.39,1152,21185,3549,17636,83.2,"No",NA,"None","No storage",15.8,"Farmgate",NA,2.9,"Yes","No","Medium"
"GAHS-F0307","Northern",9.0933,-1.4304,"Female",51,"JHS",6,33,0.67,"Sharecrop","Groundnut","Yes","Poultry","Moderate",1388,"No","Minor",2021,"Yes",128.5,"No","Yes",3,"No",2.12,1.42,859,1220,296,924,75.7,"Yes",3748,"MFI","No storage",25.3,"Farmgate",22.7,4.4,"Yes","No","Medium"
"GAHS-F0308","Volta",7.0041,0.972,"Male",49,"SHS",4,30,0.96,"Owned","Pepper","Yes","Poultry","Moderate",1041,"Yes","Major",2021,"Yes",132,"Yes","Yes",1,"No",2.55,2.45,1586,3886,610,3276,84.3,"No",NA,"None","No storage",31,"Local market",4.1,2.7,"Yes","Yes","Medium"
"GAHS-F0309","Ahafo",6.4495,-2.2073,"Male",26,"JHS",1,3,1.28,"Gift","Cassava","Yes","Pig","Excellent",1721,"Yes","Minor",2022,"Yes",120.9,"No","No",5,"Yes",1.49,1.91,2027,3872,976,2896,74.8,"No",NA,"None","Warehouse",0,"Regional market",6.2,3.6,"Yes","No","Medium"
"GAHS-F0310","Ahafo",6.7059,-2.228,"Male",42,"JHS",7,28,0.68,"Communal","Cocoa","Yes","Goat/Sheep","Good",1730,"No","Minor",2021,"No",0,"No","No",0,"Yes",2,1.36,786,1069,485,584,54.6,"No",NA,"None","On-farm store",7.6,"Cooperative",39.8,4.4,"Yes","No","Low"
"GAHS-F0311","Ahafo",6.9991,-2.8343,"Male",62,"JHS",9,40,0.54,"Communal","Cocoa","Yes","Goat/Sheep","Good",1782,"No","Major",2023,"No",0,"No","No",1,"No",2.31,1.25,1764,2205,100,2105,95,"No",NA,"None","No storage",31.2,"Local market",NA,4.1,"Yes","No","Low"
"GAHS-F0312","Central",5.897,-0.811,"Male",24,"JHS",6,4,2.65,"Owned","Plantain","Yes","Cattle","Moderate",2089,"Yes","Minor",2021,"No",0,"Yes","No",1,"No",1.45,3.84,1854,7119,1094,6025,84.6,"No",NA,"None","No storage",17.4,"Regional market",40,3.7,"Yes","No","Low"
"GAHS-F0313","Western",4.6114,-2.715,"Male",50,"JHS",6,28,3.77,"Leased","Cassava","Yes","Mixed","Good",1739,"No","Minor",2022,"No",0,"No","No",1,"Yes",0.93,3.51,1280,4493,1336,3157,70.2,"Yes",1377,"MFI","On-farm store",18.2,"Local market",1.9,1.4,"Yes","No","Low"
"GAHS-F0314","North East",10.0911,-0.3506,"Female",33,"None",6,14,1.77,"Owned","Maize","Yes","Pig","Good",727,"No","Major",2022,"Yes",136.5,"No","Yes",5,"Yes",2.36,4.18,1396,5835,1231,4604,78.9,"No",NA,"None","No storage",27.8,"Regional market",13.4,5.3,"Yes","Yes","High"
"GAHS-F0315","Western North",6.1761,-2.6441,"Male",55,"JHS",6,33,4.3,"Owned","Oil Palm","Yes","Poultry","Excellent",1419,"No","Major",2022,"No",0,"No","No",4,"Yes",2.03,8.73,1616,14108,1918,12190,86.4,"Yes",4594,"Moneylender","On-farm store",11.6,"Regional market",11.3,4.5,"Yes","Yes","Medium"
"GAHS-F0316","Ashanti",6.8318,-1.5843,"Male",45,"JHS",6,28,0.67,"Owned","Yam","Yes","Poultry","Excellent",1739,"Yes","Major",2021,"Yes",65.9,"No","No",3,"No",1.25,0.84,2932,2463,291,2172,88.1,"Yes",2015,"SACCO","No storage",19.7,"Local market",12.4,4.1,"Yes","No","Medium"
"GAHS-F0317","Oti",8.2489,0.5861,"Female",53,"JHS",3,34,1.8,"Owned","Maize","Yes","Goat/Sheep","Poor",1165,"No","Minor",2023,"Yes",86.8,"Yes","No",1,"No",4.1,7.38,760,5609,1195,4414,78.7,"No",NA,"None","No storage",16,"Regional market",10.1,4.8,"Yes","Yes","Medium"
"GAHS-F0318","Upper West",10.3035,-3.0567,"Female",58,"Tertiary",9,39,3.09,"Sharecrop","Maize","Yes","Cattle","Poor",864,"No","Major",2021,"No",0,"No","Yes",1,"No",2.38,7.35,1257,9239,1374,NA,85.1,"No",NA,"None","On-farm store",3.1,"Exporter",9.2,3.9,"Yes","No","Low"
"GAHS-F0319","Upper East",10.1311,-1.4218,"Male",52,"JHS",4,36,1.7,"Communal","Groundnut","Yes","Goat/Sheep","Poor",885,"Yes","Major",2023,"Yes",93.7,"No","No",1,"No",2.01,3.42,2096,7168,903,6265,87.4,"No",NA,"None","No storage",23.1,"Local market",23.8,4.8,"Yes","No","Low"
"GAHS-F0320","North East",10.7995,-0.4378,"Male",58,"JHS",5,42,0.48,"Leased","Yam","Yes","Mixed","Excellent",845,"Yes","Major",2023,"Yes",76.2,"No","No",6,"No",2.8,1.34,1489,1995,100,1895,94.9,"No",NA,"None","On-farm store",25.3,"Regional market",38.4,6.7,"Yes","No","Medium"
"GAHS-F0321","Western",4.5721,-2.695,"Female",56,"SHS",7,41,0.55,"Owned","Cocoa","Yes","Goat/Sheep","Moderate",1553,"Yes","Minor",2022,"No",0,"No","No",2,"No",2.4,1.32,973,1284,100,1184,92.1,"No",NA,"None","On-farm store",6.7,"Local market",43.7,5.4,"Yes","No","Low"
"GAHS-F0322","Eastern",6.8816,-0.1175,"Male",36,"Primary",4,20,1.05,"Sharecrop","Cocoa","Yes","Cattle","Moderate",1682,"Yes","Major",2023,"Yes",52,"Yes","No",3,"No",3.59,3.77,2065,7785,380,7405,95,"No",NA,"None","On-farm store",24.9,"Farmgate",12.7,3.9,"Yes","No","Medium"
"GAHS-F0323","Upper West",10.1762,-2.4924,"Male",42,"None",4,23,3.17,"Owned","Maize","Yes","Poultry","Poor",727,"No","Major",2021,"Yes",110.4,"No","No",1,"No",2.3,7.29,1364,9944,2084,7860,79,"Yes",3593,"Moneylender","No storage",34.4,"Exporter",7.3,2.3,"Yes","No","Low"
"GAHS-F0324","Central",5.4944,-1.1491,"Male",45,"SHS",6,25,3.99,"Communal","Oil Palm","No","None","Excellent",1823,"Yes","Major",2021,"No",0,"No","No",1,"No",0.55,2.19,1168,2558,1460,1098,42.9,"No",NA,"None","No storage",16.2,"Farmgate",6.5,5.9,"Yes","No","Low"
"GAHS-F0325","North East",9.9106,0.0259,"Male",39,"JHS",7,25,2.12,"Owned","Cowpea","Yes","Cattle","Good",772,"Yes","Major",2021,"Yes",21.7,"Yes","No",1,"No",4.07,8.63,5802,50071,1027,49044,95,"No",NA,"None","No storage",19.3,"Local market",4.9,2.9,"Yes","No","Medium"
"GAHS-F0326","Upper West",10.6283,-2.9889,"Male",61,"Tertiary",1,45,0.7,"Owned","Maize","Yes","Goat/Sheep","Moderate",NA,"No","Minor",2022,"No",0,"Yes","Yes",2,"No",2.07,1.45,3554,5153,405,4748,92.1,"No",NA,"None","Rented silo",24.1,"Farmgate",2.8,6.1,"Yes","No","Medium"
"GAHS-F0327","Eastern",6.2718,-0.5299,"Female",31,"SHS",6,18,1.98,"Sharecrop","Oil Palm","Yes","Poultry","Good",1420,"Yes","Major",2022,"Yes",133.1,"No","No",5,"No",2.57,5.09,1930,9824,1345,8479,86.3,"Yes",3344,"SACCO","No storage",11.7,"Regional market",3.5,4.3,"Yes","No","Medium"
"GAHS-F0328","Central",5.3734,-1.2342,"Female",29,"Primary",5,8,1.05,"Communal","Oil Palm","Yes","Goat/Sheep","Excellent",1265,"No","Minor",2023,"No",0,"No","No",2,"Yes",2.79,2.93,1560,4571,382,4189,91.6,"No",NA,"None","No storage",25.1,"Farmgate",8.9,6,"Yes","No","Low"
"GAHS-F0329","Ashanti",6.9827,-2.0196,"Male",46,"SHS",6,30,1,"Owned","Cocoa","Yes","Cattle","Excellent",1712,"No","Minor",2022,"Yes",51.6,"Yes","No",3,"No",3.32,3.32,3430,11388,581,10807,94.9,"Yes",255,"SACCO","No storage",19.6,"Farmgate",0.7,4.3,"Yes","No","Medium"
"GAHS-F0330","Ashanti",6.6335,-1.8943,"Female",27,"Primary",3,10,2.29,"Owned","Plantain","No","None","Poor",1561,"No","Major",2023,"Yes",58.2,"No","No",6,"No",3.83,8.77,1407,12339,1265,11074,89.7,"No",NA,"None","On-farm store",12,"Farmgate",12.4,5.6,"Yes","No","Medium"
"GAHS-F0331","Northern",9.31,-1.32,"Male",54,"Tertiary",4,40,5.43,"Gift","Maize","No","None","Moderate",1336,"No","Major",2021,"Yes",80.1,"No","No",2,"No",0.65,3.53,2946,10399,NA,7625,73.3,"No",NA,"None","Warehouse",15.8,"Local market",6.4,4.5,"Yes","No","Low"
"GAHS-F0332","Central",4.8995,-0.6417,"Female",51,"JHS",4,31,3.01,"Owned","Cassava","Yes","Goat/Sheep","Poor",1649,"Yes","Minor",2021,"Yes",93.5,"Yes","No",4,"No",2.95,8.88,1552,13782,1618,12164,88.3,"No",NA,"None","Warehouse",14.1,"Processor",13.3,3.1,"Yes","No","Medium"
"GAHS-F0333","Eastern",6.5456,-0.7418,"Male",39,"Primary",7,16,6.38,"Sharecrop","Plantain","No","None","Poor",1693,"Yes","Minor",2023,"Yes",78.3,"No","No",1,"Yes",3.23,20.61,1968,40560,3593,36967,91.1,"No",NA,"None","On-farm store",30,"Cooperative",17.7,3.1,"Yes","No","Medium"
"GAHS-F0334","Bono",7.7381,-2.778,"Male",42,"Primary",8,23,1.61,"Leased","Tomato","Yes","Mixed","Good",790,"Yes","Major",2023,"Yes",91.6,"No","No",2,"Yes",2.28,3.67,850,3120,983,2137,68.5,"No",NA,"None","On-farm store",NA,"Farmgate",29.6,5.6,"Yes","No","Medium"
"GAHS-F0335","Eastern",6.9205,0.1703,"Male",50,"JHS",7,30,0.79,"Gift","Oil Palm","Yes","Goat/Sheep","Moderate",1912,"No","Major",2022,"No",0,"No","No",4,"Yes",1.56,1.23,3209,3947,391,3556,90.1,"No",NA,"None","Rented silo",23.7,"Processor",12.7,4,"Yes","No","Medium"
"GAHS-F0336","North East",9.9158,-0.1836,"Male",44,"Primary",7,30,8.27,"Owned","Cowpea","No","None","Poor",879,"No","Minor",2021,"No",0,"No","No",0,"Yes",2.36,19.52,2049,39996,3014,36982,92.5,"Yes",480,"SACCO","On-farm store",8.8,"Farmgate",58,1.9,"Yes","No","Low"
"GAHS-F0337","Western North",6.1688,-2.1315,"Male",34,"JHS",4,16,1.88,"Sharecrop","Cocoa","Yes","Goat/Sheep","Excellent",1645,"Yes","Minor",2023,"No",0,"No","Yes",2,"Yes",1.72,3.23,4608,14884,599,14285,95,"No",NA,"None","On-farm store",9.1,"Farmgate",8.4,4,"Yes","No","Medium"
"GAHS-F0338","Northern",9.1451,-0.1915,"Male",41,"SHS",2,20,1.39,"Communal","Maize","Yes","Cattle","Excellent",671,"No","Major",2022,"No",0,"No","No",2,"No",1.5,2.08,2529,5260,506,4754,90.4,"Yes",682,"Moneylender","No storage",16.6,"Cooperative",0.5,3.7,"Yes","No","Low"
"GAHS-F0339","Ahafo",6.4107,-1.996,"Male",41,"Primary",4,20,1.97,"Owned","Cassava","Yes","Mixed","Excellent",1712,"No","Major",2022,"No",0,"No","No",4,"Yes",2.52,4.96,918,4553,874,3679,80.8,"No",NA,"None","No storage",18.6,"Cooperative",5.7,4.6,"Yes","No","Medium"
"GAHS-F0340","Ashanti",6.8662,-2.0462,"Female",32,"Tertiary",6,18,0.57,"Owned","Plantain","Yes","Poultry","Good",1315,"No","Minor",2022,"Yes",109.1,"No","No",8,"Yes",2.9,1.65,959,1582,312,1270,80.2,"Yes",1924,"MFI","On-farm store",26.5,"Farmgate",11.8,4.6,"Yes","No","Medium"
"GAHS-F0341","Eastern",6.3183,-0.7872,"Female",33,"JHS",5,16,1.45,"Sharecrop","Maize","Yes","Pig","Good",1677,"No","Minor",2021,"No",0,"No","Yes",2,"No",1.94,2.81,3390,9526,655,8871,93.1,"No",NA,"None","No storage",33.2,"Regional market",9.1,4,"Yes","No","Low"
"GAHS-F0342","Eastern",6.2396,-0.5674,"Male",33,"None",2,19,0.16,"Owned","Cocoa","Yes","Cattle","Poor",1746,"Yes","Major",2021,"No",0,"No","Yes",3,"No",3.26,0.52,2100,1092,100,992,90.8,"No",NA,"None","Warehouse",19.7,"Exporter",3.2,6.5,"Yes","No","Medium"
"GAHS-F0343","Savannah",9.1032,-2.3079,"Male",43,"Primary",8,35,0.97,"Communal","Maize","Yes","Cattle","Good",456,"No","Minor",2023,"Yes",27.4,"Yes","No",2,"Yes",3.61,3.5,2567,8984,480,NA,94.6,"No",NA,"None","No storage",NA,"Regional market",15.2,5.4,"Yes","Yes","Medium"
"GAHS-F0344","Ashanti",6.185,-1.172,"Male",41,"JHS",3,22,1.82,"Leased","Yam","No","None","Excellent",1080,"No","Major",2023,"Yes",NA,"No","No",2,"No",3.56,6.48,2173,14081,899,13182,93.6,"Yes",1185,"Bank","On-farm store",27.9,"Farmgate",3.9,4.5,"Yes","No","Low"
"GAHS-F0345","Bono",7.827,-2.0337,"Female",25,"SHS",4,11,0.88,"Owned","Maize","No","None","Moderate",999,"Yes","Major",2023,"Yes",77.8,"Yes","No",3,"No",2.35,2.07,946,1958,635,1323,67.5,"No",NA,"None","On-farm store",13.9,"Local market",0.5,5.3,"Yes","No","Medium"
"GAHS-F0346","Upper West",10.813,-2.2355,"Male",31,"SHS",5,15,4.19,"Sharecrop","Cowpea","No","None","Poor",582,"No","Major",2023,"Yes",134.8,"Yes","No",6,"No",3.22,13.49,5599,75531,2749,72782,95,"Yes",2229,"Moneylender","No storage",27.8,"Regional market",12.9,4.9,"Yes","No","Medium"
"GAHS-F0347","Upper West",9.8004,-2.7222,"Female",56,"SHS",3,36,1.84,"Communal","Sorghum","Yes","Poultry","Excellent",644,"Yes","Minor",2022,"Yes",115,"No","No",5,"No",1.11,2.04,1249,2548,983,1565,61.4,"Yes",2961,"Moneylender","On-farm store",24.2,"Farmgate",5.1,4,"Yes","No","Medium"
"GAHS-F0348","Ahafo",6.2917,-2.8493,"Male",44,"Tertiary",1,22,1.17,"Owned","Plantain","No","None","Good",1922,"No","Major",2021,"No",0,"No","No",2,"No",1.56,1.83,1342,2456,440,2016,82.1,"No",NA,"None","No storage",17.9,"Cooperative",0.5,3,"Yes","Yes","Low"
"GAHS-F0349","Western",5.648,-2.6734,"Male",42,"Tertiary",7,24,NA,"Owned","Cocoa","Yes","Cattle","Excellent",1527,"No","Major",2023,"Yes",NA,"No","Yes",5,"Yes",3.85,5.16,1238,NA,531,5857,91.7,"No",NA,"None","Rented silo",20.5,"Farmgate",1.6,6.9,"Yes","No","High"
"GAHS-F0350","Bono East",8.4671,-0.991,"Female",40,"JHS",4,29,1.15,"Sharecrop","Rice","Yes","Pig","Moderate",1030,"Yes","Major",2023,"No",0,"No","No",3,"Yes",0.47,0.54,3360,1814,602,1212,66.8,"Yes",1893,"Bank","On-farm store",20.7,"Exporter",6,NA,"Yes","Yes","Medium"
"GAHS-F0351","Ashanti",7.1401,-2.1714,"Female",55,"Primary",2,42,0.61,"Communal","Oil Palm","Yes","Cattle","Good",1851,"Yes","Major",2023,"No",0,"Yes","No",2,"No",0.86,0.52,4749,2469,NA,2335,94.5,"No",NA,"None","No storage",15.6,"Farmgate",8,4.4,"Yes","No","Low"
"GAHS-F0352","Bono",7.6184,-2.6267,"Male",55,"SHS",8,39,1.09,"Leased","Pepper","No","None","Excellent",814,"Yes","Major",2022,"No",0,"No","No",5,"No",1.59,1.73,1373,2375,161,2214,93.2,"Yes",2170,"SACCO","No storage",13.5,"Processor",5.5,4.7,"Yes","No","Low"
"GAHS-F0353","Bono",7.4727,-1.8008,"Male",57,"JHS",1,34,1.09,"Sharecrop","Cassava","No","None","Good",1221,"No","Minor",2023,"No",0,"No","No",0,"No",2.01,2.19,1742,3815,276,3539,92.7,"No",NA,"None","No storage",27.4,"Cooperative",6.7,3.9,"Yes","No","Low"
"GAHS-F0354","Western",4.9419,-1.465,"Male",42,"SHS",5,20,1.15,"Leased","Plantain","No","None","Poor",1473,"Yes","Minor",2022,"No",0,"No","No",2,"No",0.97,1.12,1739,1948,143,1805,92.6,"Yes",1151,"Family","On-farm store",12.4,"Local market",5.1,4.6,"Yes","No","Low"
"GAHS-F0355","Ahafo",7.0082,-2.6273,"Male",49,"Primary",5,30,5.3,"Owned","Plantain","Yes","Cattle","Good",1786,"Yes","Major",2023,"No",NA,"No","No",1,"Yes",NA,15.21,1329,20214,2263,17951,88.8,"No",NA,"None","On-farm store",15.2,"Farmgate",9.9,4.9,"Yes","Yes","Low"
"GAHS-F0356","Eastern",6.2143,0.0738,"Male",38,"SHS",6,19,2.22,"Leased","Oil Palm","No","None","Poor",1486,"Yes","Minor",2023,"No",0,"No","No",4,"No",2.95,6.55,702,4598,1076,3522,76.6,"No",NA,"None","On-farm store",30.5,"Local market",3.4,4.2,"Yes","No","Low"
"GAHS-F0357","Bono East",7.6926,-1.6499,"Male",59,"None",3,37,1.8,"Communal","Maize","No","None","Excellent",1088,"No","Minor",2021,"Yes",52.3,"No","No",3,"No",1.91,3.44,1401,4819,828,3991,82.8,"No",NA,"None","Warehouse",26.4,"Local market",15,4.6,"Yes","No","Medium"
"GAHS-F0358","Northern",9.3115,-0.8637,"Female",57,"SHS",3,36,4.35,"Gift","Maize","Yes","Cattle","Moderate",862,"No","Major",2021,"No",0,"No","No",0,"No",1.64,7.13,1774,12649,1850,10799,85.4,"Yes",3595,"MFI","On-farm store",19.4,"Exporter",2.1,4.6,"Yes","No","Low"
"GAHS-F0359","Ashanti",6.742,-1.1025,"Male",52,"None",9,35,3.6,"Gift","Cocoa","Yes","Pig","Poor",1567,"No","Minor",2023,"Yes",33.3,"No","Yes",2,"Yes",3.75,13.5,6185,NA,1574,81924,95,"Yes",8773,"MFI","Warehouse",14.8,"Farmgate",0.7,2.8,"Yes","No","Medium"
"GAHS-F0360","North East",10.3809,-0.1759,"Male",58,"None",7,41,4.81,"Leased","Maize","Yes","Goat/Sheep","Excellent",746,"Yes","Major",2021,"No",0,"Yes","Yes",0,"No",2.18,10.49,1823,19123,1993,17130,89.6,"No",NA,"None","Warehouse",NA,"Cooperative",2.2,4.4,"Yes","No","Medium"
"GAHS-F0361","Oti",8.2775,0.7511,"Male",33,"None",7,16,0.86,"Sharecrop","Cassava","No","None","Moderate",958,"Yes","Major",2023,"Yes",80.8,"Yes","Yes",4,"No",3.48,2.99,1048,NA,556,2578,82.2,"No",NA,"None","No storage",29.4,"Farmgate",4.6,4,"Yes","No","High"
"GAHS-F0362","Eastern",6.2538,-0.3423,"Male",44,"JHS",4,26,1.29,"Leased","Cocoa","No","None","Moderate",1819,"No","Major",2023,"Yes",16.5,"No","No",5,"Yes",2.43,3.13,2297,7190,581,6609,91.9,"No",NA,"None","No storage",16.2,"Farmgate",7.5,NA,"Yes","No","Medium"
"GAHS-F0363","Eastern",6.5895,-0.3761,"Female",40,"JHS",7,21,1.17,"Sharecrop","Cassava","No","None","Excellent",1846,"Yes","Major",2021,"No",0,"Yes","No",0,"Yes",2.58,3.02,1804,5448,388,NA,92.9,"No",NA,"None","On-farm store",24,"Exporter",1.3,5.5,"Yes","Yes","Medium"
"GAHS-F0364","Western North",6.4183,-2.097,"Male",54,"Primary",9,38,0.79,"Owned","Plantain","Yes","Mixed","Good",1867,"No","Minor",2023,"Yes",99.8,"No","Yes",2,"No",1.71,1.35,1517,2048,NA,NA,78.9,"No",NA,"None","No storage",10.8,"Cooperative",35.3,6.6,"Yes","No","Medium"
"GAHS-F0365","Volta",7.5046,0.2285,"Female",28,"SHS",5,12,3.07,"Leased","Rice","No","None","Poor",579,"Yes","Minor",2022,"Yes",65.6,"Yes","No",2,"No",3.33,10.22,3179,32489,1567,NA,95,"Yes",2169,"Family","No storage",13.6,"Farmgate",8.5,0.6,"Yes","No","Medium"
"GAHS-F0366","Bono",7.6094,-2.6002,"Female",49,"Primary",6,31,2.03,"Leased","Maize","No","None","Good",1068,"Yes","Major",2023,"No",0,"No","No",3,"Yes",1.06,2.15,1515,3257,683,2574,79,"No",NA,"None","Warehouse",5.3,"Exporter",12.8,4.3,"Yes","No","Medium"
"GAHS-F0367","Savannah",9.4942,-2.1189,"Female",65,"None",5,43,5.49,"Sharecrop","Groundnut","Yes","Poultry","Good",916,"Yes","Major",2021,"Yes",44.7,"Yes","No",6,"Yes",2.07,11.36,861,9781,2399,7382,75.5,"No",NA,"None","On-farm store",14.1,"Local market",0.5,4.6,"Yes","No","High"
"GAHS-F0368","Eastern",6.7089,-0.3995,"Male",34,"JHS",9,14,3.48,"Communal","Cassava","No","None","Good",1644,"No","Minor",2022,"Yes",72.5,"No","No",3,"Yes",3.78,13.15,1287,16924,1979,14945,88.3,"Yes",2671,"Moneylender","On-farm store",13,"Regional market",0.5,3.8,"Yes","No","Medium"
"GAHS-F0369","North East",10.4524,-0.7803,"Male",41,"Primary",6,22,2.19,"Communal","Groundnut","Yes","Cattle","Good",610,"No","Major",2023,"Yes",61.2,"No","No",5,"Yes",3.41,7.47,1044,7799,1043,6756,86.6,"No",NA,"None","No storage",12.3,"Farmgate",10,4.7,"Yes","Yes","Medium"
"GAHS-F0370","Western North",6.5428,-2.0887,"Female",73,"JHS",7,55,17.65,"Communal","Cocoa","Yes","Goat/Sheep","Excellent",1980,"Yes","Major",2021,"No",0,"Yes","No",4,"No",3.51,61.95,669,41445,7051,34394,83,"Yes",3270,"Family","Rented silo",19,"Exporter",0.7,4.3,"Yes","Yes","Medium"
"GAHS-F0371","Ashanti",6.7632,-2.0894,"Female",38,"JHS",7,23,5.28,"Communal","Oil Palm","Yes","Goat/Sheep","Moderate",2036,"Yes","Minor",2023,"No",0,"No","No",1,"Yes",0.85,4.49,624,2802,2067,735,26.2,"Yes",1109,"Bank","Rented silo",8.5,"Regional market",25.2,5.2,"Yes","No","Low"
"GAHS-F0372","Greater Accra",5.3368,-0.4644,"Male",48,"SHS",5,33,1.18,"Owned","Yam","No","None","Excellent",892,"No","Major",2022,"No",0,"No","No",1,"No",1.7,2.01,4386,8816,443,8373,95,"No",NA,"None","On-farm store",21.5,"Regional market",26,3,"Yes","No","Low"
"GAHS-F0373","Greater Accra",5.9899,-0.6449,"Female",43,"Primary",2,29,1.51,"Owned","Yam","Yes","Goat/Sheep","Good",1006,"Yes","Minor",2022,"Yes",140.2,"No","No",4,"No",4.33,6.54,2823,18462,1137,17325,93.8,"No",NA,"None","On-farm store",15.1,"Farmgate",7,4.2,"Yes","No","Medium"
"GAHS-F0374","Savannah",9.4962,-1.6168,"Female",44,"None",8,28,2.33,"Communal","Yam","No","None","Excellent",949,"No","Major",2021,"Yes",131.8,"No","No",4,"Yes",2.35,5.48,1225,6713,1649,5064,75.4,"Yes",3361,"SACCO","On-farm store",14.6,"Regional market",16.8,NA,"Yes","Yes","Medium"
"GAHS-F0375","Eastern",6.5784,-0.9134,"Female",30,"JHS",1,9,2.92,"Sharecrop","Yam","Yes","Pig","Good",1737,"No","Major",2022,"No",0,"No","No",1,"Yes",1.35,3.94,1154,4547,852,3695,81.2,"Yes",558,"Bank","No storage",12.3,"Local market",27.6,3.6,"Yes","No","Low"
"GAHS-F0376","Upper East",10.9804,-0.9837,"Female",67,"JHS",6,45,0.76,"Gift","Sorghum","No","None","Good",529,"No","Major",2022,"No",0,"No","Yes",3,"No",0.61,0.46,5211,2397,100,2297,95,"Yes",2192,"Moneylender","Warehouse",0,"Farmgate",45.4,2,"Yes","No","Medium"
"GAHS-F0377","Northern",9.4503,-0.2142,"Male",57,"JHS",2,35,0.69,"Leased","Maize","Yes","Poultry","Poor",571,"Yes","Minor",2022,"No",0,"No","Yes",3,"No",2.69,1.86,2265,4213,NA,3791,90,"No",NA,"None","On-farm store",5.9,"Local market",29.5,6.1,"Yes","No","Medium"
"GAHS-F0378","Ahafo",6.6174,-2.1795,"Female",62,"JHS",3,43,0.54,"Leased","Cassava","Yes","Cattle","Excellent",2011,"Yes","Minor",2021,"Yes",33.3,"No","Yes",2,"Yes",2.63,1.42,2464,3499,306,3193,91.2,"No",NA,"None","No storage",13.7,"Regional market",0.7,5.4,"Yes","Yes","Medium"
"GAHS-F0379","Central",5.0963,-1.0939,"Male",47,"Primary",2,31,2.15,"Owned","Yam","No","None","Good",1928,"No","Major",2023,"Yes",80.4,"No","No",1,"No",1.7,3.65,1391,5077,1477,3600,70.9,"No",NA,"None","No storage",17.7,"Processor",1.3,6.1,"Yes","No","Low"
"GAHS-F0380","Northern",10.1594,-0.6064,"Female",58,"Primary",5,42,1,"Owned","Yam","Yes","Mixed","Moderate",1073,"No","Minor",2023,"No",0,"No","No",2,"No",1.98,1.98,1813,NA,196,3394,94.5,"No",NA,"None","No storage",35.9,"Processor",3.3,NA,"Yes","No","Low"
"GAHS-F0381","Northern",9.3172,-0.3726,"Male",45,"None",4,22,NA,"Communal","Cowpea","No","None","Excellent",560,"No","Major",2022,"No",NA,"No","No",3,"No",1.19,1.29,1356,1749,248,1501,85.8,"No",NA,"None","On-farm store",9.1,"Regional market",4.8,6.8,"Yes","No","Low"
"GAHS-F0382","Ashanti",6.1179,-2.1384,"Male",55,"JHS",8,38,2.6,"Owned","Plantain","No","None","Moderate",1609,"No","Major",2023,"No",0,"No","No",1,"No",0.83,2.16,1071,2313,1038,1275,55.1,"No",NA,"None","On-farm store",29.8,"Farmgate",4.4,4.4,"Yes","No","Low"
"GAHS-F0383","Upper West",9.9243,-2.6359,"Male",32,"JHS",1,13,NA,"Communal","Cowpea","Yes","Pig","Poor",927,"Yes","Major",2023,"Yes",46.3,"No","No",3,"No",0.67,2.47,899,2221,1607,614,27.6,"No",NA,"None","Warehouse",27.2,"Regional market",1,4,"Yes","Yes","Medium"
"GAHS-F0384","Bono East",8.0162,-1.5925,"Female",38,"SHS",2,20,6.01,"Communal","Yam","No","None","Moderate",614,"Yes","Major",2021,"Yes",89.4,"No","Yes",6,"Yes",3.94,23.68,854,20223,3446,16777,83,"No",NA,"None","Warehouse",12.6,"Local market",2.4,5.7,"Yes","No","High"
"GAHS-F0385","Northern",9.1162,-1.1314,"Male",25,"Primary",5,7,1.4,"Owned","Groundnut","Yes","Mixed","Good",681,"No","Minor",2023,"Yes",108,"Yes","No",5,"No",4.15,5.81,3823,22212,832,21380,95,"Yes",806,"Family","Warehouse",6.8,"Farmgate",16.8,3,"Yes","No","Medium"
"GAHS-F0386","Savannah",8.9624,-1.8364,"Male",39,"SHS",1,18,1.6,"Communal","Maize","Yes","Cattle","Good",867,"No","Major",2022,"No",0,"No","No",2,"Yes",0.05,0.08,1557,125,616,-491,-80,"No",NA,"None","No storage",21.5,"Local market",9,6.3,"No","No","Low"
"GAHS-F0387","Upper West",10.7978,-1.9701,"Female",53,"JHS",6,31,1.78,"Leased","Maize","Yes","Mixed","Moderate",871,"No","Major",2022,"No",0,"Yes","No",1,"No",NA,4.47,883,3947,712,3235,81.9,"Yes",1854,"Moneylender","On-farm store",11,"Processor",18.5,3.1,"Yes","No","Low"
"GAHS-F0388","Ashanti",6.6765,-1.0376,"Female",43,"None",8,26,2.37,"Communal","Oil Palm","Yes","Cattle","Poor",1335,"No","Minor",2023,"Yes",24.2,"No","No",5,"Yes",3.07,7.28,759,5526,895,4631,83.8,"No",NA,"None","On-farm store",10.8,"Cooperative",NA,4.9,"Yes","No","Medium"
"GAHS-F0389","Savannah",9.311,-2.1424,"Female",59,"JHS",9,37,2.06,"Owned","Sorghum","Yes","Goat/Sheep","Moderate",1143,"Yes","Major",2021,"Yes",33.9,"No","Yes",5,"No",1.89,3.89,2147,8352,943,7409,88.7,"No",NA,"None","No storage",20,"Local market",31.7,3.5,"Yes","No","Medium"
"GAHS-F0390","Oti",7.6907,0.5189,"Male",44,"JHS",7,32,1.67,"Owned","Maize","Yes","Poultry","Poor",1049,"No","Major",2021,"Yes",107.6,"No","Yes",3,"Yes",2.09,3.49,776,2708,633,2075,76.6,"Yes",6873,"Bank","No storage",31.1,"Regional market",0.5,6.9,"Yes","Yes","High"
"GAHS-F0391","Western",4.5079,-2.2152,"Female",53,"SHS",6,32,1.2,"Owned","Yam","No","None","Poor",1264,"No","Major",2023,"Yes",5,"No","No",4,"Yes",3.19,3.83,1473,5642,178,5464,95,"No",NA,"None","On-farm store",16.1,"Local market",1.1,3.8,"Yes","Yes","Medium"
"GAHS-F0392","Ahafo",7.0652,-2.797,"Male",61,"SHS",6,47,3.55,"Leased","Cassava","No","None","Good",1696,"No","Major",2021,"Yes",81.2,"Yes","No",3,"No",2.82,10.01,783,7838,2191,5647,72,"No",NA,"None","On-farm store",17,"Regional market",6.3,5.5,"Yes","No","Medium"
"GAHS-F0393","Ashanti",6.4394,-2.0836,"Male",46,"JHS",6,24,1.36,"Leased","Cocoa","Yes","Cattle","Moderate",1682,"Yes","Minor",2023,"Yes",79.2,"No","No",3,"Yes",3.03,4.12,1477,6085,550,5535,90.9,"Yes",2082,"MFI","No storage",13.7,"Farmgate",1.2,3,"Yes","No","Medium"
"GAHS-F0394","Greater Accra",4.9833,0.0342,"Female",55,"None",6,32,3.11,"Gift","Maize","No","None","Excellent",1122,"Yes","Major",2022,"No",0,"No","Yes",1,"No",3.17,9.86,3791,37379,1280,36099,95,"Yes",1609,"MFI","No storage",11.1,"Processor",25.7,4.4,"Yes","No","Low"
"GAHS-F0395","Central",6.0632,-1.4085,"Male",69,"Primary",4,55,2.43,"Owned","Cocoa","Yes","Poultry","Good",1471,"No","Minor",2022,"Yes",55.6,"No","No",2,"No",3.54,8.6,1520,13072,1029,12043,92.1,"No",NA,"None","No storage",6.6,"Processor",1.4,2.9,"Yes","No","Low"
"GAHS-F0396","Bono",8.0144,-2.5503,"Male",50,"JHS",5,32,2.88,"Leased","Maize","No","None","Moderate",1159,"No","Major",2021,"No",0,"No","No",0,"No",2.67,7.69,1104,8490,1080,7410,87.3,"No",NA,"None","On-farm store",22.3,"Regional market",3.1,5.1,"Yes","No","Low"
"GAHS-F0397","Ahafo",7.5276,-2.4819,"Male",32,"JHS",2,15,1.38,"Owned","Cocoa","Yes","Mixed","Poor",1243,"No","Minor",2023,"Yes",27.3,"No","No",2,"No",2.54,3.51,1442,5061,583,NA,88.5,"No",NA,"None","On-farm store",17.2,"Processor",11,5.1,"Yes","Yes","Low"
"GAHS-F0398","Northern",10.0571,-1.2531,"Male",46,"JHS",7,27,1.5,"Sharecrop","Groundnut","Yes","Poultry","Good",1159,"No","Minor",2022,"Yes",75.1,"Yes","No",2,"Yes",2.45,3.68,1130,4158,902,3256,78.3,"Yes",831,"Moneylender","On-farm store",35.7,"Exporter",15.1,3.9,"Yes","Yes","Medium"
"GAHS-F0399","Savannah",8.7621,-1.2268,"Female",55,"Primary",6,35,1.34,"Sharecrop","Millet","Yes","Goat/Sheep","Poor",1426,"No","Major",2023,"No",0,"No","No",4,"Yes",2.49,3.34,2876,9606,481,9125,95,"No",NA,"None","On-farm store",22.9,"Cooperative",9,NA,"Yes","No","Medium"
"GAHS-F0400","Eastern",6.4816,-0.3448,"Female",40,"JHS",7,24,1.26,"Leased","Oil Palm","Yes","Poultry","Poor",1417,"No","Major",2023,"No",0,"No","Yes",1,"No",4.48,5.64,1607,9063,746,NA,91.8,"No",NA,"None","Warehouse",12.6,"Exporter",2.5,5,"Yes","No","Low"
"GAHS-F0401","North East",11.1489,-0.9795,"Male",52,"Tertiary",6,30,1.99,"Owned","Groundnut","Yes","Goat/Sheep","Good",823,"Yes","Minor",2022,"Yes",56.2,"Yes","No",4,"No",3.59,7.14,1383,9875,742,9133,92.5,"No",NA,"None","Rented silo",14.9,"Cooperative",NA,1.9,"Yes","No","Medium"
"GAHS-F0402","Upper East",10.6049,-1.2981,"Male",40,"None",8,23,2.41,"Communal","Maize","Yes","Cattle","Moderate",NA,"Yes","Major",2022,"Yes",53.2,"No","No",1,"Yes",3.24,7.81,991,7740,1356,6384,82.5,"No",NA,"None","No storage",32,"Processor",19.6,4.8,"Yes","No","Medium"
"GAHS-F0403","Western North",6.7743,-2.0752,"Male",48,"SHS",6,34,9,"Sharecrop","Plantain","No","None","Moderate",1369,"Yes","Minor",2022,"Yes",47.6,"No","Yes",1,"No",2.93,26.37,2608,68773,4456,64317,93.5,"No",NA,"None","Rented silo",25.8,"Processor",14.1,4.4,"Yes","No","Medium"
"GAHS-F0404","Western",5.2421,-1.9447,"Male",45,"SHS",2,29,4.3,"Owned","Cocoa","Yes","Cattle","Moderate",1311,"No","Major",2022,"Yes",21.4,"No","No",5,"Yes",2.22,9.55,2339,22337,1932,20405,91.3,"No",NA,"None","Rented silo",11.6,"Regional market",0.6,4.4,"Yes","No","Medium"
"GAHS-F0405","Bono East",8.1374,-1.2678,"Female",42,"SHS",3,25,4.13,"Sharecrop","Yam","Yes","Cattle","Poor",805,"Yes","Major",2021,"No",0,"No","Yes",3,"No",2.77,11.44,664,7596,1685,5911,77.8,"No",NA,"None","Warehouse",9.4,"Farmgate",16.7,5.5,"Yes","No","Medium"
"GAHS-F0406","Eastern",6.9108,-0.5567,"Female",35,"JHS",3,21,2.87,"Owned","Cassava","Yes","Goat/Sheep","Moderate",1686,"No","Major",2022,"Yes",66.6,"No","No",2,"No",2.34,6.72,570,3830,1448,2382,62.2,"No",NA,"None","Rented silo",20.3,"Farmgate",9.5,4.4,"Yes","No","Low"
"GAHS-F0407","Upper West",9.8544,-3.1199,"Male",67,"Tertiary",5,46,14.94,"Communal","Millet","Yes","Goat/Sheep","Excellent",1037,"Yes","Major",2021,"Yes",44.9,"Yes","Yes",2,"No",3.65,54.53,5044,275049,6885,268164,95,"No",NA,"None","Warehouse",7.4,"Regional market",4.4,2.8,"Yes","Yes","Medium"
"GAHS-F0408","Ashanti",6.9893,-2.002,"Female",41,"None",2,25,7.92,"Leased","Plantain","No","None","Good",1412,"No","Major",2021,"No",0,"No","No",0,"No",3.02,23.92,813,19447,3005,16442,84.5,"No",NA,"None","Warehouse",8.9,"Farmgate",10.8,2.9,"Yes","No","Low"
"GAHS-F0409","Upper East",11.2674,-0.4516,"Female",57,"JHS",6,35,4.56,"Sharecrop","Groundnut","Yes","Goat/Sheep","Good",1002,"Yes","Major",2021,"No",0,"No","Yes",3,"No",2,9.12,1586,14464,2028,12436,86,"No",NA,"None","On-farm store",20.2,"Local market",52.2,3.8,"Yes","No","Medium"
"GAHS-F0410","Northern",9.0826,-0.5555,"Male",42,"None",10,19,2.39,"Owned","Groundnut","Yes","Goat/Sheep","Good",1140,"Yes","Major",2021,"No",0,"Yes","Yes",0,"No",4.35,10.4,2927,30441,874,29567,95,"Yes",1598,"Bank","On-farm store",6,"Exporter",10,0.7,"Yes","Yes","Medium"
"GAHS-F0411","Savannah",9.3023,-1.8061,"Male",62,"None",2,40,0.93,"Owned","Sorghum","No","None","Moderate",1129,"Yes","Major",2022,"Yes",106.4,"No","No",2,"No",NA,2.6,2714,7056,629,6427,91.1,"No",NA,"None","Rented silo",14.1,"Regional market",22.8,4.1,"Yes","No","Low"
"GAHS-F0412","Savannah",9.4296,-2.1116,"Female",25,"JHS",8,4,1.09,"Owned","Groundnut","Yes","Goat/Sheep","Poor",1109,"Yes","Minor",2023,"No",0,"No","Yes",1,"No",1.92,2.09,1148,2399,338,2061,85.9,"Yes",1646,"MFI","On-farm store",NA,"Regional market",23.5,5.7,"Yes","No","Low"
"GAHS-F0413","North East",10.7154,-0.3341,"Female",65,"SHS",2,48,2.12,"Owned","Sorghum","Yes","Poultry","Good",886,"Yes","Minor",2023,"No",0,"No","Yes",4,"No",2.08,4.41,1942,8564,644,7920,92.5,"No",NA,"None","On-farm store",17.5,"Processor",2,3.6,"Yes","No","Medium"
"GAHS-F0414","Northern",10.1371,-0.8607,"Male",59,"JHS",6,42,1.88,"Sharecrop","Sorghum","Yes","Cattle","Excellent",1102,"No","Minor",2021,"Yes",106.2,"No","No",4,"No",1.94,3.65,3363,12275,1096,NA,91.1,"Yes",1387,"MFI","No storage",14.2,"Farmgate",3.5,3.7,"Yes","No","Medium"
"GAHS-F0415","Oti",8.2725,0.6329,"Male",45,"Primary",5,24,0.46,"Owned","Maize","No","None","Good",1064,"Yes","Minor",2021,"Yes",NA,"No","No",4,"No",3.18,1.46,875,1278,362,916,71.6,"No",NA,"None","Warehouse",9.7,"Regional market",31,5.9,"Yes","No","Medium"
"GAHS-F0416","Eastern",6.9937,-0.5995,"Female",42,"Tertiary",6,21,2.94,"Owned","Cassava","Yes","Goat/Sheep","Excellent",1671,"No","Major",2023,"Yes",52.2,"No","No",1,"Yes",1.78,5.23,860,4498,1531,2967,65.9,"No",NA,"None","Warehouse",9.1,"Local market",0.9,6.6,"Yes","No","Medium"
"GAHS-F0417","Ashanti",7.2911,-1.4673,"Female",53,"JHS",6,32,1.68,"Owned","Maize","Yes","Goat/Sheep","Good",1614,"Yes","Major",2023,"No",0,"No","Yes",0,"No",1.63,2.74,731,2003,807,1196,59.7,"No",NA,"None","No storage",39.7,"Regional market",5.4,3.8,"Yes","Yes","Low"
"GAHS-F0418","Western",4.5567,-2.5079,"Male",53,"JHS",4,34,3.68,"Owned","Plantain","Yes","Mixed","Good",1935,"Yes","Major",2022,"No",0,"No","No",2,"No",2.79,10.27,4536,46585,1429,45156,95,"Yes",2234,"MFI","Warehouse",NA,"Farmgate",13.7,3,"Yes","No","Low"
"GAHS-F0419","Western",5.0668,-1.7767,"Male",57,"None",3,34,1.08,"Owned","Cocoa","Yes","Mixed","Good",1736,"Yes","Minor",2023,"Yes",69.9,"No","Yes",3,"Yes",1.69,1.83,4234,7748,428,NA,94.5,"Yes",1643,"MFI","Rented silo",NA,"Farmgate",8.5,3.2,"Yes","No","High"
"GAHS-F0420","Oti",7.6478,0.7195,"Male",45,"JHS",4,25,1.11,"Communal","Yam","No","None","Good",1052,"No","Minor",2021,"Yes",5,"No","No",3,"No",4.31,4.78,1462,6988,363,6625,94.8,"No",NA,"None","No storage",15,"Local market",5.4,2.2,"Yes","No","Medium"
"GAHS-F0421","Ashanti",6.8791,-1.2753,"Male",47,"Primary",5,35,5.61,"Sharecrop","Cocoa","No","None","Excellent",1760,"Yes","Minor",2023,"Yes",28.1,"Yes","Yes",2,"No",3.45,19.35,1362,26355,2565,23790,90.3,"Yes",1101,"Bank","No storage",8.1,"Regional market",29.7,7.2,"Yes","Yes","Medium"
"GAHS-F0422","Upper West",10.0896,-2.7882,"Male",34,"Primary",1,9,1.91,"Leased","Sorghum","No","None","Moderate",903,"Yes","Major",2022,"Yes",94.6,"No","Yes",6,"Yes",2.5,4.77,2644,12612,1112,11500,91.2,"Yes",1700,"Moneylender","On-farm store",18.6,"Local market",17.4,2.2,"Yes","No","High"
"GAHS-F0423","Bono",7.9902,-1.7532,"Male",62,"SHS",7,47,0.17,"Leased","Maize","Yes","Goat/Sheep","Excellent",971,"No","Minor",2021,"Yes",109.7,"No","No",5,"No",3.36,0.57,1306,744,106,638,85.6,"Yes",2517,"SACCO","On-farm store",NA,"Regional market",5.3,4.2,"Yes","No","Medium"
"GAHS-F0424","Upper East",10.307,-0.55,"Male",45,"None",3,18,2.17,"Communal","Groundnut","No","None","Excellent",985,"No","Major",2023,"Yes",NA,"No","No",3,"Yes",2.13,4.62,780,3604,1295,2309,64,"Yes",1153,"Family","Warehouse",30.7,"Local market",28.4,NA,"Yes","No","Medium"
"GAHS-F0425","Western North",6.53,-2.5411,"Male",49,"JHS",3,26,8.97,"Owned","Plantain","Yes","Pig","Poor",1373,"Yes","Minor",2021,"Yes",54.9,"No","No",7,"Yes",3.47,31.13,862,26834,4388,22446,83.6,"No",NA,"None","No storage",19.6,"Local market",0.5,5.9,"Yes","No","Medium"
"GAHS-F0426","North East",10.7467,-0.8179,"Male",54,"SHS",6,39,5.76,"Communal","Groundnut","Yes","Pig","Good",1070,"No","Major",2022,"No",0,"No","No",6,"No",1.02,5.88,1224,7197,2325,4872,67.7,"No",NA,"None","No storage",NA,"Farmgate",5.8,3.4,"Yes","No","Low"
"GAHS-F0427","Eastern",6.372,-0.4505,"Male",66,"Primary",2,46,2.23,"Owned","Plantain","No","None","Good",1441,"No","Major",2022,"No",0,"No","No",1,"No",1.5,3.34,3857,12882,928,11954,92.8,"No",NA,"None","Warehouse",16.1,"Local market",0.5,5.1,"Yes","No","Low"
"GAHS-F0428","Western North",5.7852,-3.1798,"Female",58,"Tertiary",5,40,4.57,"Owned","Cassava","No","None","Moderate",1661,"Yes","Major",2023,"Yes",85.3,"No","Yes",6,"No",3.8,17.37,2563,44519,2269,42250,94.9,"No",NA,"None","On-farm store",11.4,"Local market",0.5,4.1,"Yes","No","Medium"
"GAHS-F0429","Western North",6.0356,-3.3028,"Male",55,"Primary",4,41,2.27,"Owned","Cocoa","No","None","Poor",1788,"No","Minor",2021,"No",0,"No","No",2,"Yes",2.63,5.97,760,4537,902,3635,80.1,"Yes",2451,"Bank","No storage",21.2,"Local market",9.9,4.9,"Yes","No","Low"
"GAHS-F0430","Upper West",10.6993,-3.0542,"Female",44,"None",9,30,7.55,"Owned","Millet","Yes","Poultry","Poor",928,"Yes","Major",2023,"Yes",93,"No","No",5,"No",2.28,17.21,2033,34988,4450,30538,87.3,"Yes",2913,"Family","On-farm store",NA,"Cooperative",7.7,3.7,"Yes","No","Medium"
"GAHS-F0431","Northern",9.1216,-0.8188,"Male",23,"SHS",7,4,4.42,"Owned","Groundnut","Yes","Goat/Sheep","Good",743,"Yes","Major",2022,"Yes",167.3,"No","No",3,"Yes",2.35,10.39,1209,12562,3045,9517,75.8,"Yes",49487,"Moneylender","No storage",29.1,"Farmgate",2,5.6,"Yes","No","Medium"
"GAHS-F0432","Western North",6.1856,-2.7426,"Female",60,"Primary",2,38,3.65,"Communal","Cocoa","No","None","Moderate",1622,"Yes","Major",2021,"No",0,"No","No",3,"No",1.58,5.77,1225,7068,1493,5575,78.9,"Yes",2398,"SACCO","Warehouse",4,"Local market",2.5,3.9,"Yes","No","Low"
"GAHS-F0433","Ashanti",6.812,-2.0665,"Male",65,"SHS",1,41,2.7,"Owned","Cocoa","No","None","Moderate",1327,"No","Minor",2022,"Yes",62.3,"Yes","No",5,"No",2.77,7.48,1142,8542,1126,7416,86.8,"No",NA,"None","No storage",21.8,"Farmgate",17,4.7,"Yes","No","Medium"
"GAHS-F0434","Bono",7.5235,-2.2221,"Female",67,"None",7,46,5.04,"Owned","Cassava","Yes","Goat/Sheep","Moderate",1014,"Yes","Major",2023,"No",0,"No","Yes",1,"No",0.87,4.38,1551,6793,2075,4718,69.4,"No",NA,"None","No storage",42.4,"Cooperative",0.9,5,"Yes","No","Low"
"GAHS-F0435","Bono East",7.8707,-1.3657,"Male",55,"JHS",3,32,NA,"Owned","Tomato","Yes","Poultry","Moderate",737,"No","Major",2021,"No",0,"No","No",1,"No",1.5,7.11,1142,8120,1718,6402,78.8,"No",NA,"None","Rented silo",17.4,"Farmgate",0.5,3.4,"Yes","No","Low"
"GAHS-F0436","Ashanti",6.8538,-1.2454,"Female",46,"JHS",6,29,1.9,"Sharecrop","Cocoa","Yes","Cattle","Good",2029,"Yes","Major",2022,"No",0,"Yes","Yes",2,"No",2.54,4.83,4345,NA,677,20309,95,"Yes",2271,"MFI","Warehouse",10.1,"Cooperative",0.6,3.5,"Yes","No","Medium"
"GAHS-F0437","Bono East",7.9591,-1.0705,"Male",26,"None",4,5,3.88,"Owned","Tomato","No","None","Poor",400,"No","Major",2023,"Yes",77,"No","No",3,"Yes",4.24,16.45,828,13621,2045,11576,85,"No",NA,"None","Warehouse",14.1,"Farmgate",3.7,4.6,"Yes","No","Medium"
"GAHS-F0438","Ashanti",6.4982,-1.2069,"Female",46,"None",1,27,4.02,"Owned","Cassava","Yes","Poultry","Good",1800,"No","Major",2022,"Yes",115.3,"No","No",4,"No",1.74,6.99,1353,9457,2335,7122,75.3,"Yes",614,"Moneylender","On-farm store",9.3,"Local market",6.4,4.8,"Yes","No","Medium"
"GAHS-F0439","Ashanti",7.2536,-1.7865,"Male",43,"None",1,28,5.1,"Gift","Oil Palm","Yes","Mixed","Excellent",1326,"No","Major",2022,"Yes",87.2,"No","Yes",1,"No",3.54,18.05,1241,22400,2606,19794,88.4,"No",NA,"None","Warehouse",20.9,"Farmgate",11.8,7.2,"Yes","No","Medium"
"GAHS-F0440","Eastern",6.8096,-0.7809,"Female",51,"Primary",4,28,5.97,"Leased","Plantain","No","None","Excellent",1944,"Yes","Minor",2021,"No",0,"No","Yes",0,"No",0.77,4.6,887,4080,2400,NA,41.2,"Yes",1794,"Family","No storage",15,"Regional market",10.4,3.1,"Yes","No","Low"
"GAHS-F0441","Upper East",10.3471,-1.3523,"Male",29,"Primary",5,7,3.69,"Communal","Maize","Yes","Mixed","Excellent",794,"No","Major",2022,"Yes",56.1,"No","No",2,"Yes",2.74,10.11,1428,14437,1987,12450,86.2,"No",NA,"None","On-farm store",16.3,"Regional market",22.6,3.7,"Yes","Yes","Medium"
"GAHS-F0442","Upper East",10.8812,-0.8865,"Male",46,"SHS",5,30,3.48,"Communal","Maize","Yes","Poultry","Moderate",599,"No","Minor",2022,"No",0,"No","Yes",4,"Yes",3.01,10.47,791,8282,1265,7017,84.7,"No",NA,"None","No storage",24.1,"Local market",29.6,4.1,"Yes","No","Medium"
"GAHS-F0443","Ahafo",7.3644,-2.9887,"Male",47,"SHS",4,33,1.54,"Leased","Cassava","No","None","Good",1431,"No","Minor",2023,"No",0,"Yes","Yes",3,"No",2.77,4.27,1696,7242,648,6594,91,"No",NA,"None","No storage",24.7,"Cooperative",20.1,5,"Yes","Yes","Medium"
"GAHS-F0444","North East",10.8246,-0.6522,"Male",52,"SHS",5,35,2.59,"Owned","Millet","No","None","Moderate",921,"Yes","Major",2022,"Yes",142,"No","No",3,"Yes",2.92,7.56,1471,11121,1806,9315,83.8,"No",NA,"None","Warehouse",16.8,"Regional market",32.4,4.1,"Yes","No","Medium"
"GAHS-F0445","Central",5.4729,-1.5371,"Female",38,"JHS",11,17,1.63,"Gift","Cocoa","Yes","Poultry","Moderate",1752,"Yes","Major",2021,"Yes",59.9,"No","Yes",3,"No",3,4.89,609,2978,732,2246,75.4,"Yes",381,"SACCO","On-farm store",20.6,"Farmgate",5.1,3.2,"Yes","No","Medium"
"GAHS-F0446","Savannah",9.5206,-1.6112,"Female",51,"Primary",8,36,1.24,"Communal","Sorghum","No","None","Moderate",549,"Yes","Minor",2022,"No",0,"No","No",3,"No",0.99,1.23,1153,1418,624,794,56,"No",NA,"None","No storage",27,"Farmgate",56,3.7,"Yes","No","Low"
"GAHS-F0447","Western North",5.8757,-2.1569,"Male",47,"None",2,30,0.58,"Communal","Plantain","No","None","Good",1440,"No","Minor",2021,"Yes",21.4,"Yes","Yes",1,"No",4.11,2.38,968,2304,177,2127,92.3,"No",NA,"None","On-farm store",NA,"Exporter",2.1,3.1,"Yes","No","Medium"
"GAHS-F0448","Ashanti",6.4894,-0.9929,"Male",70,"Primary",4,47,4.73,"Sharecrop","Plantain","No","None","Poor",1936,"No","Major",2022,"Yes",94.1,"No","Yes",2,"No",1.69,7.99,1361,10874,2730,8144,74.9,"No",NA,"None","On-farm store",25.2,"Local market",4,4,"Yes","Yes","Medium"
"GAHS-F0449","Bono East",7.7596,-1.6175,"Male",26,"SHS",4,7,2.43,"Owned","Maize","Yes","Poultry","Poor",918,"Yes","Minor",2023,"No",0,"No","No",0,"No",0.32,0.78,1650,1287,1046,NA,18.7,"Yes",3991,"MFI","On-farm store",26.7,"Local market",33.5,6.8,"Yes","No","Low"
"GAHS-F0450","Savannah",9.0877,-2.0469,"Male",34,"JHS",5,14,4.35,"Sharecrop","Groundnut","No","None","Excellent",1231,"Yes","Minor",2023,"Yes",44.7,"No","No",2,"No",NA,12.27,1092,13399,1827,11572,86.4,"Yes",2836,"SACCO","Warehouse",17.2,"Local market",9.1,3,"Yes","No","Low"
"GAHS-F0451","Bono East",8.2967,-2.1894,"Male",35,"None",6,14,6.97,"Owned","Tomato","No","None","Poor",433,"No","Major",2023,"No",0,"No","No",1,"Yes",2,13.94,1946,27127,2837,24290,89.5,"No",NA,"None","On-farm store",25.5,"Local market",5.5,2.3,"Yes","No","Low"
"GAHS-F0452","Oti",8.1802,0.4608,"Female",36,"SHS",6,13,0.7,"Owned","Maize","Yes","Mixed","Moderate",1034,"No","Major",2021,"Yes",60.4,"No","No",0,"No",2.58,1.81,1428,2585,349,2236,86.5,"No",NA,"None","Rented silo",13.7,"Regional market",1.1,3.3,"Yes","No","Low"
"GAHS-F0453","North East",10.5548,-0.0372,"Female",65,"Primary",9,49,3.02,"Owned","Sorghum","Yes","Goat/Sheep","Poor",703,"No","Major",2022,"Yes",84.4,"No","No",6,"Yes",3.37,10.18,1312,13356,1744,11612,86.9,"No",NA,"None","No storage",22.1,"Farmgate",5.4,3.9,"Yes","No","Medium"
"GAHS-F0454","Upper East",10.9464,-1.1536,"Female",44,"Tertiary",3,22,2.9,"Sharecrop","Maize","No","None","Poor",520,"No","Minor",2023,"No",0,"No","Yes",2,"Yes",1.95,5.65,1336,7548,1080,6468,85.7,"No",NA,"None","On-farm store",24.4,"Farmgate",14.5,6.1,"Yes","No","Medium"
"GAHS-F0455","Greater Accra",5.7011,-0.1071,"Female",39,"SHS",6,22,1.15,"Leased","Cassava","Yes","Goat/Sheep","Excellent",744,"No","Major",2021,"Yes",88.2,"No","No",6,"Yes",3.33,3.83,1528,5852,276,5576,95,"No",NA,"None","On-farm store",21.9,"Farmgate",7.9,4.9,"Yes","No","Medium"
"GAHS-F0456","Central",5.457,-1.3716,"Female",48,"Tertiary",3,35,0.29,"Owned","Cocoa","No","None","Good",1287,"Yes","Major",2023,"Yes",82.3,"Yes","No",2,"No",2.82,0.82,1349,1106,128,978,88.3,"No",NA,"None","On-farm store",19.6,"Cooperative",15.5,3.2,"Yes","No","Medium"
"GAHS-F0457","Upper West",9.6921,-2.5959,"Male",40,"SHS",3,21,NA,"Communal","Groundnut","No","None","Poor",NA,"Yes","Minor",2022,"Yes",6.7,"No","Yes",1,"No",2.94,6.14,4450,27323,867,26456,95,"Yes",2694,"Moneylender","Warehouse",9.3,"Farmgate",30,2.6,"Yes","No","Medium"
"GAHS-F0458","Western North",6.4863,-3.1364,"Male",60,"None",5,44,0.78,"Gift","Cocoa","No","None","Excellent",1582,"No","Major",2022,"Yes",115.9,"No","Yes",3,"No",3.23,2.52,1422,3583,756,2827,78.9,"No",NA,"None","On-farm store",31.1,"Processor",5.1,7,"Yes","No","Medium"
"GAHS-F0459","Central",5.0906,-1.2558,"Male",39,"JHS",7,24,3.09,"Sharecrop","Plantain","Yes","Pig","Moderate",1518,"Yes","Major",2022,"Yes",97.7,"No","No",3,"Yes",2.51,7.76,2612,20269,1552,18717,92.3,"No",NA,"None","Rented silo",7.1,"Regional market",0.5,4.4,"Yes","Yes","Medium"
"GAHS-F0460","Northern",10.1134,-1.1672,"Male",57,"SHS",1,44,0.54,"Gift","Cowpea","Yes","Goat/Sheep","Moderate",750,"Yes","Minor",2023,"No",0,"No","No",4,"No",2.62,1.41,1315,1854,203,1651,89,"No",NA,"None","No storage",27.6,"Local market",22.8,5.6,"Yes","No","Low"
"GAHS-F0461","Savannah",9.3188,-1.5358,"Female",40,"None",9,19,2.02,"Communal","Groundnut","No","None","Poor",764,"Yes","Minor",2023,"No",0,"No","Yes",1,"No",2.18,4.4,2412,10613,1091,9522,89.7,"Yes",5248,"Family","No storage",21.1,"Exporter",40.8,3.1,"Yes","No","Low"
"GAHS-F0462","Western North",5.6889,-2.4709,"Male",58,"SHS",2,38,2.35,"Owned","Plantain","No","None","Moderate",1497,"No","Major",2021,"Yes",NA,"No","No",4,"No",2.48,5.83,671,3912,1435,2477,63.3,"No",NA,"None","No storage",4.3,"Farmgate",14.9,5.5,"Yes","No","Medium"
"GAHS-F0463","Ashanti",6.5412,-1.4093,"Female",20,"JHS",5,0,1.31,"Communal","Plantain","No","None","Poor",1693,"Yes","Major",2022,"No",0,"No","Yes",1,"No",0.96,1.26,2834,3571,616,2955,82.7,"No",NA,"None","On-farm store",30,"Local market",18.1,5.5,"Yes","Yes","Low"
"GAHS-F0464","Bono",7.4639,-1.8686,"Male",22,"JHS",7,2,0.45,"Communal","Tomato","Yes","Mixed","Excellent",804,"Yes","Major",2021,"Yes",109.5,"No","Yes",4,"No",2.42,1.09,1373,1497,109,1388,92.7,"No",NA,"None","No storage",18.3,"Processor",0.5,2.7,"Yes","No","Medium"
"GAHS-F0465","Upper East",11.1645,-1.3625,"Male",46,"SHS",7,30,1.05,"Owned","Maize","Yes","Poultry","Poor",777,"No","Major",2022,"Yes",122,"No","No",4,"No",2.27,2.38,5453,12978,921,12057,92.9,"No",NA,"None","On-farm store",9.5,"Farmgate",17.3,5.8,"Yes","No","Medium"
"GAHS-F0466","Ahafo",7.4633,-3.1405,"Male",37,"None",7,14,3.76,"Owned","Plantain","Yes","Cattle","Good",1248,"No","Major",2023,"No",0,"No","No",0,"No",2.31,8.69,3974,34534,1562,32972,95,"No",NA,"None","On-farm store",24.7,"Local market",4.9,4.4,"Yes","No","Low"
"GAHS-F0467","Savannah",8.6862,-2.1905,"Male",70,"SHS",4,50,2.39,"Communal","Groundnut","No","None","Good",873,"No","Minor",2022,"No",0,"Yes","No",1,"No",3.31,7.91,2713,21460,1101,NA,94.9,"Yes",1908,"SACCO","Warehouse",8.3,"Farmgate",16.1,6.9,"Yes","No","Low"
"GAHS-F0468","Bono",7.0382,-2.6558,"Female",34,"JHS",6,18,3.27,"Sharecrop","Cassava","No","None","Poor",757,"No","Minor",2022,"No",0,"No","No",0,"Yes",1.68,5.49,979,5375,NA,4191,78,"No",NA,"None","On-farm store",21.9,"Regional market",8.8,4.6,"Yes","Yes","Low"
"GAHS-F0469","Bono East",7.7532,-1.2978,"Male",50,"JHS",4,31,6.32,"Leased","Pepper","Yes","Poultry","Moderate",834,"No","Major",2022,"No",0,"Yes","Yes",0,"No",2.56,16.18,4153,67196,2369,64827,95,"No",NA,"None","Warehouse",0,"Regional market",3.3,3,"Yes","No","Medium"
"GAHS-F0470","Oti",7.3595,-0.0598,"Female",29,"JHS",7,13,2.54,"Owned","Yam","No","None","Excellent",1193,"Yes","Major",2021,"No",0,"No","No",0,"No",1.9,4.83,2277,10998,900,10098,91.8,"No",NA,"None","No storage",18.3,"Local market",7.5,3.7,"Yes","No","Low"
"GAHS-F0471","Savannah",8.8504,-2.4693,"Male",69,"JHS",3,51,1.09,"Owned","Maize","Yes","Pig","Excellent",917,"No","Major",2021,"No",0,"Yes","No",0,"No",1.04,1.13,2340,2644,488,2156,81.5,"No",NA,"None","On-farm store",24.1,"Exporter",13.7,1.1,"Yes","No","Low"
"GAHS-F0472","Northern",9.7754,-0.1912,"Male",28,"Primary",1,6,1.33,"Communal","Yam","No","None","Good",977,"Yes","Minor",2021,"No",0,"No","No",3,"No",1.9,2.53,1505,3808,449,3359,88.2,"No",NA,"None","Warehouse",5.1,"Farmgate",NA,3.7,"Yes","No","Low"
"GAHS-F0473","Ahafo",6.5497,-2.4129,"Male",37,"Primary",6,18,2.62,"Owned","Cocoa","Yes","Cattle","Excellent",1570,"No","Minor",2022,"No",0,"No","Yes",2,"No",1.08,2.83,1231,3484,1141,2343,67.2,"No",NA,"None","On-farm store",16.5,"Exporter",5,4,"Yes","No","Low"
"GAHS-F0474","Ashanti",6.977,-1.187,"Female",69,"None",3,52,0.95,"Owned","Yam","No","None","Poor",1614,"No","Major",2023,"No",0,"No","No",2,"Yes",1.39,1.32,1144,1510,101,1409,93.2,"No",NA,"None","On-farm store",24.4,"Farmgate",0.5,4.7,"Yes","No","Low"
"GAHS-F0475","Central",5.5812,-1.3525,"Male",40,"SHS",9,22,5.17,"Communal","Plantain","No","None","Poor",1749,"Yes","Minor",2023,"No",NA,"No","No",0,"No",1.26,6.51,2488,16197,2195,14002,86.4,"No",NA,"None","Rented silo",0,"Cooperative",0.8,6.7,"Yes","No","Low"
"GAHS-F0476","Savannah",8.5652,-2.3217,"Female",67,"JHS",5,48,0.78,"Owned","Sorghum","Yes","Mixed","Excellent",885,"Yes","Major",2021,"Yes",110.1,"No","No",1,"No",1.75,1.36,2233,3037,467,NA,84.6,"No",NA,"None","Rented silo",15.9,"Exporter",46.5,2.9,"Yes","No","Low"
"GAHS-F0477","Eastern",6.7314,-0.6029,"Male",28,"Primary",6,12,4.72,"Owned","Yam","No","None","Poor",1082,"No","Minor",2022,"Yes",126.6,"Yes","No",3,"No",3.14,14.82,1049,15546,3192,12354,79.5,"No",NA,"None","Warehouse",12.2,"Processor",6.6,3.2,"Yes","No","Medium"
"GAHS-F0478","Central",5.2038,-0.9635,"Female",48,"JHS",7,28,1.11,"Sharecrop","Plantain","Yes","Poultry","Good",2053,"Yes","Major",2023,"No",0,"No","Yes",2,"No",1.39,1.54,3956,6092,499,5593,91.8,"Yes",2022,"Moneylender","Warehouse",29.2,"Local market",5.4,2.2,"Yes","No","Low"
"GAHS-F0479","Bono",7.551,-2.372,"Male",53,"None",4,37,0.89,"Owned","Cassava","No","None","Excellent",1059,"No","Major",2021,"Yes",105.8,"Yes","No",4,"No",2.65,2.36,4882,11522,335,11187,95,"No",NA,"None","No storage",36.7,"Cooperative",6.8,2.7,"Yes","No","Medium"
"GAHS-F0480","Volta",6.5428,1.0683,"Female",66,"Primary",3,49,0.79,"Leased","Tomato","Yes","Cattle","Good",853,"No","Minor",2023,"No",0,"No","No",0,"No",2.42,1.91,1419,2710,353,2357,86.9,"Yes",1486,"Family","No storage",13,"Farmgate",2.4,3.7,"Yes","No","Low"
"GAHS-F0481","Ahafo",6.456,-3.105,"Male",41,"SHS",5,26,10.16,"Owned","Cocoa","Yes","Poultry","Good",1672,"No","Minor",2021,"Yes",NA,"No","No",4,"No",3.11,31.6,1217,38457,5706,32751,85.2,"No",NA,"None","No storage",24.2,"Farmgate",11.2,3.1,"Yes","No","Medium"
"GAHS-F0482","Central",4.9977,-0.8651,"Male",47,"Primary",7,32,4.04,"Owned","Plantain","No","None","Good",1650,"Yes","Minor",2023,"No",0,"Yes","No",2,"Yes",2.36,9.53,3951,37653,1552,36101,95,"No",NA,"None","Warehouse",17.3,"Farmgate",3.3,5.6,"Yes","No","Medium"
"GAHS-F0483","Bono",8.115,-2.9642,"Female",40,"None",5,26,3.74,"Owned","Tomato","Yes","Mixed","Moderate",906,"No","Major",2022,"Yes",138.2,"No","No",2,"Yes",3.16,11.82,1401,16560,2672,13888,83.9,"No",NA,"None","Warehouse",7.9,"Farmgate",0.5,4.1,"Yes","No","Medium"
"GAHS-F0484","Western",4.9465,-1.9301,"Male",67,"Primary",1,51,1.3,"Sharecrop","Yam","Yes","Cattle","Moderate",1573,"Yes","Minor",2022,"Yes",56.1,"Yes","Yes",5,"No",3.62,4.71,1485,6994,625,6369,91.1,"Yes",416,"MFI","No storage",32.2,"Local market",9.2,3.5,"Yes","No","High"
"GAHS-F0485","Oti",7.7946,-0.0207,"Male",31,"SHS",1,13,5.26,"Leased","Rice","Yes","Mixed","Good",1095,"No","Minor",2023,"Yes",95.1,"No","Yes",4,"Yes",3.36,17.67,1269,22423,3027,19396,86.5,"Yes",2249,"Bank","On-farm store",0,"Farmgate",21.5,4.5,"Yes","No","High"
"GAHS-F0486","Ahafo",6.4074,-1.9164,"Male",46,"SHS",5,27,10.46,"Leased","Plantain","Yes","Goat/Sheep","Poor",2114,"No","Major",2022,"Yes",93.5,"Yes","Yes",6,"No",3.97,41.53,1859,77204,6046,71158,92.2,"Yes",5003,"Family","On-farm store",16.2,"Regional market",29.5,4.3,"Yes","No","High"
"GAHS-F0487","Volta",7.0508,0.5522,"Female",30,"JHS",6,15,5.28,"Communal","Maize","No","None","Poor",1080,"Yes","Major",2023,"No",0,"Yes","No",2,"No",1.4,7.39,1437,10619,2019,8600,81,"No",NA,"None","On-farm store",22.7,"Local market",0.5,4.6,"Yes","No","Low"
"GAHS-F0488","North East",10.2792,-0.1362,"Male",44,"None",8,25,3.14,"Leased","Cowpea","No","None","Poor",941,"No","Minor",2023,"No",0,"No","Yes",1,"No",1.97,6.19,5092,31519,1295,NA,95,"Yes",7647,"Family","No storage",26.5,"Farmgate",12.7,2.1,"Yes","No","Low"
"GAHS-F0489","Ashanti",7.2059,-1.7364,"Male",42,"Tertiary",6,26,3.51,"Gift","Cassava","Yes","Poultry","Excellent",1679,"No","Minor",2023,"No",0,"No","No",4,"No",3.33,11.69,1134,13256,1167,12089,91.2,"No",NA,"None","No storage",24,"Local market",3.9,3.4,"Yes","No","Low"
"GAHS-F0490","Western North",5.9971,-2.969,"Male",54,"JHS",3,36,14.49,"Leased","Yam","Yes","Cattle","Poor",1455,"Yes","Major",2023,"Yes",38.3,"No","No",1,"No",3.28,47.53,1450,68918,6808,62110,90.1,"Yes",604,"SACCO","On-farm store",17,"Farmgate",0.5,3.5,"Yes","No","Low"
"GAHS-F0491","Eastern",6.7234,-1.0648,"Female",25,"None",2,14,0.91,"Leased","Cocoa","No","None","Excellent",NA,"Yes","Major",2022,"Yes",23.5,"Yes","Yes",0,"No",3,2.73,1235,3372,641,2731,81,"Yes",5628,"SACCO","On-farm store",28.5,"Regional market",12.9,4.1,"Yes","No","Medium"
"GAHS-F0492","Eastern",6.0579,-0.7127,"Female",28,"JHS",3,8,1.35,"Sharecrop","Cocoa","Yes","Mixed","Good",1638,"No","Major",2022,"No",0,"No","No",2,"No",1.87,2.52,2404,6058,488,5570,91.9,"No",NA,"None","Rented silo",NA,"Processor",7.5,NA,"Yes","No","Low"
"GAHS-F0493","Ahafo",7.3895,-2.1494,"Male",35,"JHS",5,19,0.79,"Owned","Plantain","No","None","Poor",1666,"Yes","Minor",2022,"No",0,"Yes","Yes",0,"No",3.41,2.69,5289,14227,520,13707,95,"No",NA,"None","On-farm store",0,"Cooperative",1.9,1.9,"Yes","No","Medium"
"GAHS-F0494","Northern",9.4786,-1.3028,"Male",49,"None",5,35,1.14,"Sharecrop","Groundnut","No","None","Poor",751,"Yes","Major",2021,"No",0,"No","No",2,"No",3.07,3.5,4357,15250,NA,14777,95,"No",NA,"None","Warehouse",6.9,"Local market",49.6,3.1,"Yes","No","Low"
"GAHS-F0495","Savannah",8.6447,-2.4177,"Male",45,"Primary",7,30,1.19,"Sharecrop","Maize","No","None","Good",NA,"Yes","Minor",2021,"Yes",59,"No","Yes",4,"Yes",4.46,5.31,1987,10551,634,9917,94,"No",NA,"None","On-farm store",16.6,"Exporter",25,4.7,"Yes","No","High"
"GAHS-F0496","North East",10.4525,-0.1591,"Male",63,"Primary",5,40,6.42,"Communal","Cowpea","Yes","Pig","Moderate",1036,"No","Major",2023,"Yes",84.7,"Yes","No",3,"No",3.48,22.34,1519,33934,3429,30505,89.9,"No",NA,"None","No storage",13.3,"Local market",103.9,2,"Yes","No","Medium"
"GAHS-F0497","Ashanti",6.0699,-1.315,"Female",65,"JHS",2,51,3.18,"Owned","Yam","No","None","Moderate",1694,"Yes","Minor",2022,"No",0,"Yes","No",0,"Yes",1.34,4.26,1226,5223,1051,4172,79.9,"No",NA,"None","On-farm store",NA,"Regional market",4.5,4.8,"Yes","Yes","Medium"
"GAHS-F0498","Ahafo",6.3445,-2.0892,"Male",45,"None",3,32,1.23,"Owned","Cocoa","No","None","Moderate",1347,"No","Major",2022,"No",0,"Yes","No",2,"Yes",2.69,3.31,1323,4379,543,3836,87.6,"No",NA,"None","On-farm store",12.6,"Regional market",13.3,4.7,"Yes","Yes","Medium"
"GAHS-F0499","Greater Accra",5.9768,-0.2082,"Male",37,"JHS",4,19,0.56,"Owned","Maize","No","None","Good",892,"No","Major",2023,"No",0,"No","No",1,"No",1.6,0.9,1569,1412,163,1249,88.4,"No",NA,"None","No storage",14.5,"Local market",6.8,3,"Yes","No","Low"
"GAHS-F0500","North East",10.4132,-0.1562,"Male",38,"JHS",4,29,5.03,"Owned","Maize","Yes","Goat/Sheep","Poor",953,"Yes","Minor",2021,"Yes",51.6,"No","No",2,"No",2.55,12.83,2229,NA,2535,26063,91.1,"No",NA,"None","No storage",10.6,"Exporter",21.5,4,"Yes","No","Low"
"GAHS-F0501","Oti",7.998,0.1073,"Male",45,"None",3,26,6.71,"Sharecrop","Tomato","Yes","Cattle","Good",1165,"Yes","Minor",2021,"Yes",142.8,"Yes","No",0,"No",3.37,22.61,798,18043,4527,13516,74.9,"Yes",1492,"Bank","On-farm store",7.8,"Local market",3.8,0.3,"Yes","No","Medium"
"GAHS-F0502","Northern",9.6437,-0.3467,"Male",30,"Primary",8,10,11.94,"Communal","Maize","Yes","Poultry","Excellent",727,"Yes","Major",2021,"Yes",77.3,"Yes","No",4,"Yes",3.37,40.24,1189,47845,6705,41140,86,"No",NA,"None","No storage",23.6,"Exporter",0.9,4.8,"Yes","No","High"
"GAHS-F0503","Northern",9.8022,-1.2025,"Female",52,"Primary",7,42,0.92,"Owned","Maize","Yes","Cattle","Good",1008,"Yes","Minor",2023,"No",0,"No","No",4,"No",1.4,1.29,1312,1692,463,1229,72.6,"Yes",463,"MFI","Rented silo",17.9,"Farmgate",NA,3.5,"Yes","No","Low"
"GAHS-F0504","Eastern",6.1324,-0.8517,"Female",50,"Tertiary",4,29,0.98,"Sharecrop","Cocoa","Yes","Pig","Good",1518,"No","Major",2022,"No",0,"No","Yes",4,"Yes",1.8,1.76,1871,3293,396,2897,87.9,"No",NA,"None","Warehouse",6.6,"Local market",13.9,5.5,"Yes","No","Medium"
"GAHS-F0505","Ashanti",6.1348,-2.1283,"Female",75,"SHS",3,55,1.42,"Owned","Cassava","Yes","Poultry","Moderate",1659,"No","Minor",2022,"No",0,"No","No",2,"Yes",0.5,0.71,1149,816,524,292,35.7,"No",NA,"None","Warehouse",17.2,"Farmgate",0.5,6.2,"Yes","No","Low"
"GAHS-F0506","Upper East",10.4682,-1.0086,"Female",61,"None",7,42,1.93,"Communal","Groundnut","Yes","Goat/Sheep","Moderate",1016,"Yes","Minor",2021,"No",0,"Yes","No",2,"Yes",3.04,5.87,1270,7455,697,6758,90.6,"No",NA,"None","No storage",19.4,"Farmgate",13.7,2.9,"Yes","No","Medium"
"GAHS-F0507","Eastern",6.5011,0.086,"Male",26,"SHS",4,7,1.83,"Sharecrop","Cocoa","No","None","Moderate",1851,"Yes","Major",2023,"Yes",42.7,"No","Yes",6,"Yes",NA,6.68,2619,17495,NA,16378,93.6,"No",NA,"None","Rented silo",8.5,"Farmgate",1.2,NA,"Yes","No","High"
"GAHS-F0508","Bono",8.2384,-2.4227,"Male",44,"SHS",7,22,2.19,"Leased","Pepper","No","None","Good",807,"No","Major",2022,"No",0,"No","Yes",2,"Yes",NA,6.94,2505,17385,954,16431,94.5,"No",NA,"None","No storage",23.8,"Regional market",1.5,3.5,"Yes","No","Medium"
"GAHS-F0509","Western",4.5626,-2.5952,"Male",49,"Primary",3,26,0.85,"Owned","Cocoa","Yes","Cattle","Moderate",1456,"Yes","Major",2022,"No",0,"Yes","Yes",3,"No",4.33,3.68,977,3595,NA,NA,94,"Yes",1969,"Moneylender","Rented silo",9.6,"Local market",5.5,2.2,"Yes","No","Medium"
"GAHS-F0510","Bono East",7.7471,-1.4414,"Male",20,"None",4,2,10.56,"Owned","Cassava","No","None","Poor",692,"No","Minor",2021,"Yes",117.7,"No","Yes",4,"No",3.44,36.33,3602,130861,6641,124220,94.9,"No",NA,"None","On-farm store",4.5,"Processor",2,1.9,"Yes","No","Medium"
"GAHS-F0511","Northern",9.7432,-1.0815,"Male",34,"Tertiary",2,8,2.17,"Gift","Groundnut","No","None","Good",1368,"Yes","Minor",2021,"No",0,"No","No",3,"No",1.12,2.43,1500,3645,852,2793,76.6,"Yes",1074,"SACCO","On-farm store",15.5,"Regional market",44.7,2.2,"Yes","No","Low"
"GAHS-F0512","Upper East",11.2105,-0.3409,"Female",56,"Tertiary",5,33,1.39,"Owned","Cowpea","Yes","Pig","Moderate",1025,"No","Major",2023,"No",0,"Yes","No",4,"Yes",3.52,4.89,1356,6631,816,5815,87.7,"Yes",756,"SACCO","Warehouse",6,"Cooperative",11,4,"Yes","Yes","Medium"
"GAHS-F0513","Central",5.4414,-1.0417,"Female",57,"Tertiary",7,39,2.71,"Leased","Maize","Yes","Cattle","Moderate",1560,"No","Major",2023,"No",0,"Yes","No",1,"Yes",0.05,0.14,3249,455,983,-528,-80,"Yes",285,"MFI","On-farm store",16.5,"Local market",2.5,4.6,"No","No","Medium"
"GAHS-F0514","Ashanti",6.1358,-1.401,"Male",51,"JHS",4,31,1.28,"Owned","Plantain","No","None","Good",1600,"Yes","Minor",2021,"Yes",67.5,"No","Yes",3,"Yes",1.25,1.6,3687,5899,717,5182,87.8,"Yes",4788,"Bank","No storage",22.4,"Regional market",2.9,4.3,"Yes","No","High"
"GAHS-F0515","Western North",6.2169,-2.8946,"Male",54,"Primary",3,36,1.62,"Owned","Plantain","Yes","Goat/Sheep","Moderate",1705,"Yes","Minor",2023,"Yes",126.4,"No","No",6,"Yes",3.86,6.25,2516,15725,1150,14575,92.7,"Yes",1238,"MFI","On-farm store",34,"Farmgate",5.9,NA,"Yes","No","Medium"
"GAHS-F0516","Western North",6.8519,-2.1937,"Female",43,"JHS",3,24,NA,"Communal","Yam","Yes","Poultry","Moderate",1411,"No","Major",2021,"No",0,"Yes","No",1,"No",1.65,2.97,1092,3243,920,2323,71.6,"Yes",2996,"Family","Warehouse",17.8,"Regional market",4.8,NA,"Yes","No","Low"
"GAHS-F0517","Central",5.1256,-1.1059,"Male",59,"Tertiary",5,44,1.62,"Sharecrop","Cocoa","Yes","Goat/Sheep","Moderate",1626,"No","Major",2021,"No",NA,"No","No",4,"No",NA,2.41,738,1779,765,1014,57,"No",NA,"None","No storage",44.1,"Exporter",NA,5.3,"Yes","No","Low"
"GAHS-F0518","Western",5.0114,-2.5662,"Male",45,"SHS",7,25,1.74,"Communal","Yam","No","None","Good",1418,"No","Minor",2023,"Yes",44.4,"No","Yes",4,"No",4.34,7.55,4670,35258,NA,34505,95,"No",NA,"None","Warehouse",4.1,"Local market",0.6,4.8,"Yes","No","Medium"
"GAHS-F0519","Upper East",10.296,-0.3336,"Male",50,"SHS",7,35,0.36,"Communal","Maize","Yes","Cattle","Poor",811,"No","Minor",2022,"Yes",77.3,"No","No",4,"No",1.41,0.51,5882,3000,100,2900,95,"Yes",1669,"MFI","No storage",23.9,"Regional market",15.2,3.5,"Yes","No","Medium"
"GAHS-F0520","Greater Accra",5.6851,-0.0084,"Male",50,"None",6,31,3.71,"Owned","Cassava","Yes","Goat/Sheep","Moderate",985,"No","Minor",2023,"No",NA,"No","No",2,"Yes",1.83,6.79,3538,24023,1689,22334,93,"No",NA,"None","On-farm store",0,"Farmgate",3.8,NA,"Yes","No","Low"
"GAHS-F0521","Bono East",7.8241,-0.9453,"Male",56,"JHS",6,32,0.15,"Sharecrop","Tomato","No","None","Poor",991,"Yes","Major",2022,"Yes",104.7,"No","No",4,"No",1.8,0.27,1678,453,227,226,49.8,"No",NA,"None","No storage",17.8,"Farmgate",27.9,7.1,"Yes","No","Medium"
"GAHS-F0522","Savannah",9.383,-1.8304,"Male",67,"None",2,55,3.09,"Sharecrop","Sorghum","Yes","Poultry","Good",945,"No","Minor",2022,"No",0,"No","No",1,"Yes",2.24,6.92,1361,9418,1238,NA,86.8,"Yes",3457,"MFI","No storage",13.8,"Cooperative",13.8,3.5,"Yes","No","Low"
"GAHS-F0523","Western",5.4995,-2.4304,"Male",40,"SHS",5,21,1.64,"Leased","Maize","No","None","Moderate",1427,"No","Minor",2021,"Yes",82.8,"No","Yes",4,"Yes",2.54,4.17,1469,6126,810,5316,86.8,"No",NA,"None","On-farm store",22.4,"Farmgate",4.5,5,"Yes","No","High"
"GAHS-F0524","North East",10.0572,-0.3876,"Female",26,"None",5,11,13.55,"Communal","Cowpea","Yes","Cattle","Moderate",823,"Yes","Minor",2022,"Yes",44.2,"No","No",2,"Yes",2.95,39.97,4728,188978,6584,NA,95,"No",NA,"None","On-farm store",20.2,"Processor",6.3,5.6,"Yes","Yes","Medium"
"GAHS-F0525","Northern",10.1628,-0.3785,"Female",44,"Primary",3,27,1.53,"Communal","Maize","Yes","Poultry","Moderate",1245,"No","Minor",2022,"Yes",70.1,"Yes","No",2,"No",2.88,4.41,894,3943,726,3217,81.6,"Yes",7849,"MFI","On-farm store",24.8,"Processor",1.5,5.1,"Yes","No","Medium"
"GAHS-F0526","Bono East",8.2571,-2.2171,"Male",60,"SHS",6,41,1.18,"Sharecrop","Rice","No","None","Excellent",780,"Yes","Major",2023,"Yes",95.2,"Yes","Yes",3,"Yes",4.52,5.33,6536,34837,532,34305,95,"No",NA,"None","Warehouse",NA,"Local market",2,4.9,"Yes","No","High"
"GAHS-F0527","Oti",7.3559,0.2978,"Female",51,"None",7,34,1.25,"Gift","Cassava","Yes","Cattle","Good",724,"Yes","Major",2022,"No",0,"No","No",2,"No",2.04,2.55,2672,6814,601,6213,91.2,"No",NA,"None","On-farm store",10.1,"Farmgate",5.3,4.7,"Yes","No","Low"
"GAHS-F0528","Upper East",11.2208,-1.2832,"Female",37,"JHS",7,23,7.42,"Leased","Cowpea","No","None","Good",1191,"Yes","Minor",2021,"Yes",81.9,"Yes","Yes",3,"Yes",4.25,31.54,1632,51473,3721,47752,92.8,"No",NA,"None","On-farm store",19.1,"Farmgate",5.5,3.8,"Yes","No","High"
"GAHS-F0529","Upper West",10.8404,-2.4567,"Male",44,"Tertiary",5,30,0.97,"Communal","Cowpea","Yes","Cattle","Good",874,"Yes","Major",2022,"Yes",85.5,"No","Yes",3,"Yes",2.59,2.51,2242,5627,623,5004,88.9,"Yes",6431,"SACCO","On-farm store",14.7,"Local market",32.7,1.5,"Yes","No","High"
"GAHS-F0530","Upper West",10.2193,-2.7797,"Male",50,"Primary",10,30,2.96,"Leased","Cowpea","Yes","Poultry","Excellent",962,"No","Minor",2022,"Yes",53.4,"No","No",2,"No",3.63,10.74,3626,38943,1542,37401,95,"Yes",2668,"MFI","No storage",17.2,"Exporter",NA,2.2,"Yes","No","Low"
"GAHS-F0531","Northern",9.8367,-1.38,"Male",49,"None",9,32,2.4,"Communal","Groundnut","Yes","Poultry","Excellent",606,"No","Major",2023,"No",0,"No","Yes",1,"No",NA,3.65,925,3376,905,2471,73.2,"No",NA,"None","No storage",20.8,"Regional market",2.3,5.7,"Yes","No","Low"
"GAHS-F0532","Western",4.5103,-2.3281,"Male",49,"JHS",3,31,3.94,"Communal","Maize","No","None","Moderate",NA,"Yes","Major",2023,"No",0,"No","No",0,"No",NA,6.03,5458,32912,1497,31415,95,"No",NA,"None","On-farm store",32.1,"Processor",5.5,3.8,"Yes","No","Low"
"GAHS-F0533","Bono East",7.7257,-1.452,"Male",23,"Primary",7,4,0.79,"Leased","Rice","Yes","Goat/Sheep","Poor",920,"No","Major",2021,"No",0,"No","Yes",0,"Yes",1.03,0.81,2016,1633,326,1307,80,"Yes",541,"Bank","No storage",30.8,"Local market",0.6,5.8,"Yes","No","Medium"
"GAHS-F0534","Ashanti",6.0498,-1.5392,"Female",60,"JHS",1,47,1.12,"Communal","Cocoa","No","None","Poor",1629,"Yes","Major",2023,"No",0,"No","Yes",1,"No",2.1,2.35,1163,NA,453,2280,83.4,"No",NA,"None","On-farm store",16.8,"Farmgate",4.6,5,"Yes","Yes","Low"
"GAHS-F0535","Bono",7.5352,-2.0575,"Male",58,"SHS",12,45,8.44,"Owned","Pepper","Yes","Poultry","Moderate",781,"No","Major",2021,"No",0,"No","Yes",1,"Yes",1.75,14.77,1209,17857,NA,14598,81.7,"No",NA,"None","No storage",27.6,"Cooperative",1.1,5.3,"Yes","No","Medium"
"GAHS-F0536","Upper West",10.5549,-2.6842,"Female",32,"SHS",7,19,0.45,"Owned","Maize","Yes","Goat/Sheep","Good",877,"Yes","Minor",2021,"No",0,"No","Yes",1,"No",2.73,1.23,839,1032,100,932,90.2,"No",NA,"None","Warehouse",8.6,"Local market",1.5,6.2,"Yes","No","Low"
"GAHS-F0537","Western",4.5589,-2.3942,"Male",35,"SHS",4,16,0.78,"Sharecrop","Yam","Yes","Cattle","Moderate",1441,"Yes","Minor",2022,"No",0,"No","No",3,"Yes",1.95,1.52,1208,1836,250,1586,86.3,"Yes",1592,"Bank","On-farm store",NA,"Farmgate",4.2,4.7,"Yes","No","Medium"
"GAHS-F0538","Upper West",9.9764,-2.6003,"Female",57,"None",8,42,2.21,"Communal","Yam","Yes","Pig","Moderate",1056,"No","Minor",2021,"No",0,"Yes","Yes",3,"No",2.39,5.28,1547,8168,954,7214,88.3,"Yes",689,"MFI","No storage",16.2,"Processor",2,4.9,"Yes","No","Medium"
"GAHS-F0539","Western",4.7277,-1.5421,"Male",34,"None",3,13,0.79,"Leased","Cocoa","Yes","Poultry","Moderate",1785,"No","Major",2022,"No",0,"No","No",1,"No",0.45,0.36,2409,867,697,170,19.6,"No",NA,"None","On-farm store",15.4,"Farmgate",13,4.7,"Yes","No","Low"
"GAHS-F0540","Upper East",11.4124,-0.8503,"Female",36,"SHS",6,20,2.62,"Communal","Yam","Yes","Mixed","Moderate",595,"Yes","Major",2023,"No",0,"Yes","No",5,"Yes",2.54,6.65,664,4416,NA,3409,77.2,"Yes",3851,"Bank","No storage",17.8,"Local market",0.5,3.1,"Yes","Yes","Medium"
"GAHS-F0541","Northern",9.4877,-1.4682,"Female",67,"JHS",6,46,0.75,"Leased","Maize","No","None","Good",1191,"Yes","Major",2021,"Yes",36.9,"No","No",2,"No",2.43,1.82,1069,1946,329,NA,83.1,"No",NA,"None","On-farm store",29,"Farmgate",62.7,7.3,"Yes","No","Low"
"GAHS-F0542","Upper East",10.6509,-1.0432,"Male",55,"None",3,39,2.73,"Owned","Millet","Yes","Goat/Sheep","Good",442,"No","Major",2021,"No",0,"No","No",1,"No",0.49,1.34,961,1288,978,310,24,"No",NA,"None","On-farm store",8.7,"Exporter",41,3.8,"Yes","No","Low"
"GAHS-F0543","Upper West",10.4946,-2.3999,"Female",40,"SHS",7,19,1.04,"Communal","Millet","Yes","Pig","Good",958,"Yes","Minor",2023,"Yes",97.6,"No","Yes",7,"No",2.64,2.75,815,2241,636,1605,71.6,"No",NA,"None","No storage",NA,"Processor",7.7,4.3,"Yes","Yes","Medium"
"GAHS-F0544","Volta",6.7798,0.6378,"Female",42,"SHS",2,21,1.96,"Leased","Pepper","Yes","Poultry","Excellent",1130,"Yes","Major",2022,"No",0,"Yes","Yes",3,"No",2.76,5.41,2460,13309,872,12437,93.4,"No",NA,"None","Warehouse",26.3,"Farmgate",3.6,2.8,"Yes","No","Medium"
"GAHS-F0545","Upper West",10.2008,-2.4254,"Male",49,"Primary",3,29,5.2,"Communal","Cowpea","Yes","Goat/Sheep","Moderate",788,"Yes","Minor",2023,"Yes",87.4,"Yes","Yes",1,"No",2.42,12.58,2443,30733,3032,27701,90.1,"No",NA,"None","On-farm store",22.4,"Farmgate",15.9,5.1,"Yes","No","Medium"
"GAHS-F0546","Upper East",11.3314,-1.1245,"Male",49,"Primary",3,29,1.34,"Communal","Groundnut","Yes","Poultry","Moderate",714,"Yes","Minor",2022,"Yes",20.4,"No","No",1,"No",2.78,3.73,1015,3786,439,3347,88.4,"No",NA,"None","Warehouse",11.7,"Local market",26.7,3.8,"Yes","No","Low"
"GAHS-F0547","Oti",8.2965,0.3485,"Male",47,"SHS",9,34,3.24,"Owned","Pepper","No","None","Poor",1249,"Yes","Minor",2023,"No",0,"No","No",1,"No",2.81,9.1,1202,10938,1232,9706,88.7,"No",NA,"None","No storage",6.2,"Processor",0.9,3.5,"Yes","No","Low"
"GAHS-F0548","Ashanti",7.1926,-1.8865,"Female",48,"None",3,26,5.07,"Communal","Cocoa","Yes","Mixed","Moderate",1671,"Yes","Major",2022,"No",0,"Yes","No",2,"No",2.6,13.18,1557,20521,1873,18648,90.9,"Yes",878,"Family","On-farm store",20.2,"Cooperative",9.9,4.2,"Yes","No","Low"
"GAHS-F0549","Western",5.0106,-1.7125,"Female",54,"Tertiary",6,38,3.38,"Owned","Oil Palm","No","None","Good",1286,"Yes","Major",2022,"No",0,"No","No",2,"Yes",1.38,4.66,1202,5601,1497,4104,73.3,"Yes",1689,"MFI","No storage",24.3,"Local market",11.3,2.9,"Yes","No","Low"
"GAHS-F0550","Oti",8.0345,0.1293,"Female",60,"Primary",6,43,4.3,"Owned","Maize","No","None","Good",855,"No","Major",2022,"Yes",132.3,"Yes","Yes",2,"No",4.43,19.05,891,16974,NA,14292,84.2,"Yes",1274,"Family","Warehouse",0.8,"Farmgate",1.7,3.7,"Yes","No","Medium"
"GAHS-F0551","Savannah",9.1193,-1.5118,"Male",27,"Primary",5,12,1.56,"Communal","Maize","No","None","Good",1253,"No","Major",2023,"No",0,"No","No",1,"No",NA,4.02,4403,17700,742,16958,95,"No",NA,"None","Rented silo",7.8,"Exporter",52.5,4.9,"Yes","No","Low"
"GAHS-F0552","Oti",7.3345,0.0627,"Male",34,"JHS",6,22,1.11,"Owned","Maize","Yes","Goat/Sheep","Excellent",971,"No","Major",2021,"Yes",136.9,"Yes","No",5,"Yes",2.26,2.51,4115,10329,NA,9749,94.4,"No",NA,"None","Warehouse",14.9,"Local market",23.9,4.4,"Yes","No","High"
"GAHS-F0553","Upper West",10.7135,-2.3859,"Male",47,"Primary",4,30,4.21,"Sharecrop","Maize","Yes","Cattle","Good",1222,"No","Major",2022,"No",0,"No","No",2,"No",1.92,8.08,2198,17760,NA,16004,90.1,"No",NA,"None","Rented silo",5.2,"Farmgate",9.2,2.8,"Yes","No","Low"
"GAHS-F0554","Volta",7.379,-0.1181,"Female",54,"JHS",2,36,4.49,"Sharecrop","Yam","Yes","Poultry","Moderate",1044,"No","Major",2022,"No",NA,"No","No",0,"Yes",2.86,12.84,1342,17231,1756,15475,89.8,"No",NA,"None","On-farm store",38.6,"Local market",17.6,NA,"Yes","Yes","Low"
"GAHS-F0555","Bono",7.9251,-2.8078,"Male",56,"SHS",1,39,0.86,"Leased","Maize","No","None","Poor",923,"No","Major",2022,"No",0,"No","Yes",3,"Yes",1.82,1.57,2054,3225,458,2767,85.8,"No",NA,"None","Warehouse",19.3,"Exporter",3.2,6.3,"Yes","No","Medium"
"GAHS-F0556","Oti",8.3251,0.1544,"Female",22,"Primary",1,0,7.33,"Sharecrop","Cassava","Yes","Goat/Sheep","Excellent",659,"No","Minor",2021,"No",0,"No","No",0,"No",3.26,23.9,1350,32265,2735,NA,91.5,"No",NA,"None","Warehouse",8.6,"Local market",9.9,4.1,"Yes","No","Low"
"GAHS-F0557","Ashanti",6.5941,-1.499,"Male",41,"Primary",2,29,0.89,"Owned","Cocoa","Yes","Poultry","Poor",NA,"Yes","Major",2021,"Yes",147.2,"No","Yes",3,"Yes",1.83,1.63,1668,2719,537,2182,80.2,"No",NA,"None","No storage",20.9,"Processor",23.9,7.3,"Yes","No","High"
"GAHS-F0558","Ashanti",7.308,-1.2312,"Male",51,"None",1,38,3.07,"Sharecrop","Maize","No","None","Moderate",1508,"Yes","Major",2023,"No",0,"No","No",0,"Yes",2.8,8.6,1214,10440,1284,9156,87.7,"Yes",1260,"Moneylender","On-farm store",18.1,"Regional market",12.8,4.9,"Yes","No","Low"
"GAHS-F0559","Bono East",8.1151,-1.53,"Male",53,"SHS",6,38,6,"Leased","Tomato","Yes","Goat/Sheep","Excellent",1063,"No","Minor",2022,"No",0,"No","Yes",1,"Yes",4.17,25.02,1359,34002,2280,31722,93.3,"No",NA,"None","No storage",29.4,"Processor",15.4,5.7,"Yes","Yes","Medium"
"GAHS-F0560","Upper West",10.8009,-2.0922,"Male",59,"JHS",3,43,0.57,"Sharecrop","Cowpea","Yes","Goat/Sheep","Good",644,"No","Minor",2023,"No",0,"No","Yes",1,"No",1.33,0.76,1286,977,380,597,61,"Yes",2230,"Moneylender","Warehouse",4.7,"Local market",5.1,5.4,"Yes","No","Low"
"GAHS-F0561","Ashanti",6.7577,-1.6241,"Female",54,"JHS",6,38,1.27,"Owned","Maize","Yes","Mixed","Good",2057,"No","Major",2021,"No",0,"No","No",6,"No",2.15,2.73,956,NA,652,1958,75,"No",NA,"None","No storage",40.3,"Farmgate",5.5,5.8,"Yes","No","Low"
"GAHS-F0562","Ashanti",6.5561,-1.3706,"Female",53,"Primary",7,38,2.09,"Owned","Oil Palm","Yes","Goat/Sheep","Poor",1970,"No","Minor",2022,"Yes",32.9,"No","No",4,"No",1.63,3.41,768,2619,NA,1810,69.1,"No",NA,"None","No storage",25.3,"Exporter",14.8,5.2,"Yes","No","Medium"
"GAHS-F0563","Western",5.5781,-1.9102,"Female",47,"SHS",6,29,1.96,"Owned","Plantain","Yes","Mixed","Excellent",1605,"No","Major",2023,"Yes",86,"Yes","No",3,"Yes",2.69,5.27,2380,12543,1120,11423,91.1,"Yes",1163,"MFI","Warehouse",29.3,"Regional market",12,4.3,"Yes","Yes","High"
"GAHS-F0564","Northern",9.264,-1.0539,"Male",37,"SHS",5,13,2.62,"Leased","Millet","Yes","Poultry","Poor",1003,"Yes","Minor",2022,"Yes",156.1,"No","No",4,"No",4.73,12.39,1488,18436,1899,16537,89.7,"No",NA,"None","On-farm store",26.4,"Farmgate",58.8,5,"Yes","No","Medium"
"GAHS-F0565","Northern",9.9967,-1.0466,"Female",55,"JHS",6,39,NA,"Leased","Sorghum","Yes","Cattle","Poor",860,"No","Minor",2023,"Yes",108.1,"Yes","Yes",4,"Yes",4.11,3.04,1752,5326,486,4840,90.9,"Yes",3356,"MFI","No storage",15.5,"Exporter",0.5,4.4,"Yes","No","High"
"GAHS-F0566","Bono East",7.7274,-1.9763,"Male",25,"JHS",5,7,2.49,"Owned","Tomato","Yes","Mixed","Excellent",1084,"Yes","Minor",2022,"No",0,"No","No",2,"No",0.51,1.27,1117,1419,836,583,41.1,"No",NA,"None","No storage",22.9,"Farmgate",15.5,4.4,"Yes","No","Low"
"GAHS-F0567","Volta",6.9113,0.9863,"Female",51,"None",3,35,3.26,"Sharecrop","Pepper","No","None","Poor",892,"Yes","Minor",2022,"No",0,"No","Yes",1,"Yes",1.89,6.16,1227,7558,NA,6171,81.6,"No",NA,"None","No storage",24,"Regional market",7,2.6,"Yes","No","Medium"
"GAHS-F0568","Oti",8.345,0.4648,"Male",32,"SHS",2,20,0.28,"Leased","Pepper","Yes","Mixed","Poor",1129,"No","Minor",2022,"No",0,"No","No",2,"No",2.2,0.62,1638,1016,223,793,78,"No",NA,"None","On-farm store",6.5,"Farmgate",14.4,5,"Yes","No","Low"
"GAHS-F0569","North East",10.5901,-0.8173,"Male",27,"SHS",2,6,3.07,"Communal","Cowpea","Yes","Poultry","Moderate",586,"Yes","Major",2023,"No",NA,"No","No",4,"No",1.52,4.67,1907,8906,1176,7730,86.8,"No",NA,"None","On-farm store",5.5,"Farmgate",5,3.9,"Yes","No","Low"
"GAHS-F0570","Volta",6.4709,0.6269,"Male",41,"Primary",7,27,6.87,"Sharecrop","Pepper","Yes","Cattle","Moderate",901,"No","Major",2023,"No",0,"Yes","No",2,"No",2.41,16.56,1071,17736,2606,15130,85.3,"No",NA,"None","Warehouse",0,"Farmgate",8.6,3.1,"Yes","No","Low"
"GAHS-F0571","Bono East",7.5617,-2.1852,"Male",56,"JHS",8,36,2.33,"Leased","Tomato","No","None","Moderate",891,"No","Minor",2021,"Yes",51.5,"No","Yes",1,"No",2.23,5.2,818,4254,NA,2777,65.3,"No",NA,"None","No storage",11.6,"Farmgate",31.5,3.6,"Yes","No","Medium"
"GAHS-F0572","Volta",6.8674,-0.1129,"Male",38,"JHS",8,15,20.83,"Communal","Cassava","Yes","Mixed","Excellent",699,"No","Major",2021,"Yes",118.9,"Yes","No",3,"No",3.92,81.65,656,53562,13076,40486,75.6,"Yes",2667,"MFI","No storage",24.6,"Processor",11.3,2.8,"Yes","Yes","Medium"
"GAHS-F0573","Volta",6.9083,0.3487,"Female",53,"Primary",4,31,0.47,"Owned","Pepper","Yes","Poultry","Moderate",907,"Yes","Major",2021,"Yes",110.6,"Yes","Yes",2,"No",3.41,1.6,1259,2014,510,1504,74.6,"Yes",1797,"Family","Warehouse",10.5,"Local market",2.2,3.7,"Yes","No","Medium"
"GAHS-F0574","Oti",7.4649,0.7469,"Male",37,"None",8,22,2.45,"Leased","Maize","No","None","Poor",1078,"Yes","Minor",2022,"Yes",121.4,"Yes","Yes",3,"No",3.64,8.92,2575,22969,1623,21346,92.9,"Yes",753,"Moneylender","On-farm store",7.5,"Cooperative",18.5,2.9,"Yes","No","High"
"GAHS-F0575","Ashanti",7.2897,-1.6729,"Female",24,"JHS",8,3,3.74,"Leased","Yam","Yes","Goat/Sheep","Excellent",1829,"No","Minor",2023,"Yes",101.6,"No","No",2,"No",1.88,7.03,5704,40099,2239,37860,94.4,"No",NA,"None","Warehouse",24.2,"Farmgate",1.7,4,"Yes","No","Low"
"GAHS-F0576","Ashanti",6.3498,-1.2854,"Male",59,"JHS",1,41,1.44,"Owned","Cassava","No","None","Moderate",1890,"No","Minor",2022,"Yes",14.1,"Yes","No",4,"No",NA,6.72,1127,7573,764,NA,89.9,"No",NA,"None","Rented silo",18.8,"Processor",1.7,2.8,"Yes","No","Medium"
"GAHS-F0577","Northern",9.9545,-0.8119,"Female",38,"None",2,21,0.85,"Communal","Maize","Yes","Cattle","Poor",1293,"Yes","Major",2023,"No",0,"Yes","No",3,"No",NA,1.82,673,1225,320,905,73.8,"Yes",821,"SACCO","No storage",13.7,"Farmgate",1.6,4.8,"Yes","No","Medium"
"GAHS-F0578","Eastern",6.8769,-0.731,"Female",53,"SHS",2,32,5.71,"Leased","Oil Palm","Yes","Pig","Moderate",1363,"Yes","Minor",2021,"No",0,"Yes","No",5,"Yes",NA,12.16,4532,55109,1957,53152,95,"No",NA,"None","Warehouse",31.6,"Regional market",9.4,3.6,"Yes","No","Medium"
"GAHS-F0579","Bono East",7.9868,-1.3753,"Male",51,"JHS",5,33,2.26,"Owned","Maize","Yes","Cattle","Moderate",847,"No","Major",2023,"No",0,"No","No",5,"No",1.92,4.34,810,3515,925,2590,73.7,"No",NA,"None","Warehouse",0.4,"Cooperative",5.9,3.8,"Yes","No","Low"
"GAHS-F0580","Volta",7.1373,0.4599,"Male",38,"JHS",5,22,0.15,"Communal","Maize","No","None","Poor",1135,"Yes","Major",2021,"Yes",94.9,"No","Yes",3,"Yes",3.65,0.55,1105,608,100,508,83.4,"No",NA,"None","No storage",37,"Farmgate",3.3,5.2,"Yes","No","High"
"GAHS-F0581","Upper West",10.2964,-2.998,"Female",48,"JHS",7,32,1.75,"Communal","Groundnut","No","None","Good",1090,"Yes","Minor",2021,"No",0,"No","No",2,"Yes",1.94,3.4,4198,14273,696,13577,95,"Yes",989,"MFI","No storage",12.7,"Farmgate",2.6,2.4,"Yes","No","Low"
"GAHS-F0582","Western North",6.2446,-2.3742,"Female",64,"SHS",6,41,1.82,"Owned","Maize","Yes","Cattle","Good",1478,"Yes","Major",2021,"Yes",105,"No","Yes",7,"No",2.96,5.39,775,4177,777,3400,81.4,"No",NA,"None","No storage",7.3,"Farmgate",1.6,3.4,"Yes","No","Medium"
"GAHS-F0583","Upper East",10.878,-0.9771,"Male",51,"None",8,37,9.31,"Leased","Maize","Yes","Cattle","Moderate",665,"Yes","Major",2022,"Yes",127.7,"No","No",6,"No",3.47,32.31,2619,84620,NA,78819,93.1,"Yes",642,"Bank","On-farm store",16.6,"Processor",4.2,2.3,"Yes","No","Medium"
"GAHS-F0584","Ashanti",7.2762,-1.0076,"Female",34,"SHS",7,15,7.68,"Leased","Cocoa","No","None","Moderate",1456,"Yes","Minor",2021,"Yes",41.6,"No","No",4,"Yes",1.87,14.36,2465,35397,3680,31717,89.6,"No",NA,"None","No storage",NA,"Processor",4.9,4.9,"Yes","No","Medium"
"GAHS-F0585","Savannah",8.9542,-2.0994,"Female",54,"SHS",7,35,1.11,"Gift","Maize","Yes","Pig","Moderate",1090,"No","Major",2022,"Yes",80.1,"No","No",4,"Yes",2.16,2.4,649,1558,469,1089,69.9,"No",NA,"None","On-farm store",24.1,"Regional market",32.7,3.6,"Yes","Yes","Medium"
"GAHS-F0586","Western",4.7592,-2.4482,"Male",34,"None",5,18,2.68,"Leased","Yam","No","None","Moderate",1664,"No","Minor",2023,"Yes",90.2,"No","No",2,"No",2.61,6.99,714,4991,1597,3394,68,"Yes",1966,"Moneylender","On-farm store",0.7,"Processor",7,3.6,"Yes","No","Low"
"GAHS-F0587","Savannah",9.2237,-1.2179,"Female",34,"SHS",8,12,9.06,"Communal","Maize","Yes","Mixed","Moderate",894,"Yes","Minor",2022,"Yes",101.3,"No","No",4,"Yes",2.83,25.64,1435,36793,5155,31638,86,"No",NA,"None","No storage",9,"Exporter",0.5,5,"Yes","No","Medium"
"GAHS-F0588","Volta",7.5294,0.4623,"Male",39,"SHS",4,21,0.57,"Owned","Yam","Yes","Mixed","Excellent",953,"No","Major",2023,"No",0,"Yes","Yes",3,"No",1.96,1.12,5180,5802,186,5616,95,"No",NA,"None","No storage",27.9,"Cooperative",4.6,3.1,"Yes","No","Medium"
"GAHS-F0589","Bono",7.415,-1.8328,"Male",45,"Primary",4,24,2.86,"Communal","Pepper","Yes","Goat/Sheep","Poor",644,"No","Major",2023,"Yes",48.9,"Yes","No",5,"No",2,5.72,1160,6635,1527,5108,77,"No",NA,"None","On-farm store",17.1,"Local market",1.1,1.8,"Yes","No","Medium"
"GAHS-F0590","Upper West",10.7262,-2.9497,"Female",53,"Primary",5,34,8.19,"Sharecrop","Cowpea","Yes","Goat/Sheep","Good",537,"No","Minor",2023,"No",0,"No","Yes",4,"Yes",3.21,26.29,5104,134184,3342,130842,95,"Yes",2612,"Bank","On-farm store",NA,"Farmgate",19.4,0.7,"Yes","No","Medium"
"GAHS-F0591","North East",10.8668,-0.4333,"Male",24,"JHS",8,3,1.52,"Owned","Cowpea","Yes","Goat/Sheep","Good",1141,"Yes","Minor",2023,"Yes",84.8,"No","No",1,"No",2.4,3.65,1271,4639,929,NA,80,"No",NA,"None","On-farm store",14.5,"Exporter",39.3,5.9,"Yes","No","Low"
"GAHS-F0592","North East",10.2606,-0.1894,"Female",65,"Primary",1,51,0.65,"Communal","Millet","No","None","Poor",1098,"Yes","Minor",2023,"No",0,"No","Yes",1,"No",1.96,1.27,2607,3311,519,2792,84.3,"No",NA,"None","On-farm store",23.8,"Farmgate",22,5.5,"Yes","No","Low"
"GAHS-F0593","Volta",7.5901,0.4767,"Female",73,"JHS",6,52,8.03,"Leased","Maize","Yes","Goat/Sheep","Moderate",741,"No","Major",2021,"Yes",121.4,"No","Yes",3,"No",2.62,21.04,1638,34464,4954,29510,85.6,"Yes",1578,"MFI","No storage",29.7,"Processor",13.1,4.5,"Yes","Yes","Medium"
"GAHS-F0594","Western North",6.0743,-2.4577,"Female",21,"JHS",4,3,2.23,"Owned","Yam","Yes","Mixed","Excellent",1594,"Yes","Minor",2021,"Yes",84.5,"No","Yes",1,"No",NA,5.89,2122,12499,766,11733,93.9,"No",NA,"None","Warehouse",12.4,"Farmgate",14.3,4.4,"Yes","No","Medium"
"GAHS-F0595","Western",5.6713,-2.4622,"Male",60,"SHS",4,42,4.63,"Leased","Cocoa","Yes","Goat/Sheep","Good",1746,"No","Minor",2022,"Yes",91,"No","Yes",5,"Yes",2.76,12.78,863,11029,2738,8291,75.2,"No",NA,"None","Rented silo",NA,"Regional market",11.4,6.1,"Yes","Yes","High"
"GAHS-F0596","Ashanti",6.9646,-1.544,"Female",42,"JHS",1,22,1.61,"Owned","Oil Palm","Yes","Poultry","Excellent",1556,"Yes","Major",2021,"No",0,"No","Yes",2,"No",3.44,5.54,757,4194,651,3543,84.5,"No",NA,"None","No storage",20.8,"Local market",14.2,5.2,"Yes","No","Low"
"GAHS-F0597","Ashanti",6.3773,-1.6082,"Male",28,"SHS",3,14,10.88,"Owned","Oil Palm","Yes","Pig","Poor",1907,"No","Major",2022,"No",0,"Yes","No",2,"No",4.72,51.35,3785,194360,4490,189870,95,"Yes",455,"Bank","Warehouse",0,"Local market",8,NA,"Yes","No","Low"
"GAHS-F0598","Western North",5.8228,-2.403,"Female",22,"Primary",7,10,3.81,"Leased","Plantain","Yes","Cattle","Good",2400,"No","Minor",2021,"No",0,"No","Yes",0,"No",NA,11.54,843,9728,1514,8214,84.4,"Yes",1162,"Bank","On-farm store",17.4,"Local market",10,3.2,"Yes","No","Low"
"GAHS-F0599","Bono East",8.4591,-2.0546,"Female",51,"JHS",3,36,1.31,"Owned","Cassava","No","None","Good",600,"No","Minor",2022,"Yes",76.6,"Yes","No",0,"Yes",2.97,3.89,1208,4699,524,4175,88.8,"No",NA,"None","No storage",26.5,"Regional market",NA,7,"Yes","No","Medium"
"GAHS-F0600","Ashanti",6.4366,-2.0446,"Female",37,"JHS",6,18,1.47,"Owned","Maize","Yes","Poultry","Good",1752,"Yes","Minor",2022,"No",0,"No","No",0,"Yes",0.14,0.21,2288,480,852,-372,-77.3,"No",NA,"None","No storage",7.1,"Farmgate",4.1,NA,"No","No","Low"
"GAHS-F0601","Bono",7.8545,-2.3289,"Male",54,"None",5,37,2.24,"Sharecrop","Pepper","Yes","Pig","Moderate",1033,"Yes","Minor",2021,"No",0,"Yes","No",2,"No",0.44,0.99,1683,1666,657,1009,60.5,"No",NA,"None","On-farm store",28.2,"Farmgate",10,6.7,"Yes","No","Low"
"GAHS-F0602","Upper East",10.639,-1.2809,"Female",41,"None",7,24,1.02,"Owned","Groundnut","Yes","Goat/Sheep","Excellent",905,"Yes","Major",2023,"Yes",49.9,"No","No",5,"No",1.74,1.77,2794,4945,692,4253,86,"No",NA,"None","No storage",18.3,"Regional market",5.6,3.5,"Yes","Yes","Medium"
"GAHS-F0603","Eastern",6.3896,-0.6348,"Female",47,"SHS",6,29,1.36,"Owned","Plantain","Yes","Pig","Good",1763,"Yes","Minor",2022,"No",0,"No","No",2,"No",2.49,3.39,1371,4648,NA,3958,85.1,"No",NA,"None","On-farm store",20.3,"Processor",3,4.3,"Yes","No","Low"
"GAHS-F0604","Upper East",10.5011,-0.4154,"Male",49,"Primary",7,25,4.63,"Communal","Sorghum","Yes","Goat/Sheep","Good",400,"Yes","Minor",2023,"Yes",52.8,"Yes","No",4,"No",0.61,2.82,3632,10242,2161,8081,78.9,"No",NA,"None","On-farm store",27.1,"Regional market",7.8,6.8,"Yes","No","Medium"
"GAHS-F0605","Oti",7.757,0.1781,"Male",47,"JHS",4,28,2.4,"Communal","Tomato","No","None","Moderate",1250,"No","Major",2022,"No",0,"No","No",0,"No",2.39,5.74,2773,15917,895,15022,94.4,"No",NA,"None","On-farm store",26.1,"Processor",5.9,6.2,"Yes","No","Low"
"GAHS-F0606","Ahafo",7.3615,-2.4142,"Male",55,"SHS",8,36,2.8,"Owned","Cassava","No","None","Moderate",1616,"No","Major",2021,"No",0,"Yes","Yes",7,"No",2.55,7.14,1771,12645,1014,11631,92,"No",NA,"None","On-farm store",18.7,"Exporter",5.1,3.5,"Yes","No","Medium"
"GAHS-F0607","Western",4.6027,-2.3194,"Male",62,"JHS",5,41,1.22,"Owned","Cocoa","No","None","Moderate",1342,"No","Minor",2023,"No",0,"No","No",3,"Yes",2.37,2.89,2259,6529,508,6021,92.2,"No",NA,"None","Warehouse",16.1,"Regional market",8.9,5.5,"Yes","No","Medium"
"GAHS-F0608","Savannah",9.0076,-1.9438,"Male",43,"Primary",7,22,1.38,"Leased","Groundnut","Yes","Pig","Excellent",920,"No","Major",2023,"Yes",47.9,"No","Yes",1,"No",2.04,2.82,1088,3068,672,2396,78.1,"Yes",8745,"Bank","Warehouse",14.6,"Local market",54.7,1.6,"Yes","No","Medium"
"GAHS-F0609","Oti",7.5299,0.0084,"Female",37,"Tertiary",3,21,1.59,"Leased","Tomato","No","None","Excellent",883,"No","Major",2021,"Yes",51.3,"Yes","No",3,"No",4.48,7.12,647,4607,673,3934,85.4,"Yes",8325,"SACCO","No storage",14.2,"Local market",7.2,4,"Yes","No","Medium"
"GAHS-F0610","Central",5.044,-0.6315,"Male",53,"SHS",8,30,0.62,"Owned","Yam","Yes","Cattle","Moderate",1526,"No","Minor",2022,"No",0,"Yes","No",1,"Yes",1.77,1.1,967,1064,274,790,74.2,"No",NA,"None","On-farm store",9.3,"Exporter",8.2,3.2,"Yes","No","Medium"
"GAHS-F0611","Bono East",8.3848,-2.173,"Female",65,"Primary",8,51,2.24,"Sharecrop","Maize","No","None","Excellent",865,"Yes","Major",2023,"No",0,"No","No",1,"No",2.66,5.96,1296,7724,950,6774,87.7,"No",NA,"None","No storage",27.5,"Regional market",5.2,2.8,"Yes","No","Low"
"GAHS-F0612","Upper East",10.6065,-1.0867,"Male",34,"Primary",12,14,2.71,"Owned","Yam","Yes","Goat/Sheep","Moderate",796,"No","Major",2023,"No",0,"No","Yes",5,"No",2.02,5.47,969,5300,1029,4271,80.6,"No",NA,"None","No storage",18.5,"Farmgate",7.1,5.9,"Yes","No","Medium"
"GAHS-F0613","Oti",7.2392,0.1121,"Male",45,"SHS",7,25,3.61,"Gift","Pepper","No","None","Good",581,"No","Major",2023,"No",0,"No","No",4,"No",2.51,9.06,1109,10048,1704,8344,83,"Yes",4938,"SACCO","Warehouse",19.2,"Exporter",1.1,4.8,"Yes","No","Low"
"GAHS-F0614","Northern",9.7685,-1.3984,"Female",27,"None",1,8,1.85,"Owned","Sorghum","Yes","Cattle","Poor",967,"Yes","Major",2022,"Yes",30.7,"No","Yes",2,"Yes",2.35,4.35,2241,9748,1055,8693,89.2,"No",NA,"None","Rented silo",20.7,"Cooperative",74.5,4.7,"Yes","No","Medium"
"GAHS-F0615","Eastern",6.746,-0.5215,"Male",45,"SHS",8,27,2.25,"Owned","Oil Palm","Yes","Poultry","Excellent",1588,"No","Major",2023,"Yes",129,"No","Yes",3,"Yes",3.44,7.74,1583,12252,1426,10826,88.4,"Yes",2288,"Moneylender","No storage",8.9,"Regional market",10.1,5.3,"Yes","Yes","High"
"GAHS-F0616","Bono",8.0639,-2.033,"Male",43,"Primary",9,22,4.1,"Owned","Cassava","No","None","Good",566,"No","Minor",2021,"No",0,"No","No",2,"Yes",1.83,7.5,1699,12742,1534,11208,88,"No",NA,"None","On-farm store",21.7,"Farmgate",2.4,3.4,"Yes","No","Low"
"GAHS-F0617","Greater Accra",5.0125,-0.0077,"Female",34,"Primary",3,13,1.6,"Owned","Pepper","No","None","Excellent",974,"No","Major",2022,"Yes",42.5,"No","No",0,"No",4.22,6.75,1319,8903,765,8138,91.4,"No",NA,"None","On-farm store",NA,"Local market",4.3,4.9,"Yes","No","Low"
"GAHS-F0618","Upper East",10.556,-1.1386,"Female",36,"Primary",4,13,0.66,"Gift","Groundnut","Yes","Pig","Good",961,"Yes","Major",2023,"Yes",97.4,"No","No",4,"Yes",3.17,2.09,1598,3340,236,3104,92.9,"No",NA,"None","Warehouse",9.8,"Local market",8.6,2.7,"Yes","No","Medium"
"GAHS-F0619","Western",5.545,-2.4705,"Male",56,"JHS",5,38,3.72,"Owned","Cocoa","Yes","Goat/Sheep","Excellent",1332,"No","Major",2021,"No",0,"No","No",1,"No",0.86,3.2,1764,5645,1495,4150,73.5,"No",NA,"None","On-farm store",16.8,"Local market",10.7,5,"Yes","No","Low"
"GAHS-F0620","Bono",8.0404,-1.9866,"Male",27,"JHS",4,8,1.18,"Owned","Pepper","Yes","Poultry","Moderate",1027,"No","Minor",2022,"Yes",103.2,"No","No",2,"No",3.44,4.06,2792,11336,531,10805,95,"No",NA,"None","Warehouse",14.8,"Regional market",NA,NA,"Yes","No","Low"
"GAHS-F0621","Volta",6.9871,0.5245,"Male",54,"SHS",5,33,0.6,"Owned","Maize","Yes","Poultry","Excellent",677,"No","Major",2022,"Yes",65.2,"No","Yes",4,"No",2.95,1.77,1590,2814,182,2632,93.5,"Yes",404,"Bank","On-farm store",NA,"Processor",17.8,2.7,"Yes","No","Medium"
"GAHS-F0622","Volta",7.5176,0.8817,"Male",64,"SHS",7,46,2.82,"Sharecrop","Tomato","No","None","Moderate",866,"No","Minor",2022,"Yes",84.7,"No","No",4,"Yes",3.26,9.19,509,4678,1748,2930,62.6,"No",NA,"None","On-farm store",17.6,"Farmgate",2.6,3.2,"Yes","No","Medium"
"GAHS-F0623","Eastern",6.1312,0.0147,"Female",38,"JHS",1,25,1.76,"Owned","Plantain","Yes","Poultry","Good",1410,"No","Major",2022,"No",0,"Yes","No",6,"No",2.49,4.38,6193,27125,799,26326,95,"Yes",1410,"Family","No storage",29.2,"Exporter",0.5,4.5,"Yes","No","Medium"
"GAHS-F0624","Central",5.7434,-1.4239,"Male",57,"Primary",7,43,1.16,"Sharecrop","Plantain","No","None","Excellent",1153,"No","Minor",2023,"No",0,"Yes","No",2,"No",1.09,1.26,3529,4447,345,4102,92.2,"Yes",2403,"Family","On-farm store",35,"Regional market",6.2,3.3,"Yes","No","Low"
"GAHS-F0625","Northern",8.9253,-0.9459,"Male",47,"Tertiary",6,31,20.93,"Sharecrop","Yam","Yes","Poultry","Moderate",813,"No","Minor",2023,"No",0,"Yes","No",1,"No",3.92,82.05,893,73271,NA,65230,89,"No",NA,"None","Warehouse",16.4,"Exporter",1.1,4.8,"Yes","No","Low"
"GAHS-F0626","Bono East",8.1857,-1.6143,"Male",68,"SHS",4,51,NA,"Sharecrop","Pepper","No","None","Excellent",680,"Yes","Major",2022,"Yes",64.2,"No","No",4,"No",4.02,2.93,1491,4369,385,3984,91.2,"No",NA,"None","No storage",33.4,"Exporter",2.9,4.9,"Yes","No","Medium"
"GAHS-F0627","Volta",6.4544,0.1174,"Female",72,"Primary",7,55,2.32,"Communal","Yam","No","None","Poor",647,"No","Minor",2023,"Yes",49.8,"No","Yes",6,"No",4.04,9.37,1137,10654,789,9865,92.6,"Yes",8592,"MFI","Warehouse",21.9,"Cooperative",2,4.8,"Yes","Yes","Medium"
"GAHS-F0628","Upper East",11.0188,-0.7749,"Female",54,"None",1,34,0.64,"Gift","Groundnut","Yes","Mixed","Good",676,"Yes","Minor",2021,"Yes",58.2,"No","Yes",2,"Yes",3.2,2.05,1347,2761,360,2401,86.9,"Yes",1192,"MFI","On-farm store",21.6,"Regional market",43.2,3.6,"Yes","No","Medium"
"GAHS-F0629","Savannah",9.6158,-1.8251,"Male",41,"None",6,28,18.87,"Leased","Groundnut","Yes","Goat/Sheep","Poor",1482,"No","Major",2023,"No",0,"Yes","Yes",1,"Yes",4.71,88.88,884,78570,7383,71187,90.6,"No",NA,"None","No storage",31.2,"Farmgate",33,3.4,"Yes","No","Medium"
"GAHS-F0630","Greater Accra",5.3653,0.224,"Male",40,"SHS",1,19,7.14,"Leased","Yam","No","None","Poor",846,"No","Minor",2021,"No",0,"No","No",1,"No",1.54,11,2928,32208,2761,29447,91.4,"No",NA,"None","On-farm store",16.2,"Farmgate",25.7,5.6,"Yes","No","Low"
"GAHS-F0631","Eastern",5.9187,-0.7338,"Female",45,"None",8,28,5,"Owned","Yam","No","None","Good",NA,"No","Major",2021,"No",0,"No","No",1,"No",1.85,9.25,3869,35788,1940,NA,94.6,"No",NA,"None","On-farm store",20.7,"Exporter",6.5,5.9,"Yes","No","Low"
"GAHS-F0632","Ahafo",7.2286,-2.9385,"Male",62,"SHS",2,45,3.97,"Communal","Plantain","Yes","Mixed","Excellent",1523,"No","Minor",2022,"No",0,"Yes","No",3,"Yes",1.5,5.96,1001,5966,1613,4353,73,"No",NA,"None","No storage",31.7,"Local market",1.2,6.4,"Yes","No","Medium"
"GAHS-F0633","Savannah",8.5718,-2.2568,"Male",45,"Primary",7,26,0.83,"Communal","Sorghum","Yes","Cattle","Good",733,"No","Major",2023,"Yes",109.3,"Yes","Yes",2,"No",4.62,3.83,859,3290,415,2875,87.4,"No",NA,"None","No storage",16.2,"Processor",3.2,NA,"Yes","No","Medium"
"GAHS-F0634","Western",4.5183,-2.0244,"Male",46,"Tertiary",5,28,7.03,"Leased","Oil Palm","Yes","Goat/Sheep","Good",1992,"Yes","Major",2023,"Yes",84.1,"No","No",2,"No",2.55,17.93,821,14721,3787,10934,74.3,"Yes",1591,"Moneylender","No storage",17.1,"Regional market",5.4,3.5,"Yes","Yes","Low"
"GAHS-F0635","Ashanti",7.2135,-1.9864,"Male",40,"None",4,24,0.55,"Leased","Cocoa","Yes","Mixed","Good",1362,"No","Minor",2021,"Yes",90.7,"Yes","No",2,"No",3.8,2.09,1091,2280,236,2044,89.6,"No",NA,"None","No storage",20.1,"Local market",2.7,3.8,"Yes","No","Medium"
"GAHS-F0636","Bono",7.1038,-2.0725,"Male",63,"JHS",6,44,0.8,"Owned","Cassava","Yes","Pig","Moderate",1158,"Yes","Major",2022,"Yes",93.5,"No","Yes",1,"No",1.95,1.56,1922,2998,238,NA,92,"No",NA,"None","No storage",17.9,"Local market",5.7,3,"Yes","No","Medium"
"GAHS-F0637","Eastern",6.3448,-0.2199,"Male",43,"SHS",2,26,7.76,"Owned","Cocoa","No","None","Good",1669,"No","Major",2022,"Yes",33.9,"No","Yes",2,"No",2.39,18.55,2162,40105,3483,36622,91.3,"No",NA,"None","Rented silo",17.7,"Local market",11.1,5.3,"Yes","No","Medium"
"GAHS-F0638","Oti",8.2249,0.8114,"Female",28,"SHS",3,15,4.08,"Leased","Tomato","No","None","Good",1141,"Yes","Major",2022,"No",0,"Yes","No",2,"No",4.06,16.56,1122,18580,1726,16854,90.7,"Yes",1754,"MFI","No storage",16.3,"Local market",37.2,3.2,"Yes","No","Low"
"GAHS-F0639","Upper West",10.602,-2.8647,"Male",44,"JHS",4,27,2.58,"Communal","Sorghum","Yes","Mixed","Poor",553,"Yes","Major",2023,"No",0,"No","Yes",3,"Yes",2.43,6.27,659,4132,1082,3050,73.8,"Yes",1166,"Family","Warehouse",5.1,"Processor",27.6,4.4,"Yes","Yes","Medium"
"GAHS-F0640","Ashanti",6.7754,-1.4209,"Male",51,"None",3,29,0.92,"Owned","Cassava","No","None","Moderate",1541,"Yes","Minor",2023,"Yes",132,"No","No",2,"No",3.21,2.95,1264,3729,651,3078,82.5,"No",NA,"None","On-farm store",16,"Local market",2.4,4.8,"Yes","No","Low"
"GAHS-F0641","North East",10.2265,-0.2812,"Female",43,"SHS",12,20,1.81,"Owned","Sorghum","No","None","Poor",806,"No","Minor",2022,"No",0,"No","No",4,"No",1.27,2.3,2689,6185,649,5536,89.5,"Yes",3003,"Family","Warehouse",9.2,"Processor",0.5,6.4,"Yes","Yes","Low"
"GAHS-F0642","North East",10.4878,-0.1957,"Female",35,"JHS",3,12,2.76,"Leased","Maize","Yes","Goat/Sheep","Excellent",866,"Yes","Major",2023,"Yes",58.7,"No","Yes",2,"Yes",3.09,8.53,3955,33736,1341,NA,95,"No",NA,"None","On-farm store",16.8,"Regional market",3.9,5.3,"Yes","Yes","Medium"
"GAHS-F0643","Upper East",10.8165,-1.2989,"Female",37,"None",4,18,1.46,"Gift","Groundnut","Yes","Goat/Sheep","Poor",801,"No","Major",2021,"No",0,"No","No",0,"Yes",2.24,3.27,1505,4921,507,4414,89.7,"No",NA,"None","No storage",18.5,"Exporter",1.5,3.7,"Yes","No","Low"
"GAHS-F0644","Central",5.9119,-1.2333,"Male",61,"JHS",3,46,1.14,"Owned","Oil Palm","Yes","Poultry","Good",1695,"Yes","Minor",2021,"No",0,"No","No",5,"Yes",2.54,2.9,1037,3007,477,2530,84.1,"No",NA,"None","On-farm store",19.3,"Local market",2.7,4.7,"Yes","No","Medium"
"GAHS-F0645","Northern",8.994,-0.6676,"Male",41,"Tertiary",5,25,3.12,"Leased","Groundnut","Yes","Cattle","Good",909,"No","Major",2022,"Yes",95.4,"No","No",5,"No",3.09,9.64,1145,11038,1644,9394,85.1,"Yes",3274,"SACCO","On-farm store",10.8,"Local market",9.1,2.8,"Yes","No","Medium"
"GAHS-F0646","Bono",7.3256,-1.9764,"Male",52,"Tertiary",10,33,11.54,"Leased","Maize","No","None","Moderate",1141,"No","Minor",2022,"No",0,"No","Yes",2,"No",2.37,27.35,2075,56751,4814,51937,91.5,"No",NA,"None","On-farm store",17.5,"Processor",10.9,7.6,"Yes","No","Low"
"GAHS-F0647","Eastern",6.8143,0.0127,"Male",51,"None",4,34,NA,"Communal","Cassava","Yes","Poultry","Excellent",NA,"Yes","Major",2022,"No",0,"No","Yes",3,"Yes",3.47,29.91,3560,106480,3535,102945,95,"No",NA,"None","Rented silo",14.4,"Local market",0.7,3.3,"Yes","No","Medium"
"GAHS-F0648","Western",5.3732,-1.6441,"Male",67,"SHS",6,48,3.07,"Owned","Cocoa","No","None","Moderate",1915,"No","Major",2021,"No",0,"Yes","Yes",3,"Yes",2.29,7.03,793,5575,1133,NA,79.7,"No",NA,"None","On-farm store",15.5,"Farmgate",7.5,7.8,"Yes","No","High"
"GAHS-F0649","Central",5.5644,-0.6055,"Male",30,"JHS",5,11,1.56,"Leased","Maize","No","None","Poor",1304,"No","Minor",2022,"No",0,"No","No",0,"Yes",1.1,1.72,2458,4228,778,3450,81.6,"Yes",1791,"Bank","No storage",19.6,"Local market",0.5,4.7,"Yes","No","Low"
"GAHS-F0650","Ashanti",6.9206,-0.9759,"Female",36,"SHS",6,14,2.08,"Owned","Cocoa","Yes","Poultry","Poor",1210,"Yes","Major",2023,"Yes",77.3,"No","No",4,"No",1.52,3.16,1524,4816,1150,3666,76.1,"No",NA,"None","On-farm store",10.4,"Farmgate",6.2,3.6,"Yes","No","Medium"
"GAHS-F0651","Western North",6.7249,-3.2204,"Male",62,"Tertiary",6,40,NA,"Owned","Oil Palm","Yes","Mixed","Moderate",1836,"No","Minor",2021,"Yes",70.9,"Yes","No",6,"Yes",4.82,94.23,1166,109872,10277,99595,90.6,"No",NA,"None","On-farm store",NA,"Farmgate",12.2,NA,"Yes","No","High"
"GAHS-F0652","Savannah",9.2634,-2.3235,"Male",24,"SHS",7,4,6.28,"Communal","Cowpea","No","None","Poor",997,"Yes","Minor",2023,"Yes",99.6,"Yes","No",3,"Yes",3.83,24.05,988,23761,3640,20121,84.7,"No",NA,"None","On-farm store",14.8,"Local market",3.5,2.5,"Yes","No","High"
"GAHS-F0653","Upper West",10.0571,-2.0961,"Male",64,"JHS",8,48,0.4,"Leased","Maize","Yes","Cattle","Excellent",1216,"Yes","Minor",2021,"No",0,"No","No",2,"No",2.12,0.85,4420,3757,100,3657,95,"No",NA,"None","On-farm store",24,"Farmgate",4.2,4.1,"Yes","No","Low"
"GAHS-F0654","Bono East",8.2001,-1.8875,"Male",36,"SHS",4,19,2.42,"Owned","Cassava","Yes","Poultry","Good",1039,"No","Major",2021,"No",0,"No","Yes",3,"No",2.42,5.86,1529,8960,1062,7898,88.1,"Yes",542,"MFI","No storage",30.6,"Farmgate",14.6,3.9,"Yes","No","Medium"
"GAHS-F0655","Ahafo",7.0657,-2.9109,"Male",49,"Primary",5,33,1.4,"Gift","Cassava","No","None","Good",1348,"Yes","Major",2021,"Yes",101.9,"Yes","No",3,"No",2.15,3.01,684,2059,681,1378,66.9,"No",NA,"None","Warehouse",0,"Farmgate",27.2,4.2,"Yes","No","Medium"
"GAHS-F0656","Volta",6.5195,0.8928,"Female",62,"Primary",4,47,2.77,"Leased","Rice","No","None","Moderate",1189,"Yes","Minor",2021,"No",0,"No","Yes",4,"No",2.31,6.4,1338,8563,880,7683,89.7,"Yes",1940,"Bank","On-farm store",18.6,"Exporter",1.9,3.6,"Yes","No","Medium"
"GAHS-F0657","Northern",9.7351,-1.4136,"Male",34,"JHS",4,17,0.81,"Leased","Groundnut","Yes","Poultry","Poor",NA,"Yes","Major",2023,"No",0,"No","No",0,"Yes",1.2,0.97,1280,1242,370,872,70.2,"Yes",676,"Bank","Warehouse",23.9,"Local market",58.8,6,"Yes","No","Low"
"GAHS-F0658","Northern",9.5646,-0.3647,"Male",69,"JHS",8,53,NA,"Communal","Sorghum","Yes","Mixed","Good",790,"Yes","Minor",2022,"No",0,"No","No",1,"Yes",2.85,8.86,750,6645,1100,NA,83.4,"Yes",2195,"Family","Warehouse",NA,"Farmgate",16,4.1,"Yes","No","Low"
"GAHS-F0659","Ahafo",7.2411,-2.9614,"Male",50,"JHS",8,32,5.67,"Owned","Yam","Yes","Goat/Sheep","Excellent",1824,"Yes","Minor",2022,"No",0,"No","No",0,"No",3.13,17.75,1377,24442,2279,22163,90.7,"Yes",2761,"Family","No storage",16,"Exporter",4.7,5.8,"Yes","No","Low"
"GAHS-F0660","Eastern",6.1948,-0.5273,"Male",53,"None",6,39,1.12,"Gift","Oil Palm","Yes","Cattle","Excellent",1421,"No","Minor",2021,"No",0,"No","No",0,"No",1.62,1.81,1005,1819,317,1502,82.5,"Yes",910,"Moneylender","No storage",13.2,"Regional market",7.5,4.8,"Yes","No","Low"
"GAHS-F0661","Eastern",7.0731,-0.4575,"Male",28,"None",7,9,4.38,"Sharecrop","Cocoa","No","None","Poor",1642,"No","Major",2022,"Yes",92.6,"No","No",3,"No",2.98,13.05,804,10492,2586,7906,75.3,"No",NA,"None","On-farm store",17.5,"Regional market",9.3,5.7,"Yes","No","Medium"
"GAHS-F0662","Eastern",6.0012,-0.1438,"Male",59,"Tertiary",3,44,1.04,"Sharecrop","Yam","No","None","Good",1908,"No","Major",2022,"No",0,"Yes","Yes",2,"Yes",2.85,2.96,1181,3496,331,3165,90.5,"No",NA,"None","No storage",23.9,"Farmgate",0.5,4.9,"Yes","No","Medium"
"GAHS-F0663","North East",9.9137,-0.4996,"Female",59,"Tertiary",4,42,0.76,"Leased","Sorghum","Yes","Mixed","Good",916,"No","Major",2022,"Yes",55.1,"No","No",5,"No",0.23,0.17,896,152,289,-137,-80,"No",NA,"None","On-farm store",0,"Processor",12.9,2.3,"No","No","Medium"
"GAHS-F0664","Western",5.3474,-2.2787,"Male",51,"SHS",8,33,2.73,"Communal","Cocoa","No","None","Good",1576,"Yes","Minor",2022,"Yes",NA,"No","No",0,"Yes",2.4,6.55,4963,32508,1333,31175,95,"Yes",5615,"MFI","On-farm store",6.6,"Farmgate",2.6,2.1,"Yes","No","Medium"
"GAHS-F0665","Western",4.4855,-1.8909,"Female",63,"Primary",8,44,0.54,"Owned","Oil Palm","Yes","Poultry","Moderate",1636,"No","Minor",2023,"Yes",76.3,"No","Yes",1,"Yes",2.14,1.16,3404,3949,280,3669,92.9,"Yes",3217,"MFI","Warehouse",22.4,"Regional market",4,2.7,"Yes","No","Medium"
"GAHS-F0666","Western",4.7006,-2.7484,"Female",35,"SHS",4,16,1.09,"Leased","Cocoa","No","None","Excellent",1284,"Yes","Major",2021,"No",0,"No","No",0,"No",2.13,2.32,1365,3167,530,2637,83.2,"No",NA,"None","Rented silo",13.2,"Farmgate",4.1,NA,"Yes","No","Low"
"GAHS-F0667","Bono East",7.1982,-1.5772,"Male",48,"Primary",3,31,2.55,"Owned","Yam","Yes","Poultry","Moderate",939,"Yes","Major",2022,"No",0,"No","Yes",2,"Yes",2.64,6.73,3341,22485,736,21749,95,"Yes",5365,"MFI","On-farm store",19.9,"Farmgate",10.4,2.2,"Yes","No","Medium"
"GAHS-F0668","Upper West",9.7862,-1.9126,"Male",32,"SHS",5,18,0.34,"Owned","Maize","Yes","Mixed","Moderate",667,"Yes","Major",2022,"No",0,"Yes","Yes",5,"Yes",2.3,0.78,740,577,100,NA,82.5,"No",NA,"None","Warehouse",26.9,"Local market",82.3,3.8,"Yes","No","High"
"GAHS-F0669","Western",5.6298,-1.7471,"Male",40,"None",7,22,4.23,"Sharecrop","Cassava","No","None","Good",1460,"No","Major",2021,"No",0,"No","No",1,"No",NA,5.75,1179,6779,1360,NA,79.9,"Yes",680,"SACCO","No storage",16,"Farmgate",14.4,3.9,"Yes","No","Low"
"GAHS-F0670","Eastern",6.5764,0.098,"Female",55,"Primary",1,38,3.64,"Owned","Cassava","Yes","Pig","Excellent",1430,"Yes","Major",2021,"No",0,"No","Yes",2,"No",2.06,7.5,1107,8302,1177,7125,85.8,"Yes",627,"Bank","Warehouse",11.1,"Local market",2.9,4.8,"Yes","No","Low"
"GAHS-F0671","Bono",7.3549,-2.5856,"Female",58,"None",7,32,1.52,"Leased","Yam","Yes","Mixed","Moderate",969,"Yes","Minor",2022,"Yes",59.8,"No","Yes",7,"No",1.81,2.75,759,2087,NA,1431,68.5,"No",NA,"None","No storage",30.1,"Regional market",11.5,7.1,"Yes","No","Medium"
"GAHS-F0672","Ahafo",6.2868,-3.0785,"Female",27,"SHS",1,7,7.41,"Leased","Oil Palm","Yes","Mixed","Moderate",1460,"No","Major",2022,"No",0,"No","No",3,"No",2.48,18.38,1483,27258,3165,24093,88.4,"Yes",603,"MFI","No storage",26,"Exporter",20.1,4.9,"Yes","No","Low"
"GAHS-F0673","Eastern",6.1324,-0.5448,"Female",40,"None",9,24,1.76,"Leased","Plantain","Yes","Poultry","Good",1507,"No","Major",2022,"Yes",33.3,"No","No",2,"Yes",2.62,4.61,1771,8164,872,7292,89.3,"No",NA,"None","No storage",15.1,"Local market",1.1,NA,"Yes","No","Medium"
"GAHS-F0674","Central",5.01,-1.4541,"Male",44,"Tertiary",3,23,7.88,"Sharecrop","Plantain","Yes","Pig","Excellent",1542,"No","Minor",2021,"Yes",108.4,"No","No",2,"Yes",2.67,21.04,2460,51758,4935,46823,90.5,"No",NA,"None","On-farm store",18.7,"Exporter",21.1,4.8,"Yes","Yes","Medium"
"GAHS-F0675","Eastern",5.933,-0.6594,"Male",65,"None",8,50,1.26,"Owned","Oil Palm","Yes","Poultry","Moderate",1744,"No","Major",2022,"No",0,"No","Yes",2,"No",2.91,3.67,768,2819,287,2532,89.8,"No",NA,"None","No storage",NA,"Regional market",2.4,3.7,"Yes","Yes","Low"
"GAHS-F0676","Eastern",6.8967,-0.1552,"Female",36,"JHS",3,17,2.83,"Owned","Plantain","No","None","Excellent",1352,"No","Major",2022,"Yes",120.6,"No","Yes",1,"No",2.5,7.08,2203,15597,1615,13982,89.6,"Yes",2437,"Family","No storage",20.1,"Farmgate",12.5,4.6,"Yes","No","Medium"
"GAHS-F0677","Volta",7.0502,0.287,"Female",31,"None",5,11,1.25,"Gift","Maize","No","None","Poor",1064,"No","Major",2021,"Yes",65.2,"No","No",3,"Yes",0.97,1.21,921,1114,NA,605,54.3,"Yes",10937,"Moneylender","On-farm store",12.9,"Cooperative",9.5,4.8,"Yes","No","Medium"
"GAHS-F0678","Ashanti",7.3158,-2.1832,"Male",34,"Primary",6,15,2.26,"Owned","Oil Palm","No","None","Moderate",1893,"Yes","Minor",2023,"Yes",58.6,"Yes","No",1,"No",2.09,4.72,1195,NA,1132,4508,79.9,"No",NA,"None","No storage",6.4,"Local market",10.1,3.6,"Yes","No","Medium"
"GAHS-F0679","Western North",6.1347,-2.8628,"Male",72,"JHS",4,55,2.16,"Owned","Plantain","No","None","Moderate",1619,"Yes","Minor",2023,"Yes",76.8,"No","No",1,"Yes",2.44,5.27,2230,11752,1343,10409,88.6,"Yes",1910,"SACCO","No storage",20,"Processor",7.8,4.3,"Yes","Yes","Medium"
"GAHS-F0680","Volta",6.5351,0.9218,"Male",55,"JHS",5,36,1.77,"Gift","Yam","Yes","Cattle","Poor",NA,"No","Major",2023,"No",0,"No","Yes",1,"No",3,5.31,1841,9776,899,8877,90.8,"No",NA,"None","No storage",26.8,"Local market",19.1,8,"Yes","No","Low"
"GAHS-F0681","Western",5.7418,-2.5332,"Female",57,"SHS",7,45,3.25,"Sharecrop","Oil Palm","No","None","Poor",1865,"No","Minor",2021,"Yes",63.5,"No","No",3,"No",2.62,8.52,2136,18199,1805,16394,90.1,"No",NA,"None","Rented silo",0,"Farmgate",NA,2.8,"Yes","No","Medium"
"GAHS-F0682","Western",5.5131,-2.506,"Female",37,"None",6,24,3.39,"Owned","Maize","Yes","Goat/Sheep","Excellent",1202,"No","Minor",2022,"Yes",61.2,"No","No",3,"No",1.88,6.37,2432,15492,1566,NA,89.9,"No",NA,"None","On-farm store",24.5,"Exporter",23.5,5.5,"Yes","No","Medium"
"GAHS-F0683","Northern",9.7052,-0.8867,"Female",41,"JHS",1,27,4.99,"Communal","Cowpea","Yes","Goat/Sheep","Poor",727,"No","Major",2023,"Yes",65.9,"No","No",4,"Yes",2.53,12.62,3117,39337,2471,36866,93.7,"Yes",2536,"MFI","On-farm store",18.5,"Farmgate",51.5,4.2,"Yes","No","Medium"
"GAHS-F0684","Upper West",10.3547,-2.9705,"Female",30,"Primary",7,14,11.11,"Leased","Groundnut","Yes","Poultry","Moderate",998,"No","Major",2023,"Yes",63.8,"Yes","No",4,"No",3.7,41.11,825,33916,5801,28115,82.9,"No",NA,"None","On-farm store",21.5,"Farmgate",25.6,5.3,"Yes","No","Medium"
"GAHS-F0685","Savannah",8.6594,-1.672,"Male",35,"SHS",11,15,5.07,"Owned","Maize","No","None","Good",823,"No","Major",2022,"Yes",62,"Yes","No",7,"Yes",1.66,8.42,5667,47716,2737,44979,94.3,"No",NA,"None","No storage",33.5,"Local market",8,5.2,"Yes","No","High"
"GAHS-F0686","Savannah",9.6208,-1.3343,"Male",50,"JHS",3,39,7.73,"Communal","Sorghum","Yes","Mixed","Moderate",1003,"Yes","Minor",2022,"Yes",65.1,"Yes","Yes",1,"No",3.36,25.97,1286,33397,4048,29349,87.9,"No",NA,"None","No storage",20.7,"Farmgate",45.6,5.5,"Yes","No","Medium"
"GAHS-F0687","Northern",10.0831,-1.1528,"Male",51,"None",7,30,3.02,"Sharecrop","Groundnut","No","None","Moderate",982,"Yes","Major",2021,"Yes",110.5,"Yes","No",3,"No",1.29,3.9,1461,5698,2132,3566,62.6,"No",NA,"None","On-farm store",14.1,"Exporter",3.5,6.2,"Yes","No","Medium"
"GAHS-F0688","Volta",7.1135,-0.0966,"Female",47,"SHS",6,26,0.96,"Owned","Maize","No","None","Excellent",1108,"No","Major",2022,"No",0,"Yes","No",1,"Yes",1.89,1.81,1337,2420,406,2014,83.2,"No",NA,"None","On-farm store",22.4,"Farmgate",0.5,2.9,"Yes","No","Medium"
"GAHS-F0689","Western",5.4488,-1.7258,"Female",59,"Tertiary",8,37,1.97,"Communal","Plantain","Yes","Goat/Sheep","Good",1289,"No","Major",2022,"No",0,"No","No",0,"Yes",1.92,3.78,1197,4525,766,3759,83.1,"No",NA,"None","On-farm store",19.6,"Local market",17.9,6,"Yes","No","Low"
"GAHS-F0690","Western North",6.5689,-2.6945,"Female",41,"SHS",4,22,1.2,"Leased","Oil Palm","No","None","Moderate",1249,"No","Minor",2021,"Yes",125.4,"No","No",5,"Yes",3.73,4.48,1528,6845,690,6155,89.9,"Yes",2363,"SACCO","On-farm store",18.2,"Regional market",3.5,4.2,"Yes","No","Medium"
"GAHS-F0691","Upper West",9.6034,-3.0037,"Male",41,"Primary",3,21,7.23,"Owned","Maize","Yes","Mixed","Excellent",883,"No","Major",2022,"Yes",82.3,"No","No",2,"Yes",2.75,19.88,1408,27991,3874,24117,86.2,"Yes",3388,"MFI","On-farm store",30.9,"Processor",13.3,4.6,"Yes","No","Medium"
"GAHS-F0692","Upper West",10.389,-2.5799,"Male",55,"JHS",9,39,1.82,"Sharecrop","Maize","Yes","Pig","Poor",1002,"Yes","Minor",2022,"Yes",160.3,"No","No",6,"Yes",3.58,6.52,932,6077,1047,5030,82.8,"No",NA,"None","No storage",19.6,"Exporter",5.5,3.8,"Yes","Yes","Medium"
"GAHS-F0693","Western North",5.895,-2.166,"Male",30,"JHS",4,9,1.7,"Leased","Oil Palm","Yes","Cattle","Moderate",1636,"No","Minor",2022,"No",0,"No","No",3,"No",0.41,0.7,1642,1149,NA,558,48.5,"No",NA,"None","On-farm store",16.4,"Farmgate",10.2,4.8,"Yes","No","Low"
"GAHS-F0694","Upper West",10.3953,-2.961,"Male",31,"JHS",4,14,2.05,"Communal","Millet","No","None","Moderate",1008,"No","Minor",2022,"No",0,"No","No",0,"No",2.36,4.84,864,4182,994,3188,76.2,"No",NA,"None","Warehouse",2.7,"Local market",0.5,3.6,"Yes","No","Low"
"GAHS-F0695","Eastern",6.2969,0.0954,"Male",51,"SHS",7,32,2.51,"Owned","Plantain","No","None","Moderate",1950,"Yes","Major",2022,"No",0,"No","Yes",1,"No",1.93,4.84,5872,28420,1047,27373,95,"Yes",3656,"Bank","On-farm store",22,"Farmgate",6.4,1.3,"Yes","No","Low"
"GAHS-F0696","Central",4.9777,-1.2105,"Male",46,"SHS",3,29,1.89,"Owned","Plantain","No","None","Moderate",1697,"Yes","Minor",2023,"No",0,"Yes","Yes",1,"Yes",2.93,5.54,4870,26980,733,26247,95,"Yes",1424,"MFI","On-farm store",23.9,"Local market",0.5,4.4,"Yes","Yes","Medium"
"GAHS-F0697","Upper East",11.3358,-1.1183,"Male",47,"SHS",5,29,3.15,"Leased","Sorghum","Yes","Poultry","Poor",1061,"No","Minor",2021,"Yes",101.8,"No","No",4,"No",3.29,10.36,1211,12546,2059,10487,83.6,"Yes",1484,"MFI","No storage",29.6,"Processor",5.6,2.6,"Yes","No","Medium"
"GAHS-F0698","Western North",5.8547,-2.445,"Male",28,"SHS",5,11,1.89,"Owned","Plantain","Yes","Goat/Sheep","Poor",1237,"Yes","Minor",2021,"Yes",NA,"No","Yes",5,"No",3.89,7.35,2138,15714,1548,14166,90.1,"Yes",4180,"MFI","On-farm store",NA,"Local market",11,2.3,"Yes","No","Medium"
"GAHS-F0699","Savannah",9.4203,-1.4112,"Male",40,"SHS",9,19,2.08,"Owned","Groundnut","Yes","Poultry","Moderate",591,"No","Major",2022,"No",0,"No","No",0,"No",3.13,6.51,1919,12493,1102,11391,91.2,"Yes",6068,"Moneylender","Warehouse",6.3,"Processor",3.9,3.4,"Yes","No","Low"
"GAHS-F0700","Ashanti",6.9031,-2.2241,"Male",45,"SHS",6,29,4.21,"Sharecrop","Cocoa","Yes","Goat/Sheep","Good",1004,"No","Minor",2021,"No",0,"No","No",2,"No",2.75,11.58,1041,12055,1801,10254,85.1,"No",NA,"None","Warehouse",NA,"Farmgate",3.3,5.1,"Yes","No","Low"
"GAHS-F0701","Volta",6.4029,0.1989,"Male",38,"Primary",4,17,12.67,"Gift","Rice","No","None","Moderate",891,"Yes","Minor",2023,"No",NA,"No","No",3,"No",2.63,33.32,3651,121651,5054,116597,95,"Yes",459,"SACCO","Warehouse",19.9,"Cooperative",3.1,3.6,"Yes","Yes","Low"
"GAHS-F0702","Ashanti",7.3287,-2.0831,"Female",74,"None",5,55,0.69,"Owned","Cocoa","Yes","Poultry","Moderate",1754,"No","Minor",2021,"Yes",78.2,"No","No",3,"Yes",2.46,1.7,2656,4515,501,4014,88.9,"No",NA,"None","On-farm store",23,"Farmgate",18.5,NA,"Yes","No","Medium"
"GAHS-F0703","Eastern",6.1477,0.0447,"Female",52,"JHS",7,33,3.3,"Sharecrop","Plantain","Yes","Mixed","Good",2400,"No","Major",2023,"Yes",136.8,"No","No",1,"No",1.7,5.61,5827,32689,2120,30569,93.5,"No",NA,"None","No storage",20.5,"Local market",2,6.3,"Yes","No","Low"
"GAHS-F0704","Upper East",10.785,-0.4969,"Male",35,"Primary",4,22,3.06,"Sharecrop","Groundnut","No","None","Moderate",967,"Yes","Major",2023,"Yes",33.6,"No","Yes",1,"No",4.02,12.3,1333,16396,1509,14887,90.8,"Yes",1338,"MFI","On-farm store",18.7,"Exporter",17.8,3.3,"Yes","No","Medium"
"GAHS-F0705","Eastern",6.1873,-1.0218,"Female",46,"JHS",8,21,5.84,"Sharecrop","Plantain","Yes","Poultry","Excellent",1866,"No","Minor",2022,"Yes",47.1,"No","Yes",2,"No",5.51,32.18,931,29960,2945,27015,90.2,"No",NA,"None","No storage",16.5,"Regional market",18.4,2.6,"Yes","No","Medium"
"GAHS-F0706","Western North",5.7584,-3.1723,"Female",40,"SHS",5,19,2.3,"Sharecrop","Oil Palm","Yes","Cattle","Good",1839,"No","Minor",2022,"Yes",36.7,"No","No",4,"No",2.09,4.81,757,3641,NA,2728,74.9,"No",NA,"None","Rented silo",10.5,"Local market",1.6,5.3,"Yes","No","Medium"
"GAHS-F0707","Western",5.5592,-2.7029,"Male",41,"JHS",5,21,2.01,"Leased","Plantain","Yes","Poultry","Moderate",1872,"Yes","Minor",2022,"No",0,"No","No",2,"Yes",1.37,2.75,1940,NA,878,4457,83.5,"No",NA,"None","On-farm store",27.6,"Local market",16.2,5.2,"Yes","Yes","Low"
"GAHS-F0708","North East",10.7605,-0.8097,"Male",38,"Primary",7,21,0.64,"Leased","Groundnut","Yes","Poultry","Excellent",1024,"No","Major",2023,"No",NA,"No","No",1,"No",2.73,1.75,1086,1900,100,1800,94.7,"Yes",10046,"SACCO","On-farm store",12.5,"Farmgate",0.5,2.4,"Yes","No","Low"
"GAHS-F0709","Northern",9.3823,-1.4119,"Male",72,"None",4,54,3.28,"Sharecrop","Maize","No","None","Excellent",1078,"No","Major",2022,"No",NA,"No","Yes",1,"Yes",2.22,7.28,1290,9391,1312,8079,86,"Yes",1468,"MFI","Rented silo",26,"Regional market",15.3,4.1,"Yes","No","Medium"
"GAHS-F0710","Western",5.5192,-2.0397,"Female",42,"JHS",5,25,11.94,"Sharecrop","Oil Palm","No","None","Excellent",1626,"Yes","Minor",2022,"No",0,"No","Yes",0,"Yes",3.03,36.18,1284,46455,4715,41740,89.8,"Yes",1939,"Bank","On-farm store",28.3,"Farmgate",2.8,2.7,"Yes","No","Medium"
"GAHS-F0711","Volta",6.4196,0.4725,"Female",53,"None",4,37,0.89,"Communal","Maize","Yes","Goat/Sheep","Excellent",952,"No","Major",2023,"Yes",80.2,"No","Yes",2,"No",3.31,2.95,1066,3145,333,2812,89.4,"No",NA,"None","Warehouse",21.1,"Farmgate",9.4,3.7,"Yes","No","Medium"
"GAHS-F0712","Western",4.8337,-2.2226,"Female",65,"None",5,44,5.72,"Owned","Plantain","No","None","Poor",1686,"Yes","Major",2022,"No",0,"No","No",1,"No",3.31,18.93,3503,66312,1984,64328,95,"No",NA,"None","On-farm store",14.7,"Regional market",1.8,2.6,"Yes","No","Low"
"GAHS-F0713","Western",5.6325,-1.4872,"Female",66,"SHS",6,47,3.53,"Sharecrop","Cocoa","Yes","Goat/Sheep","Excellent",1609,"No","Major",2022,"Yes",94.1,"No","No",4,"No",3.22,11.37,1378,15668,1980,13688,87.4,"No",NA,"None","On-farm store",25.6,"Exporter",24.8,2.6,"Yes","No","Medium"
"GAHS-F0714","Northern",9.3188,-0.8235,"Female",37,"Primary",6,21,2.03,"Owned","Cowpea","Yes","Goat/Sheep","Excellent",582,"Yes","Minor",2021,"No",0,"Yes","Yes",0,"Yes",2.36,4.79,835,NA,616,3384,84.6,"No",NA,"None","On-farm store",25.1,"Farmgate",3.6,7.4,"Yes","No","Medium"
"GAHS-F0715","Upper West",9.7042,-2.2123,"Female",47,"JHS",6,30,23.63,"Sharecrop","Millet","No","None","Good",772,"Yes","Major",2021,"No",0,"No","Yes",1,"No",3.17,74.91,976,73112,9522,63590,87,"No",NA,"None","On-farm store",16.2,"Regional market",12.6,4.1,"Yes","Yes","Low"
"GAHS-F0716","Western",4.5336,-1.9474,"Male",63,"None",1,45,8.36,"Owned","Cocoa","Yes","Cattle","Moderate",1907,"No","Major",2023,"No",0,"No","No",1,"No",1.84,15.38,1664,25592,3075,22517,88,"No",NA,"None","No storage",15.4,"Farmgate",15.7,5.1,"Yes","Yes","Low"
"GAHS-F0717","Upper East",11.3581,-0.6508,"Male",53,"JHS",9,34,1.79,"Sharecrop","Sorghum","No","None","Poor",959,"Yes","Minor",2023,"No",0,"No","Yes",1,"No",1.79,3.2,1934,6189,674,5515,89.1,"No",NA,"None","Warehouse",2.7,"Local market",4,5,"Yes","No","Low"
"GAHS-F0718","Ashanti",6.254,-1.3771,"Male",57,"JHS",5,36,6.25,"Owned","Cassava","Yes","Cattle","Excellent",1532,"No","Minor",2021,"Yes",89.2,"No","Yes",2,"Yes",2.73,17.06,1642,28013,3731,24282,86.7,"No",NA,"None","No storage",22.8,"Regional market",6.6,1.5,"Yes","No","Medium"
"GAHS-F0719","Eastern",6.9684,-0.985,"Female",44,"None",7,28,1.53,"Sharecrop","Yam","No","None","Poor",1519,"No","Major",2022,"Yes",79.7,"No","No",3,"No",1.94,2.97,806,NA,718,1676,70,"Yes",2335,"Family","No storage",23.4,"Regional market",35.6,3.6,"Yes","No","Medium"
"GAHS-F0720","Greater Accra",6.1231,-0.6215,"Male",34,"None",4,16,2.69,"Owned","Cassava","Yes","Poultry","Moderate",954,"No","Major",2021,"No",0,"No","No",0,"Yes",1.86,5,1017,5085,1059,4026,79.2,"Yes",613,"MFI","No storage",3.4,"Regional market",1.9,4,"Yes","No","Low"
"GAHS-F0721","Bono",7.4398,-2.7074,"Female",41,"SHS",5,22,1.5,"Leased","Maize","No","None","Moderate",1147,"No","Minor",2023,"No",0,"No","No",2,"No",1.63,2.44,1586,3870,374,3496,90.3,"No",NA,"None","Rented silo",30.2,"Local market",13.4,3.9,"Yes","No","Low"
"GAHS-F0722","Northern",9.5301,-0.2418,"Male",69,"Primary",8,48,1.36,"Communal","Maize","Yes","Goat/Sheep","Good",646,"Yes","Major",2023,"Yes",48.6,"No","Yes",2,"No",1.49,2.03,988,2006,589,1417,70.6,"No",NA,"None","No storage",14.9,"Local market",1.3,4.8,"Yes","No","Medium"
"GAHS-F0723","Northern",9.4906,-0.2663,"Female",53,"None",9,33,5.6,"Communal","Millet","Yes","Goat/Sheep","Moderate",1033,"Yes","Major",2022,"No",NA,"No","No",3,"Yes",1.84,10.3,1227,12638,1911,10727,84.9,"No",NA,"None","No storage",24.3,"Processor",32.1,5.4,"Yes","No","Medium"
"GAHS-F0724","Upper West",9.6145,-2.3352,"Male",59,"JHS",7,37,1.9,"Communal","Yam","Yes","Mixed","Poor",1174,"Yes","Major",2022,"No",0,"No","No",4,"No",0.96,1.82,746,1358,895,463,34.1,"No",NA,"None","No storage",17.5,"Farmgate",NA,NA,"Yes","No","Low"
"GAHS-F0725","Upper East",10.282,-1.1743,"Male",34,"JHS",4,15,2.78,"Leased","Sorghum","Yes","Mixed","Excellent",630,"Yes","Major",2021,"Yes",81.9,"No","No",2,"No",2.12,5.89,1201,7074,1300,5774,81.6,"Yes",1457,"Family","On-farm store",37.6,"Regional market",17.2,3.7,"Yes","No","Low"
"GAHS-F0726","Western",5.5135,-1.5473,"Female",48,"Tertiary",7,30,4.29,"Leased","Cassava","No","None","Good",1553,"No","Minor",2023,"Yes",71.5,"No","No",2,"Yes",3.25,13.94,932,12992,2173,10819,83.3,"Yes",1087,"SACCO","On-farm store",25.3,"Local market",1.3,3.5,"Yes","No","Medium"
"GAHS-F0727","Ashanti",6.8844,-2.0752,"Female",41,"SHS",3,22,2.1,"Leased","Cassava","Yes","Goat/Sheep","Poor",1319,"Yes","Major",2023,"Yes",151.5,"No","No",3,"No",3.77,7.92,1105,8752,1227,7525,86,"No",NA,"None","No storage",12,"Processor",3.3,2.1,"Yes","No","Medium"
"GAHS-F0728","Savannah",8.9257,-2.1253,"Male",50,"Primary",6,32,0.61,"Leased","Groundnut","Yes","Pig","Good",705,"No","Major",2023,"Yes",77.1,"No","No",2,"No",2.42,1.48,1673,2476,464,2012,81.2,"Yes",914,"Moneylender","On-farm store",29.4,"Farmgate",3.6,5.1,"Yes","No","Low"
"GAHS-F0729","Western",5.1252,-2.5839,"Male",36,"JHS",4,17,1.54,"Leased","Plantain","Yes","Pig","Excellent",1640,"No","Minor",2022,"Yes",52.3,"No","Yes",1,"Yes",2.41,3.71,838,3109,NA,2213,71.2,"No",NA,"None","Warehouse",14.9,"Cooperative",4.9,4,"Yes","No","Medium"
"GAHS-F0730","Upper East",10.3414,-1.4596,"Male",39,"Primary",4,24,1.22,"Leased","Maize","No","None","Excellent",1035,"No","Major",2023,"Yes",131,"No","No",4,"No",2.61,3.18,1267,4029,678,3351,83.2,"Yes",4883,"Moneylender","Warehouse",15.5,"Regional market",1.3,NA,"Yes","No","Medium"
"GAHS-F0731","Bono East",8.4539,-1.5638,"Male",33,"None",1,15,5.38,"Leased","Cassava","No","None","Moderate",850,"No","Major",2023,"No",0,"Yes","No",1,"No",1.97,10.6,4670,49502,2158,47344,95,"No",NA,"None","Warehouse",NA,"Farmgate",0.7,4.8,"Yes","No","Low"
"GAHS-F0732","Ashanti",6.1663,-1.917,"Female",27,"SHS",5,9,2.36,"Leased","Cocoa","No","None","Excellent",1374,"Yes","Major",2023,"Yes",130,"No","No",2,"Yes",2.9,6.84,2171,14850,1379,13471,90.7,"No",NA,"None","No storage",30,"Farmgate",4.8,1.8,"Yes","No","Medium"
"GAHS-F0733","Ahafo",6.4569,-2.0572,"Male",55,"SHS",4,35,2.81,"Sharecrop","Plantain","Yes","Cattle","Moderate",1216,"No","Major",2021,"Yes",114.3,"No","Yes",5,"No",2.53,7.11,1963,13957,1653,12304,88.2,"Yes",609,"MFI","Warehouse",18.8,"Farmgate",1.1,5.6,"Yes","No","Medium"
"GAHS-F0734","Savannah",8.9977,-1.4462,"Female",61,"JHS",4,43,NA,"Communal","Sorghum","Yes","Cattle","Moderate",875,"No","Minor",2023,"Yes",5,"No","Yes",4,"No",4.01,10.31,2650,27322,852,26470,95,"No",NA,"None","On-farm store",15.1,"Farmgate",24.1,3.3,"Yes","No","Medium"
"GAHS-F0735","Northern",9.2993,-1.4762,"Male",43,"Primary",7,32,0.81,"Communal","Maize","Yes","Goat/Sheep","Moderate",1074,"Yes","Major",2023,"Yes",75.2,"No","No",2,"No",2.31,1.87,4250,7948,332,7616,95,"No",NA,"None","No storage",13.1,"Farmgate",7.4,4.9,"Yes","No","Low"
"GAHS-F0736","Northern",9.7573,-0.6915,"Male",53,"Tertiary",7,39,1.22,"Leased","Maize","Yes","Cattle","Poor",953,"No","Minor",2023,"Yes",66.1,"No","No",2,"Yes",2.05,2.5,807,2018,686,NA,66,"Yes",1251,"Moneylender","No storage",18.2,"Farmgate",19.2,4.5,"Yes","No","Medium"
"GAHS-F0737","North East",10.3547,-0.4949,"Female",40,"None",4,18,1.15,"Owned","Maize","Yes","Poultry","Moderate",1130,"Yes","Minor",2021,"Yes",8.6,"No","Yes",4,"Yes",2.65,3.05,1511,4609,635,3974,86.2,"Yes",2082,"SACCO","Rented silo",25.6,"Farmgate",23.5,4.1,"Yes","No","High"
"GAHS-F0738","Western",4.6925,-1.5605,"Male",27,"SHS",9,9,2.74,"Leased","Cassava","Yes","Poultry","Poor",1786,"Yes","Minor",2022,"No",0,"No","Yes",5,"No",2.54,6.96,4034,28077,1219,26858,95,"No",NA,"None","Warehouse",15.3,"Local market",5.6,2.9,"Yes","No","Medium"
"GAHS-F0739","North East",10.4472,-0.6494,"Female",45,"None",8,26,2.45,"Leased","Maize","Yes","Poultry","Good",810,"No","Major",2022,"No",0,"Yes","No",1,"No",1.18,2.89,3714,NA,1232,9501,88.5,"No",NA,"None","No storage",24,"Local market",14.1,NA,"Yes","No","Low"
"GAHS-F0740","Ahafo",7.1486,-2.2668,"Female",36,"Tertiary",6,19,NA,"Communal","Cocoa","Yes","Poultry","Poor",1524,"Yes","Minor",2022,"Yes",55.5,"No","No",3,"No",2.26,6.06,654,3963,1549,2414,60.9,"No",NA,"None","Rented silo",12.6,"Local market",26.4,5,"Yes","No","Medium"
"GAHS-F0741","Bono",7.7041,-2.2058,"Male",57,"SHS",5,38,3.27,"Owned","Cassava","No","None","Excellent",691,"No","Major",2021,"No",0,"No","No",2,"No",3,9.81,2400,23544,1456,22088,93.8,"No",NA,"None","No storage",17.6,"Farmgate",5.7,5.5,"Yes","No","Low"
"GAHS-F0742","Northern",10.047,-1.0331,"Male",41,"None",1,21,1.08,"Sharecrop","Cowpea","Yes","Mixed","Moderate",1062,"No","Minor",2022,"No",0,"No","Yes",6,"No",2.22,2.4,1387,3329,116,3213,95,"No",NA,"None","No storage",30,"Local market",22.6,4.4,"Yes","No","Medium"
"GAHS-F0743","Western North",6.6095,-2.4376,"Male",45,"None",6,28,2.03,"Leased","Yam","Yes","Goat/Sheep","Excellent",1691,"No","Major",2021,"Yes",105.4,"Yes","No",0,"No",2.49,5.05,856,4323,1295,NA,70,"No",NA,"None","No storage",20.4,"Farmgate",9.1,5.1,"Yes","No","Medium"
"GAHS-F0744","North East",10.6917,0.1928,"Male",46,"JHS",6,27,4.66,"Sharecrop","Yam","Yes","Mixed","Good",1250,"No","Major",2023,"Yes",53.7,"No","Yes",4,"No",4.25,19.8,1289,25522,2203,23319,91.4,"Yes",2197,"Bank","Warehouse",10.1,"Farmgate",34.7,2.6,"Yes","No","Medium"
"GAHS-F0745","Northern",9.8801,-0.9484,"Female",23,"None",8,1,3,"Communal","Maize","No","None","Poor",935,"Yes","Major",2022,"Yes",22,"Yes","No",4,"No",3.53,10.59,4482,47464,1355,46109,95,"No",NA,"None","On-farm store",25,"Farmgate",6.3,4.4,"Yes","No","Medium"
"GAHS-F0746","Central",5.9026,-1.022,"Male",45,"Primary",3,28,0.66,"Leased","Plantain","No","None","Excellent",1172,"No","Minor",2022,"No",0,"Yes","No",2,"Yes",3.67,2.42,4707,11391,136,11255,95,"No",NA,"None","Warehouse",0.6,"Processor",4.4,4.8,"Yes","Yes","Medium"
"GAHS-F0747","Upper East",11.4242,-1.1512,"Female",41,"JHS",3,22,2.79,"Gift","Groundnut","Yes","Cattle","Good",1157,"Yes","Minor",2021,"No",0,"No","Yes",1,"No",2.36,6.58,1787,11758,793,10965,93.2,"No",NA,"None","On-farm store",32.2,"Farmgate",96.2,7.4,"Yes","No","Low"
"GAHS-F0748","Eastern",5.8811,-0.3037,"Male",36,"JHS",9,18,1.73,"Owned","Plantain","No","None","Poor",1451,"No","Major",2021,"No",0,"No","No",0,"No",1.05,1.82,2203,4009,566,3443,85.9,"No",NA,"None","On-farm store",18.2,"Local market",7.3,4.7,"Yes","No","Low"
"GAHS-F0749","Volta",7.4168,0.6431,"Female",47,"Primary",1,31,1.33,"Owned","Maize","Yes","Poultry","Moderate",913,"No","Minor",2022,"No",0,"No","No",0,"No",2.21,2.94,1779,5230,390,4840,92.5,"No",NA,"None","On-farm store",26.3,"Local market",0.9,3.2,"Yes","No","Low"
"GAHS-F0750","Ashanti",7.169,-1.7583,"Male",36,"SHS",10,16,2.56,"Owned","Plantain","No","None","Moderate",1624,"No","Major",2023,"No",0,"No","No",0,"No",1.89,4.84,740,3582,1144,2438,68,"No",NA,"None","Rented silo",11.3,"Local market",2.8,6.7,"Yes","No","Low"
"GAHS-F0751","Savannah",8.8249,-2.0354,"Female",53,"SHS",4,34,1.71,"Leased","Maize","No","None","Poor",847,"No","Minor",2021,"No",0,"No","No",0,"No",2.42,4.14,1441,5966,776,5190,87,"No",NA,"None","Rented silo",33.4,"Local market",2.1,3.8,"Yes","No","Low"
"GAHS-F0752","Ashanti",6.5078,-1.0175,"Female",51,"Primary",5,35,1.9,"Communal","Cassava","No","None","Excellent",1405,"Yes","Minor",2022,"No",0,"No","No",1,"No",2.57,4.88,1363,6651,718,5933,89.2,"Yes",4163,"MFI","On-farm store",15.1,"Regional market",4.5,4.5,"Yes","No","Low"
"GAHS-F0753","Western North",6.2982,-2.2222,"Female",35,"JHS",4,15,5.86,"Owned","Cocoa","No","None","Excellent",1496,"Yes","Major",2021,"No",0,"No","No",0,"No",3.12,18.28,1293,NA,2472,21164,89.5,"No",NA,"None","On-farm store",22.7,"Regional market",1.2,4.6,"Yes","No","Low"
"GAHS-F0754","Greater Accra",6.0392,-0.4491,"Female",44,"SHS",5,26,2.01,"Communal","Maize","No","None","Moderate",840,"No","Major",2022,"Yes",91.4,"No","Yes",0,"Yes",3.52,7.08,657,4652,1193,3459,74.3,"No",NA,"None","On-farm store",20.3,"Farmgate",9.6,4.6,"Yes","No","Medium"
"GAHS-F0755","Northern",9.446,-0.8096,"Male",45,"Primary",4,33,4.41,"Communal","Cowpea","Yes","Goat/Sheep","Poor",973,"Yes","Major",2022,"Yes",73.1,"No","Yes",4,"No",1.92,8.47,1486,12586,2448,10138,80.5,"No",NA,"None","No storage",24,"Local market",13.1,5.3,"Yes","No","Medium"
"GAHS-F0756","Eastern",6.7451,-0.8496,"Male",39,"SHS",7,25,7.24,"Leased","Oil Palm","No","None","Moderate",1506,"No","Major",2022,"No",0,"Yes","No",0,"No",2.83,20.49,2542,52086,2818,49268,94.6,"No",NA,"None","On-farm store",0,"Local market",0.5,NA,"Yes","No","Low"
"GAHS-F0757","Eastern",6.9647,-0.9989,"Male",54,"Tertiary",6,31,0.61,"Leased","Plantain","No","None","Good",1668,"No","Minor",2021,"No",0,"Yes","Yes",5,"No",2.67,1.63,1259,2052,442,1610,78.4,"No",NA,"None","On-farm store",23.8,"Processor",14.7,NA,"Yes","Yes","Medium"
"GAHS-F0758","Bono",7.2162,-1.7563,"Female",43,"SHS",8,31,1.18,"Leased","Tomato","No","None","Good",1075,"No","Minor",2021,"No",0,"No","Yes",2,"Yes",1.5,1.77,901,1595,497,1098,68.8,"No",NA,"None","Rented silo",19.2,"Cooperative",4.1,3.7,"Yes","No","Medium"
"GAHS-F0759","Northern",10.1166,-1.4881,"Male",52,"Primary",4,34,2.27,"Leased","Groundnut","Yes","Pig","Good",937,"No","Minor",2022,"Yes",40.2,"No","No",4,"No",3.33,7.56,987,7462,919,6543,87.7,"No",NA,"None","On-farm store",23.5,"Regional market",15.8,4.1,"Yes","No","Medium"
"GAHS-F0760","Western North",6.2938,-3.3033,"Female",65,"JHS",6,51,2.66,"Owned","Cocoa","Yes","Poultry","Good",1301,"No","Major",2022,"No",0,"No","No",2,"No",2.65,7.05,1932,13621,932,12689,93.2,"No",NA,"None","On-farm store",26.5,"Farmgate",1.5,5.2,"Yes","No","Low"
"GAHS-F0761","Upper West",10.4024,-2.948,"Female",42,"SHS",5,18,5.92,"Owned","Groundnut","No","None","Excellent",935,"Yes","Major",2023,"No",0,"Yes","Yes",3,"No",1.86,11.01,1097,12078,2478,9600,79.5,"No",NA,"None","On-farm store",14.7,"Regional market",5.9,3.6,"Yes","Yes","Medium"
"GAHS-F0762","Western",5.3861,-1.9015,"Female",40,"JHS",8,18,1.31,"Leased","Oil Palm","No","None","Excellent",1495,"No","Major",2022,"No",0,"Yes","No",1,"No",1.09,1.43,1519,NA,342,1830,84.2,"No",NA,"None","No storage",29.3,"Local market",9,5.7,"Yes","No","Low"
"GAHS-F0763","Greater Accra",4.9806,-0.2806,"Female",50,"JHS",5,37,1.31,"Owned","Tomato","No","None","Good",610,"Yes","Major",2023,"No",0,"No","Yes",2,"Yes",3.71,4.86,1026,4986,576,4410,88.4,"No",NA,"None","On-farm store",24.7,"Exporter",0.5,4.2,"Yes","No","Medium"
"GAHS-F0764","Western North",5.9256,-2.9325,"Male",40,"Tertiary",7,24,3.44,"Sharecrop","Cocoa","No","None","Poor",1798,"No","Major",2023,"Yes",27.4,"No","Yes",6,"No",3.31,11.39,2292,26106,1805,24301,93.1,"Yes",719,"SACCO","Rented silo",19.7,"Processor",3.3,2.8,"Yes","No","Medium"
"GAHS-F0765","Ashanti",6.8692,-2.1146,"Male",21,"JHS",5,0,2.61,"Owned","Cassava","Yes","Goat/Sheep","Moderate",1661,"No","Major",2023,"Yes",25.7,"No","No",2,"Yes",3.2,8.35,4391,36665,1369,35296,95,"No",NA,"None","Rented silo",11.4,"Local market",24.7,3.7,"Yes","No","Medium"
"GAHS-F0766","Oti",8.3095,0.0251,"Male",23,"Primary",7,6,4.26,"Owned","Tomato","Yes","Poultry","Moderate",779,"Yes","Major",2021,"Yes",94.8,"No","Yes",1,"No",4.84,20.62,686,14145,2205,11940,84.4,"Yes",1103,"Moneylender","On-farm store",18.2,"Local market",0.5,2.7,"Yes","No","Medium"
"GAHS-F0767","Western",5.3148,-2.4546,"Male",68,"JHS",5,50,3.94,"Owned","Plantain","Yes","Cattle","Moderate",1898,"Yes","Major",2022,"Yes",87,"No","No",1,"Yes",2.19,8.63,1683,14524,2155,12369,85.2,"Yes",3709,"SACCO","On-farm store",NA,"Processor",2.8,6.4,"Yes","No","Medium"
"GAHS-F0768","Bono",7.1117,-2.545,"Male",61,"JHS",4,39,33.23,"Sharecrop","Rice","Yes","Poultry","Excellent",514,"No","Major",2022,"Yes",121.8,"Yes","No",2,"Yes",3.9,129.6,1834,237686,20529,217157,91.4,"No",NA,"None","No storage",26.5,"Farmgate",16.1,3.9,"Yes","Yes","Medium"
"GAHS-F0769","Bono East",7.1888,-1.9466,"Male",26,"JHS",4,13,4.76,"Owned","Yam","No","None","Moderate",NA,"Yes","Major",2022,"Yes",47.3,"No","Yes",3,"No",2.99,14.23,3662,NA,1942,50168,95,"No",NA,"None","No storage",29.3,"Farmgate",8.1,6.4,"Yes","No","Medium"
"GAHS-F0770","Upper East",10.426,-0.3586,"Female",54,"Primary",7,36,1.02,"Leased","Maize","Yes","Poultry","Moderate",467,"No","Major",2021,"No",0,"Yes","Yes",1,"Yes",3.17,3.23,4462,14412,632,NA,95,"No",NA,"None","On-farm store",4.8,"Regional market",2,2.8,"Yes","No","Medium"
"GAHS-F0771","Savannah",8.9197,-1.3774,"Male",43,"SHS",3,23,5.37,"Communal","Yam","Yes","Mixed","Excellent",785,"No","Minor",2022,"No",0,"No","No",0,"Yes",3.42,18.37,1295,23789,2256,21533,90.5,"No",NA,"None","On-farm store",9.6,"Farmgate",10.5,3.2,"Yes","No","Low"
"GAHS-F0772","Western",4.5781,-1.6881,"Male",31,"Primary",11,12,0.91,"Owned","Yam","Yes","Mixed","Good",1360,"No","Major",2021,"No",0,"No","No",0,"No",2.18,1.98,2200,4356,263,4093,93.9,"Yes",2046,"MFI","No storage",19.3,"Regional market",2.8,2.7,"Yes","No","Low"
"GAHS-F0773","Western",5.2302,-1.8626,"Male",29,"None",6,5,1.7,"Owned","Oil Palm","No","None","Good",1583,"No","Minor",2022,"Yes",69.4,"No","Yes",5,"Yes",3.38,5.75,4343,24972,820,24152,95,"No",NA,"None","On-farm store",20.6,"Processor",6.9,2,"Yes","Yes","High"
"GAHS-F0774","Western",5.4417,-1.8361,"Male",58,"Tertiary",9,42,0.26,"Sharecrop","Cassava","Yes","Poultry","Poor",1441,"No","Minor",2023,"No",0,"No","No",0,"No",0.72,0.19,1584,301,182,119,39.4,"No",NA,"None","Warehouse",11.3,"Local market",19,NA,"Yes","No","Low"
"GAHS-F0775","Western North",6.1726,-2.4788,"Male",62,"SHS",5,41,1.2,"Owned","Maize","No","None","Good",1239,"No","Minor",2023,"No",0,"No","No",0,"Yes",2.1,2.52,1293,3258,377,2881,88.4,"Yes",3350,"Family","Warehouse",15.1,"Processor",1.7,2.2,"Yes","Yes","Low"
"GAHS-F0776","Bono",7.4817,-2.5503,"Male",54,"JHS",5,34,0.85,"Leased","Cassava","Yes","Cattle","Moderate",685,"No","Major",2022,"No",0,"No","No",1,"No",1.24,1.05,2654,2787,NA,2394,85.9,"No",NA,"None","No storage",32.3,"Regional market",0.9,5.6,"Yes","No","Low"
"GAHS-F0777","Savannah",9.146,-1.7863,"Male",63,"None",7,49,4.03,"Owned","Maize","Yes","Pig","Excellent",NA,"No","Major",2023,"Yes",79.2,"Yes","No",2,"No",2.45,9.87,3518,34723,2074,32649,94,"Yes",1691,"SACCO","On-farm store",13.2,"Farmgate",9.9,3,"Yes","No","Medium"
"GAHS-F0778","Northern",9.3611,-1.4518,"Female",35,"JHS",6,17,NA,"Owned","Sorghum","Yes","Cattle","Good",914,"No","Major",2022,"Yes",138.9,"Yes","Yes",2,"No",3.99,6.66,1688,11242,869,10373,92.3,"Yes",1502,"SACCO","On-farm store",12.5,"Farmgate",53.2,1.3,"Yes","No","Medium"
"GAHS-F0779","Bono",7.2985,-2.0435,"Male",37,"SHS",1,21,2.09,"Sharecrop","Tomato","No","None","Moderate",712,"Yes","Major",2022,"No",0,"No","Yes",3,"No",1.51,3.16,2462,7780,1069,6711,86.2,"No",NA,"None","On-farm store",NA,"Farmgate",8.6,4.2,"Yes","No","Medium"
"GAHS-F0780","Eastern",6.9283,-0.1619,"Female",37,"Primary",4,20,5.61,"Communal","Cassava","Yes","Goat/Sheep","Moderate",2242,"No","Major",2023,"Yes",67.1,"No","Yes",3,"No",4,22.44,4946,110988,2970,108018,95,"No",NA,"None","On-farm store",14.8,"Farmgate",4,3.7,"Yes","No","Medium"
"GAHS-F0781","Savannah",9.2421,-1.2405,"Male",61,"Tertiary",1,46,8.95,"Communal","Groundnut","Yes","Poultry","Moderate",1173,"Yes","Minor",2022,"No",0,"No","Yes",1,"Yes",3.08,27.57,3768,103884,3498,100386,95,"No",NA,"None","Warehouse",4.9,"Processor",10.4,4.5,"Yes","Yes","Medium"
"GAHS-F0782","Western",4.8467,-2.642,"Male",34,"SHS",10,16,1.38,"Leased","Cocoa","No","None","Moderate",1631,"Yes","Major",2023,"No",0,"Yes","No",1,"No",2.62,3.62,1989,7200,385,6815,94.6,"Yes",1962,"Moneylender","No storage",22.5,"Local market",1.4,5,"Yes","No","Low"
"GAHS-F0783","Upper East",10.9395,-0.8186,"Female",39,"Primary",7,23,1.19,"Owned","Groundnut","Yes","Poultry","Good",1125,"No","Major",2023,"Yes",74,"No","No",4,"No",4.1,4.88,871,4250,531,3719,87.5,"Yes",3221,"SACCO","Rented silo",13.6,"Farmgate",10,5.6,"Yes","No","Medium"
"GAHS-F0784","Upper West",9.9316,-1.9172,"Male",24,"JHS",2,5,1.09,"Sharecrop","Maize","No","None","Good",751,"No","Minor",2021,"No",NA,"No","No",0,"No",1.49,1.62,4403,7133,301,6832,95,"Yes",584,"Moneylender","On-farm store",19,"Farmgate",10.9,5,"Yes","No","Low"
"GAHS-F0785","Northern",9.7231,-0.9826,"Female",48,"Primary",3,29,2.42,"Leased","Sorghum","Yes","Mixed","Good",826,"No","Major",2022,"No",0,"No","No",2,"No",0.81,1.96,3279,6427,1012,5415,84.2,"Yes",1137,"SACCO","Warehouse",13.4,"Farmgate",0.9,4.5,"Yes","No","Low"
"GAHS-F0786","Savannah",9.5209,-1.4998,"Male",28,"SHS",6,8,3.85,"Communal","Sorghum","Yes","Poultry","Poor",980,"Yes","Minor",2023,"Yes",115.6,"No","No",4,"Yes",3.1,11.94,2242,26769,2481,24288,90.7,"Yes",2656,"Moneylender","Warehouse",0,"Local market",15.7,5.2,"Yes","No","Medium"
"GAHS-F0787","Bono East",7.6213,-1.1532,"Male",69,"None",2,49,2.01,"Sharecrop","Cassava","No","None","Excellent",770,"Yes","Minor",2023,"Yes",150.9,"Yes","Yes",2,"No",3.52,7.08,792,5607,1100,4507,80.4,"No",NA,"None","Rented silo",14.8,"Regional market",0.5,5.5,"Yes","No","Medium"
"GAHS-F0788","North East",10.1978,-0.4796,"Male",57,"SHS",7,35,2.2,"Communal","Groundnut","No","None","Poor",1036,"Yes","Major",2022,"Yes",83.5,"No","Yes",7,"Yes",2.3,5.06,2981,15084,1239,13845,91.8,"No",NA,"None","On-farm store",30.6,"Regional market",67.8,4.2,"Yes","No","High"
"GAHS-F0789","Volta",7.0434,0.5068,"Male",36,"JHS",8,18,0.9,"Owned","Pepper","Yes","Goat/Sheep","Poor",1049,"Yes","Minor",2023,"No",0,"No","No",1,"Yes",1.45,1.3,789,1026,100,926,90.2,"Yes",1482,"Moneylender","No storage",36.8,"Local market",2,3,"Yes","No","Low"
"GAHS-F0790","Central",5.1421,-1.1121,"Male",45,"None",6,27,2.06,"Owned","Oil Palm","No","None","Moderate",1926,"Yes","Minor",2023,"No",0,"No","No",2,"No",2.67,5.5,942,5181,452,4729,91.3,"No",NA,"None","No storage",15,"Farmgate",8.2,3.2,"Yes","No","Low"
"GAHS-F0791","Upper West",10.8874,-2.1879,"Male",26,"Primary",4,11,1.59,"Communal","Sorghum","No","None","Excellent",685,"Yes","Major",2022,"No",0,"No","Yes",0,"Yes",2.1,3.34,4458,14890,440,14450,95,"Yes",419,"Bank","On-farm store",17.4,"Farmgate",NA,2.5,"Yes","No","Medium"
"GAHS-F0792","Western North",6.6458,-2.2411,"Female",34,"None",11,17,3.02,"Owned","Cocoa","No","None","Excellent",1584,"No","Minor",2021,"Yes",73.6,"No","No",4,"Yes",1.37,4.14,908,3759,1689,2070,55.1,"Yes",1301,"Moneylender","Warehouse",21.6,"Cooperative",1.7,3.1,"Yes","No","Medium"
"GAHS-F0793","Western North",6.5768,-2.7094,"Male",41,"Primary",9,19,0.73,"Owned","Plantain","Yes","Poultry","Excellent",1461,"Yes","Major",2023,"Yes",55.2,"No","Yes",3,"No",2.08,1.52,5901,8970,376,8594,95,"Yes",2197,"MFI","No storage",12.1,"Farmgate",8.8,3,"Yes","No","Medium"
"GAHS-F0794","Northern",10.1232,-0.7816,"Female",48,"Tertiary",6,27,0.98,"Sharecrop","Maize","Yes","Goat/Sheep","Moderate",887,"No","Minor",2023,"No",0,"No","No",4,"No",2.43,2.38,1062,2528,224,2304,91.1,"Yes",722,"Family","No storage",32.4,"Farmgate",23.3,1.6,"Yes","No","Low"
"GAHS-F0795","Bono",7.5412,-1.9077,"Male",28,"SHS",2,11,0.7,"Owned","Pepper","No","None","Excellent",823,"No","Major",2022,"No",0,"No","Yes",4,"No",1.74,1.22,1404,NA,233,1480,86.3,"No",NA,"None","No storage",17.4,"Cooperative",0.5,3.5,"Yes","No","Medium"
"GAHS-F0796","Ashanti",7.2121,-2.0882,"Male",53,"JHS",7,39,1.22,"Sharecrop","Cassava","Yes","Mixed","Moderate",1234,"Yes","Major",2022,"Yes",106.8,"No","No",4,"Yes",2.17,2.65,1286,3408,686,2722,79.8,"No",NA,"None","No storage",1.6,"Regional market",5.4,4.4,"Yes","No","Medium"
"GAHS-F0797","Bono",7.9955,-2.572,"Male",50,"JHS",1,37,0.51,"Leased","Tomato","No","None","Poor",774,"No","Minor",2023,"No",0,"No","No",2,"No",2.07,1.06,2429,2575,100,2475,95,"No",NA,"None","Warehouse",13.5,"Local market",0.5,2.4,"Yes","No","Low"
"GAHS-F0798","Upper East",10.9023,-0.2443,"Male",35,"Tertiary",6,12,0.8,"Sharecrop","Cowpea","Yes","Poultry","Poor",825,"Yes","Major",2022,"No",0,"Yes","No",3,"No",3.06,2.45,927,NA,551,1720,75.7,"No",NA,"None","On-farm store",26.9,"Regional market",17,5.6,"Yes","No","Medium"
"GAHS-F0799","Northern",10.1044,-0.7241,"Female",46,"Primary",9,23,3.61,"Sharecrop","Cowpea","Yes","Poultry","Moderate",743,"Yes","Minor",2021,"Yes",59.4,"Yes","Yes",3,"No",3.97,14.33,2008,28775,1844,26931,93.6,"No",NA,"None","On-farm store",20,"Local market",0.5,3.2,"Yes","No","High"
"GAHS-F0800","Ashanti",6.4623,-1.6653,"Male",74,"JHS",7,52,0.82,"Owned","Cocoa","No","None","Good",1402,"Yes","Minor",2023,"Yes",144,"No","Yes",5,"No",2.26,1.85,764,1413,747,666,47.1,"No",NA,"None","No storage",15.6,"Farmgate",13.4,5.5,"Yes","No","Medium"
"GAHS-F0801","Ashanti",7.1884,-1.237,"Male",44,"None",8,24,1.24,"Sharecrop","Cocoa","Yes","Cattle","Poor",1484,"Yes","Major",2022,"Yes",28.7,"No","No",4,"No",3.35,4.15,991,4113,492,3621,88,"Yes",2448,"MFI","No storage",30.6,"Regional market",2.8,3.1,"Yes","No","Medium"
"GAHS-F0802","Eastern",5.8809,-0.1079,"Female",71,"Primary",3,55,7.82,"Owned","Cocoa","No","None","Good",1757,"No","Major",2023,"Yes",77.2,"Yes","No",2,"No",3.35,26.2,1157,30313,4066,26247,86.6,"Yes",1258,"Bank","On-farm store",10.1,"Local market",1,3.4,"Yes","No","Medium"
"GAHS-F0803","Bono",7.9916,-2.9041,"Male",49,"None",3,32,1.45,"Owned","Tomato","No","None","Good",909,"Yes","Minor",2023,"Yes",25.8,"No","Yes",3,"Yes",NA,4.22,875,3692,864,2828,76.6,"No",NA,"None","Warehouse",16.6,"Exporter",13.5,2.3,"Yes","No","High"
"GAHS-F0804","Greater Accra",5.8363,0.017,"Female",47,"Primary",3,28,9.62,"Sharecrop","Tomato","Yes","Poultry","Moderate",736,"No","Major",2021,"No",0,"No","No",3,"Yes",2.68,25.78,795,20495,3611,16884,82.4,"No",NA,"None","On-farm store",21.8,"Farmgate",2.7,5.3,"Yes","No","Medium"
"GAHS-F0805","Volta",7.4067,0.5483,"Male",52,"None",7,33,2.17,"Leased","Tomato","No","None","Excellent",886,"No","Minor",2023,"Yes",81.4,"Yes","No",2,"No",2.92,6.34,1466,9294,1265,8029,86.4,"No",NA,"None","No storage",18.9,"Regional market",9.5,4.2,"Yes","No","Medium"
"GAHS-F0806","Oti",7.2558,0.8467,"Male",27,"JHS",7,4,1.89,"Owned","Pepper","Yes","Goat/Sheep","Good",463,"Yes","Major",2022,"No",0,"No","No",2,"No",2.28,4.31,5436,NA,NA,NA,95,"No",NA,"None","On-farm store",13.4,"Local market",4.5,5.6,"Yes","No","Low"
"GAHS-F0807","North East",10.7282,-0.9406,"Female",56,"SHS",7,42,3.53,"Leased","Cowpea","Yes","Poultry","Poor",650,"Yes","Major",2021,"Yes",NA,"Yes","No",5,"No",3.97,14.01,912,12777,2051,10726,83.9,"No",NA,"None","Rented silo",29,"Cooperative",NA,3.1,"Yes","No","Medium"
"GAHS-F0808","Western",4.4942,-2.5197,"Male",63,"Primary",3,48,20.3,"Sharecrop","Cocoa","Yes","Poultry","Good",1080,"No","Major",2022,"Yes",86.4,"No","No",3,"No",2.51,50.95,1252,63789,11236,52553,82.4,"No",NA,"None","No storage",18.7,"Farmgate",6.3,3.5,"Yes","No","Medium"
"GAHS-F0809","Volta",6.4559,-0.0128,"Male",40,"Tertiary",7,24,3.99,"Gift","Maize","No","None","Good",677,"Yes","Minor",2021,"Yes",32.6,"No","No",5,"Yes",NA,5.71,1260,7195,NA,5533,76.9,"No",NA,"None","No storage",20.2,"Exporter",23.6,6.2,"Yes","Yes","Medium"
"GAHS-F0810","Bono",7.9805,-1.969,"Female",40,"JHS",5,22,2.11,"Leased","Cassava","No","None","Moderate",814,"No","Minor",2023,"Yes",97,"No","No",6,"No",2.75,5.8,1900,11020,1210,9810,89,"No",NA,"None","No storage",15.7,"Exporter",0.5,3.6,"Yes","Yes","Medium"
"GAHS-F0811","Northern",10.1045,-0.3166,"Male",57,"JHS",5,36,3.95,"Owned","Groundnut","No","None","Poor",702,"No","Minor",2023,"No",0,"No","No",1,"Yes",2.69,10.63,791,8408,1468,6940,82.5,"Yes",3000,"Bank","Warehouse",11.9,"Farmgate",11.3,6.2,"Yes","No","Low"
"GAHS-F0812","Upper East",10.6005,-1.1602,"Male",64,"None",6,47,2.55,"Leased","Yam","No","None","Poor",999,"No","Major",2022,"No",0,"No","No",3,"Yes",2.53,6.45,952,6140,1103,5037,82,"No",NA,"None","Warehouse",14.3,"Local market",71.4,5.2,"Yes","No","Medium"
"GAHS-F0813","Western",4.8541,-2.7431,"Male",26,"SHS",7,7,4.12,"Owned","Oil Palm","No","None","Good",1716,"No","Major",2023,"Yes",89.1,"No","Yes",5,"No",2.22,9.15,1111,10166,2044,8122,79.9,"Yes",646,"MFI","On-farm store",16.5,"Farmgate",18.8,5.1,"Yes","No","Medium"
"GAHS-F0814","Savannah",8.9847,-1.9245,"Male",63,"None",6,45,0.6,"Communal","Groundnut","No","None","Poor",1115,"No","Major",2023,"Yes",43.4,"No","Yes",5,"No",1.87,1.12,1687,1889,191,1698,89.8,"No",NA,"None","No storage",30.2,"Cooperative",NA,NA,"Yes","No","Medium"
"GAHS-F0815","Ashanti",7.0882,-1.9684,"Male",49,"SHS",4,34,NA,"Communal","Oil Palm","Yes","Goat/Sheep","Excellent",1773,"No","Minor",2023,"No",0,"Yes","No",3,"No",3.13,1.63,3279,5345,280,5065,94.7,"No",NA,"None","No storage",36.1,"Farmgate",0.9,4.9,"Yes","No","Medium"
"GAHS-F0816","North East",10.4885,-0.6863,"Female",35,"Tertiary",7,14,1.08,"Communal","Groundnut","Yes","Goat/Sheep","Good",608,"No","Major",2022,"No",0,"No","No",3,"No",1.89,2.04,2137,4359,569,3790,86.9,"No",NA,"None","On-farm store",15.5,"Farmgate",31.5,3.2,"Yes","Yes","Low"
"GAHS-F0817","Bono East",8.3951,-1.1357,"Female",59,"SHS",7,43,3.4,"Communal","Cassava","Yes","Poultry","Poor",576,"Yes","Major",2022,"Yes",59.5,"Yes","No",3,"No",NA,9.49,1272,12071,1842,10229,84.7,"No",NA,"None","No storage",22.7,"Regional market",18,6.2,"Yes","Yes","Medium"
"GAHS-F0818","North East",10.9963,-0.5211,"Female",48,"SHS",5,32,3.15,"Communal","Maize","No","None","Moderate",892,"No","Major",2021,"No",0,"No","No",0,"No",1.5,4.72,5000,23600,NA,22208,94.1,"No",NA,"None","Rented silo",NA,"Regional market",14.8,4.3,"Yes","No","Low"
"GAHS-F0819","Ashanti",6.9541,-1.3892,"Female",72,"Primary",5,52,1.45,"Leased","Cocoa","No","None","Poor",1487,"No","Minor",2023,"Yes",53.5,"No","No",2,"No",2.6,3.77,665,2507,717,1790,71.4,"No",NA,"None","On-farm store",22.6,"Local market",2,4.5,"Yes","No","Low"
"GAHS-F0820","Bono East",7.9202,-2.1744,"Male",38,"JHS",1,16,0.92,"Communal","Yam","No","None","Moderate",1157,"No","Minor",2023,"No",0,"No","No",2,"No",1.25,1.15,772,888,452,436,49,"Yes",6789,"Family","On-farm store",11.7,"Farmgate",9.5,5.4,"Yes","No","Low"
"GAHS-F0821","Upper West",9.8563,-2.5739,"Female",49,"None",4,32,0.57,"Sharecrop","Maize","Yes","Poultry","Excellent",822,"Yes","Major",2021,"No",0,"No","No",1,"Yes",1.61,0.92,3628,3338,318,3020,90.4,"No",NA,"None","Warehouse",5.9,"Farmgate",0.5,4.7,"Yes","No","Low"
"GAHS-F0822","Western",4.7653,-2.1239,"Female",47,"Primary",7,26,1.68,"Owned","Oil Palm","No","None","Good",1749,"No","Minor",2021,"Yes",21.2,"Yes","Yes",5,"No",3.37,5.66,875,4952,642,4310,87,"No",NA,"None","On-farm store",23.9,"Farmgate",1,5,"Yes","No","High"
"GAHS-F0823","Northern",9.5672,-0.4983,"Female",70,"JHS",10,43,1.63,"Owned","Groundnut","Yes","Goat/Sheep","Moderate",963,"Yes","Major",2023,"Yes",45.2,"No","Yes",2,"No",2.38,3.88,905,3511,952,2559,72.9,"No",NA,"None","Warehouse",24.5,"Local market",19.9,2.8,"Yes","No","Medium"
"GAHS-F0824","Upper East",11.2502,-1.0642,"Male",29,"None",4,12,1.1,"Owned","Yam","Yes","Poultry","Good",896,"Yes","Major",2021,"Yes",71.3,"No","Yes",3,"Yes",3.86,4.25,649,2758,619,2139,77.5,"No",NA,"None","No storage",31.9,"Farmgate",28.6,6,"Yes","Yes","High"
"GAHS-F0825","Upper West",10.2071,-2.8617,"Male",63,"SHS",8,42,5.17,"Owned","Groundnut","Yes","Goat/Sheep","Moderate",1168,"Yes","Minor",2022,"No",0,"No","Yes",3,"No",3.13,16.18,565,9142,1965,7177,78.5,"No",NA,"None","Rented silo",20.2,"Local market",61.4,3.9,"Yes","No","Medium"
"GAHS-F0826","Northern",9.0278,-0.7773,"Female",64,"None",2,47,0.89,"Communal","Cowpea","No","None","Good",1030,"No","Major",2022,"No",0,"No","Yes",2,"No",3.21,2.86,4561,13044,529,12515,95,"No",NA,"None","Rented silo",24,"Processor",21.1,6.9,"Yes","No","Low"
"GAHS-F0827","Ahafo",7.0107,-2.39,"Male",31,"JHS",9,8,1.85,"Leased","Cocoa","Yes","Cattle","Poor",1714,"Yes","Major",2023,"Yes",80.3,"No","Yes",1,"No",2.22,4.11,1235,5076,1030,4046,79.7,"No",NA,"None","No storage",24.4,"Local market",1.5,3.5,"Yes","No","Medium"
"GAHS-F0828","Ashanti",6.5491,-1.9601,"Female",61,"None",5,39,2.55,"Communal","Oil Palm","No","None","Good",1363,"No","Minor",2022,"Yes",69.3,"No","No",4,"No",3.86,9.84,2280,22435,1557,20878,93.1,"No",NA,"None","On-farm store",33.8,"Regional market",0.5,7,"Yes","No","Medium"
"GAHS-F0829","Upper West",9.9529,-2.6775,"Male",59,"SHS",7,41,0.71,"Owned","Maize","No","None","Moderate",814,"Yes","Major",2023,"No",0,"No","Yes",2,"Yes",2.43,1.73,2275,3936,336,3600,91.4,"No",NA,"None","On-farm store",9.8,"Regional market",0.5,3.1,"Yes","Yes","Medium"
"GAHS-F0830","Oti",8.0422,0.5614,"Male",64,"SHS",6,47,4.77,"Leased","Cassava","No","None","Poor",957,"No","Minor",2021,"No",0,"No","No",0,"No",1.28,6.11,1820,11120,1836,9284,83.5,"No",NA,"None","No storage",21.3,"Farmgate",3,3.6,"Yes","No","Low"
"GAHS-F0831","Oti",8.2163,0.6852,"Male",45,"None",5,26,6.3,"Owned","Tomato","No","None","Moderate",1039,"Yes","Major",2023,"No",0,"No","Yes",4,"Yes",4.14,26.08,3151,82178,2447,79731,95,"No",NA,"None","No storage",12.3,"Local market",6.3,3.2,"Yes","No","Medium"
"GAHS-F0832","Eastern",6.4996,0.1631,"Female",72,"SHS",3,54,2.43,"Owned","Cocoa","Yes","Poultry","Excellent",2156,"Yes","Major",2022,"No",0,"No","No",2,"No",0.62,1.51,707,1068,939,129,12.1,"No",NA,"None","No storage",NA,"Regional market",13.1,5.3,"Yes","No","Low"
"GAHS-F0833","Ashanti",6.0428,-1.4014,"Male",57,"JHS",9,40,1.62,"Gift","Yam","Yes","Poultry","Poor",1396,"Yes","Major",2022,"Yes",114.2,"No","Yes",4,"No",2.95,4.78,1258,6013,772,5241,87.1,"No",NA,"None","On-farm store",22.8,"Farmgate",0.5,4.5,"Yes","No","Medium"
"GAHS-F0834","Ashanti",6.8397,-2.1986,"Male",53,"None",4,38,1.76,"Owned","Oil Palm","Yes","Goat/Sheep","Moderate",1382,"No","Minor",2021,"No",0,"No","No",1,"Yes",1.47,2.59,889,2303,1070,1233,53.5,"Yes",8594,"SACCO","No storage",35,"Local market",1.1,NA,"Yes","No","Low"
"GAHS-F0835","Upper West",10.33,-2.0703,"Female",49,"JHS",3,26,3.21,"Owned","Yam","Yes","Poultry","Excellent",978,"Yes","Minor",2021,"Yes",85.1,"Yes","No",3,"No",NA,10.21,1668,17030,2026,15004,88.1,"No",NA,"None","No storage",12.7,"Regional market",30.7,NA,"Yes","No","Medium"
"GAHS-F0836","Western North",6.3068,-2.7281,"Male",25,"None",5,0,0.99,"Leased","Cassava","Yes","Cattle","Poor",1878,"No","Minor",2021,"No",0,"Yes","Yes",5,"No",2.14,2.12,3325,7049,342,6707,95,"Yes",3108,"MFI","On-farm store",21.2,"Farmgate",8,3.4,"Yes","No","Medium"
"GAHS-F0837","Western",5.2784,-2.4836,"Male",65,"Primary",7,48,4.3,"Owned","Plantain","No","None","Poor",1844,"Yes","Minor",2022,"No",0,"Yes","Yes",1,"No",2.79,12,1407,16884,1625,15259,90.4,"Yes",1011,"Family","No storage",15.9,"Farmgate",1.1,2.8,"Yes","No","Medium"
"GAHS-F0838","Savannah",8.6506,-1.6899,"Male",34,"None",6,18,2.07,"Sharecrop","Groundnut","Yes","Goat/Sheep","Moderate",621,"Yes","Major",2022,"No",0,"No","No",1,"Yes",1.56,3.23,939,3033,915,2118,69.8,"Yes",2571,"Bank","Rented silo",8.2,"Exporter",16.8,6.6,"Yes","No","Low"
"GAHS-F0839","Greater Accra",5.4937,-0.3005,"Male",55,"SHS",1,36,NA,"Communal","Tomato","Yes","Poultry","Moderate",739,"Yes","Major",2021,"Yes",71.6,"No","Yes",3,"Yes",3.88,2.64,934,2466,367,2099,85.1,"No",NA,"None","On-farm store",23.3,"Processor",2.8,7.1,"Yes","No","High"
"GAHS-F0840","Savannah",8.5111,-1.1959,"Male",48,"JHS",5,30,3.68,"Owned","Maize","No","None","Good",786,"Yes","Major",2023,"No",0,"Yes","No",1,"No",0.25,0.92,1368,1259,1365,-106,-8.4,"No",NA,"None","No storage",21,"Local market",0.5,5,"No","No","Low"
"GAHS-F0841","Volta",6.4026,0.55,"Female",23,"None",4,2,1.35,"Gift","Yam","Yes","Goat/Sheep","Excellent",749,"Yes","Major",2022,"Yes",NA,"Yes","Yes",3,"No",3.62,4.89,890,4352,675,3677,84.5,"No",NA,"None","No storage",24.4,"Farmgate",9.9,6.3,"Yes","No","High"
"GAHS-F0842","Northern",9.2612,-0.2962,"Female",37,"JHS",6,17,14.38,"Communal","Sorghum","Yes","Poultry","Poor",1145,"Yes","Major",2023,"No",0,"No","No",3,"Yes",2.82,40.55,2262,91724,5704,86020,93.8,"No",NA,"None","No storage",39.4,"Local market",53.4,4.7,"Yes","No","Medium"
"GAHS-F0843","Volta",6.6634,0.9636,"Male",59,"JHS",6,40,1.18,"Communal","Yam","Yes","Mixed","Moderate",784,"No","Major",2021,"Yes",83.1,"No","No",1,"No",2.81,3.32,2283,7580,870,6710,88.5,"No",NA,"None","Warehouse",0.7,"Processor",11.7,2.3,"Yes","No","Low"
"GAHS-F0844","Eastern",7.0661,-0.9363,"Female",25,"SHS",7,10,9.94,"Owned","Plantain","No","None","Moderate",1577,"Yes","Major",2021,"Yes",63.9,"No","No",4,"No",2.54,25.25,1273,32143,5144,26999,84,"No",NA,"None","Warehouse",23.6,"Farmgate",9.9,6.4,"Yes","No","Medium"
"GAHS-F0845","Western",5.5516,-2.2368,"Male",32,"None",7,11,2.48,"Owned","Yam","Yes","Cattle","Good",1800,"Yes","Minor",2023,"Yes",117.1,"No","No",1,"Yes",2.98,7.39,3850,28452,1497,26955,94.7,"No",NA,"None","On-farm store",18.1,"Farmgate",1.2,3.4,"Yes","Yes","Medium"
"GAHS-F0846","Upper East",11.3815,-0.6726,"Male",30,"Primary",6,15,4.57,"Owned","Maize","No","None","Moderate",544,"Yes","Major",2021,"No",0,"No","No",0,"No",1.91,8.73,1337,11672,1489,10183,87.2,"Yes",488,"Bank","No storage",27.8,"Farmgate",8,2.9,"Yes","No","Low"
"GAHS-F0847","Volta",6.4466,0.8913,"Male",34,"None",6,15,1.2,"Owned","Maize","Yes","Mixed","Good",1211,"No","Minor",2023,"Yes",48.2,"Yes","Yes",1,"Yes",1.92,2.3,1467,3374,445,2929,86.8,"No",NA,"None","No storage",27,"Exporter",6,4.8,"Yes","No","High"
"GAHS-F0848","Ashanti",7.1898,-1.6604,"Female",33,"JHS",5,15,16.79,"Owned","Plantain","No","None","Moderate",1431,"No","Major",2023,"Yes",83.6,"No","No",5,"No",2.91,48.86,1406,68697,9531,59166,86.1,"No",NA,"None","No storage",27.6,"Local market",0.6,5.5,"Yes","No","Medium"
"GAHS-F0849","Bono",7.1884,-1.7396,"Female",33,"SHS",7,12,0.88,"Sharecrop","Maize","Yes","Cattle","Good",987,"No","Minor",2022,"Yes",28.5,"Yes","No",5,"Yes",3.63,3.19,4323,13790,376,13414,95,"No",NA,"None","No storage",4.7,"Farmgate",5.2,3.2,"Yes","Yes","High"
"GAHS-F0850","Northern",9.705,-1.1921,"Female",51,"Primary",3,35,2.83,"Communal","Cowpea","Yes","Poultry","Moderate",1330,"Yes","Minor",2023,"Yes",49.7,"No","No",7,"Yes",1.74,4.92,5036,NA,1770,23007,92.9,"No",NA,"None","Warehouse",15.5,"Local market",26.3,3.4,"Yes","No","Medium"
"GAHS-F0851","Ashanti",7.1691,-1.4305,"Male",30,"JHS",9,12,2.27,"Communal","Yam","Yes","Mixed","Moderate",1796,"No","Minor",2023,"No",0,"Yes","No",1,"No",2.58,5.86,1369,8022,919,7103,88.5,"Yes",1888,"SACCO","No storage",17.1,"Farmgate",8.3,4.4,"Yes","No","Low"
"GAHS-F0852","Northern",9.1957,-1.4423,"Male",46,"Tertiary",5,23,1.23,"Sharecrop","Maize","Yes","Mixed","Good",1344,"No","Major",2021,"No",0,"No","Yes",1,"No",2.61,3.21,1585,5088,393,4695,92.3,"Yes",1157,"SACCO","On-farm store",16.8,"Local market",36.9,4.4,"Yes","No","Low"
"GAHS-F0853","Bono",7.5942,-1.827,"Male",32,"None",8,19,2.37,"Owned","Pepper","No","None","Excellent",1185,"No","Minor",2022,"Yes",15.9,"No","No",2,"Yes",4.01,9.5,1461,13880,1026,12854,92.6,"No",NA,"None","No storage",16.7,"Farmgate",4.5,2.1,"Yes","No","Medium"
"GAHS-F0854","Upper West",10.6586,-2.7458,"Female",47,"JHS",1,28,1.08,"Owned","Cowpea","Yes","Poultry","Poor",1115,"No","Minor",2023,"No",0,"No","Yes",3,"No",2.6,2.81,1021,2869,479,2390,83.3,"No",NA,"None","On-farm store",20.2,"Farmgate",6.2,3.1,"Yes","No","Medium"
"GAHS-F0855","Bono East",7.694,-0.9429,"Female",48,"SHS",3,32,1.45,"Owned","Tomato","No","None","Excellent",790,"No","Minor",2021,"No",0,"No","No",3,"No",0.78,1.13,862,974,504,470,48.2,"No",NA,"None","No storage",31.6,"Local market",1.4,5.3,"Yes","No","Low"
"GAHS-F0856","Bono East",8.1475,-1.3012,"Male",56,"Tertiary",6,37,0.95,"Leased","Tomato","Yes","Cattle","Good",768,"No","Major",2022,"Yes",65.6,"No","No",3,"No",NA,1.71,1248,2134,439,1695,79.4,"No",NA,"None","Warehouse",13.1,"Regional market",53.2,3.3,"Yes","No","Medium"
"GAHS-F0857","Savannah",9.1431,-2.1925,"Female",34,"JHS",4,9,4.72,"Sharecrop","Sorghum","No","None","Moderate",764,"Yes","Major",2022,"Yes",74.6,"No","Yes",7,"Yes",0.89,4.2,1517,6371,2501,3870,60.7,"No",NA,"None","Warehouse",14.4,"Farmgate",21.5,3.8,"Yes","No","High"
"GAHS-F0858","Northern",10.0868,-1.1883,"Male",35,"Primary",1,22,5.12,"Owned","Groundnut","Yes","Pig","Moderate",1052,"Yes","Minor",2021,"No",0,"Yes","No",3,"Yes",2.79,14.28,3287,46938,1969,NA,95,"No",NA,"None","On-farm store",2.6,"Local market",11.7,3.6,"Yes","No","Medium"
"GAHS-F0859","Volta",6.4374,0.2772,"Male",31,"SHS",9,15,1.9,"Gift","Yam","No","None","Good",1079,"Yes","Major",2023,"No",0,"No","No",2,"No",2.71,5.15,1694,8724,612,8112,93,"No",NA,"None","No storage",13.6,"Farmgate",2.4,3.1,"Yes","No","Low"
"GAHS-F0860","Ahafo",6.6178,-2.2506,"Male",66,"JHS",4,48,2.66,"Owned","Maize","No","None","Good",1666,"No","Major",2021,"Yes",87.4,"No","Yes",3,"Yes",2.26,6.01,732,4399,1502,2897,65.8,"No",NA,"None","On-farm store",14.7,"Farmgate",3,5.2,"Yes","No","High"
"GAHS-F0861","Greater Accra",5.9728,-0.5299,"Male",38,"SHS",9,18,4.2,"Owned","Tomato","Yes","Pig","Good",1119,"Yes","Major",2023,"Yes",49.8,"No","No",0,"No",3.52,14.78,1592,23530,2257,21273,90.4,"No",NA,"None","No storage",16.9,"Cooperative",3,5.4,"Yes","No","Low"
"GAHS-F0862","Bono East",7.2148,-1.1796,"Male",38,"JHS",10,17,0.55,"Sharecrop","Cassava","Yes","Cattle","Good",543,"No","Minor",2022,"No",0,"No","Yes",2,"Yes",2.38,1.31,5060,6629,162,6467,95,"No",NA,"None","On-farm store",14.5,"Processor",10.1,3.9,"Yes","No","Medium"
"GAHS-F0863","Upper East",11.0776,-1.1145,"Male",58,"JHS",6,43,2.5,"Communal","Maize","Yes","Poultry","Moderate",611,"No","Minor",2023,"Yes",104,"No","No",2,"Yes",1.25,3.12,764,2384,1414,970,40.7,"No",NA,"None","No storage",10.2,"Processor",NA,4.8,"Yes","No","Medium"
"GAHS-F0864","Western North",6.5339,-2.6731,"Female",31,"SHS",5,16,2.06,"Gift","Yam","No","None","Excellent",2301,"No","Minor",2023,"No",0,"No","Yes",2,"No",1.99,4.1,1235,5064,768,4296,84.8,"No",NA,"None","On-farm store",13.2,"Local market",10,4.3,"Yes","No","Low"
"GAHS-F0865","Western",4.8206,-2.6216,"Male",54,"SHS",1,39,NA,"Owned","Plantain","Yes","Goat/Sheep","Excellent",1516,"No","Minor",2022,"Yes",99.3,"No","Yes",1,"No",1.84,1.45,1073,1556,474,1082,69.5,"Yes",1511,"Moneylender","No storage",23.6,"Local market",8.8,3.5,"Yes","No","Medium"
"GAHS-F0866","Northern",9.4644,-0.9093,"Male",51,"Primary",4,30,1.54,"Sharecrop","Groundnut","No","None","Poor",449,"No","Major",2023,"No",0,"Yes","No",1,"No",2.4,3.7,1258,4655,595,NA,87.2,"Yes",672,"Moneylender","No storage",19.9,"Regional market",70.1,7.3,"Yes","No","Low"
"GAHS-F0867","Eastern",6.6146,-0.213,"Female",53,"JHS",6,37,NA,"Communal","Cocoa","Yes","Poultry","Good",2105,"Yes","Major",2022,"No",0,"No","No",0,"No",2.18,6.58,1805,11877,1157,10720,90.3,"No",NA,"None","No storage",3.4,"Processor",4.4,4.2,"Yes","No","Low"
"GAHS-F0868","Central",5.2198,-0.7213,"Male",26,"None",3,7,1.51,"Owned","Cassava","Yes","Cattle","Poor",2068,"Yes","Major",2022,"No",0,"Yes","Yes",1,"No",0.77,1.16,1458,1691,615,1076,63.6,"No",NA,"None","Rented silo",3.2,"Farmgate",2.5,3.1,"Yes","No","Medium"
"GAHS-F0869","Savannah",9.7191,-1.775,"Male",27,"Primary",5,0,3.17,"Leased","Sorghum","Yes","Cattle","Moderate",1092,"No","Major",2022,"Yes",38.7,"No","No",6,"No",3.25,10.3,2367,24380,1668,22712,93.2,"No",NA,"None","No storage",NA,"Regional market",0.5,6,"Yes","No","Medium"
"GAHS-F0870","Ashanti",6.4931,-1.6993,"Male",25,"SHS",8,4,5.62,"Leased","Cocoa","No","None","Poor",1702,"Yes","Major",2023,"No",0,"No","No",3,"Yes",1.97,11.07,2370,26236,2607,23629,90.1,"Yes",2090,"Bank","On-farm store",13.6,"Exporter",0.7,4.8,"Yes","No","Medium"
"GAHS-F0871","Greater Accra",5.8375,0.3376,"Female",59,"Primary",4,43,1.41,"Leased","Pepper","Yes","Cattle","Excellent",1087,"No","Major",2023,"No",0,"Yes","No",0,"Yes",1.84,2.59,729,1888,456,1432,75.8,"Yes",4833,"SACCO","No storage",4.4,"Exporter",9.7,2.5,"Yes","No","Medium"
"GAHS-F0872","Ashanti",7.0486,-1.7409,"Male",46,"SHS",7,24,1.68,"Leased","Oil Palm","Yes","Poultry","Good",2085,"No","Minor",2023,"No",0,"No","Yes",2,"No",2,3.36,3907,13128,634,12494,95,"No",NA,"None","No storage",38,"Regional market",10.5,4.4,"Yes","No","Low"
"GAHS-F0873","Northern",10.1452,-0.5845,"Male",58,"SHS",9,36,NA,"Owned","Maize","No","None","Moderate",867,"Yes","Major",2022,"No",0,"No","No",3,"No",2.56,5.5,1844,10142,910,9232,91,"Yes",1160,"SACCO","On-farm store",7.4,"Regional market",22.3,5.8,"Yes","No","Low"
"GAHS-F0874","Upper East",10.4114,-0.4072,"Male",40,"None",8,19,10.79,"Communal","Maize","No","None","Good",1046,"Yes","Minor",2022,"No",0,"No","No",1,"No",2.02,21.8,872,19010,4110,NA,78.4,"No",NA,"None","Warehouse",NA,"Farmgate",34.7,4.4,"Yes","Yes","Low"
"GAHS-F0875","Western",5.3789,-2.1002,"Female",47,"SHS",2,28,4.15,"Leased","Cassava","No","None","Excellent",1580,"No","Minor",2022,"Yes",95.5,"No","No",4,"Yes",3.41,14.15,1149,16258,2677,13581,83.5,"No",NA,"None","On-farm store",23.8,"Regional market",22.6,5,"Yes","No","Medium"
"GAHS-F0876","Bono",7.0383,-2.1596,"Male",68,"JHS",5,51,2.8,"Leased","Cassava","Yes","Goat/Sheep","Good",722,"Yes","Minor",2021,"Yes",129.9,"No","Yes",3,"Yes",1.47,4.12,2648,10910,1782,9128,83.7,"No",NA,"None","No storage",31.4,"Exporter",NA,5.3,"Yes","Yes","High"
"GAHS-F0877","Western",5.7573,-1.5716,"Female",39,"SHS",6,21,0.58,"Owned","Cocoa","Yes","Goat/Sheep","Moderate",1305,"Yes","Major",2021,"Yes",139.5,"No","No",3,"No",2.55,1.48,1296,1918,376,1542,80.4,"No",NA,"None","No storage",18.3,"Local market",NA,5.3,"Yes","Yes","Medium"
"GAHS-F0878","Ashanti",6.3765,-1.4326,"Male",49,"JHS",2,30,1.56,"Leased","Yam","No","None","Moderate",1755,"Yes","Minor",2021,"Yes",95,"No","Yes",4,"No",3.17,4.95,2639,13063,970,12093,92.6,"No",NA,"None","On-farm store",18.9,"Farmgate",4.8,2.2,"Yes","No","Medium"
"GAHS-F0879","Ashanti",7.2704,-1.7141,"Male",29,"JHS",8,2,1.55,"Communal","Cocoa","Yes","Poultry","Excellent",1646,"No","Major",2023,"Yes",103.6,"No","No",0,"No",1.04,1.61,3570,5748,1083,4665,81.1,"No",NA,"None","Warehouse",0,"Local market",1.8,5.3,"Yes","No","Low"
"GAHS-F0880","Western",5.4945,-1.7318,"Female",25,"None",7,6,3.04,"Leased","Cocoa","Yes","Goat/Sheep","Poor",1743,"Yes","Minor",2021,"Yes",116.3,"No","Yes",1,"Yes",3.67,11.16,3161,35277,2116,NA,94,"No",NA,"None","No storage",18.6,"Local market",30.9,5.5,"Yes","No","Medium"
"GAHS-F0881","Volta",6.5748,1.0858,"Male",51,"JHS",6,31,2.03,"Owned","Pepper","No","None","Poor",784,"No","Major",2023,"Yes",113.4,"No","No",0,"No",2.34,4.75,1239,5885,1317,4568,77.6,"No",NA,"None","No storage",17.1,"Exporter",2.8,5.8,"Yes","No","Low"
"GAHS-F0882","Bono",7.4532,-1.8856,"Female",34,"Tertiary",3,15,1.41,"Communal","Rice","Yes","Goat/Sheep","Excellent",794,"Yes","Minor",2021,"Yes",109.4,"No","Yes",3,"Yes",2.9,4.09,582,2380,552,1828,76.8,"Yes",1016,"Moneylender","On-farm store",33.5,"Cooperative",22.3,5.3,"Yes","No","High"
"GAHS-F0883","Northern",9.687,-0.9934,"Female",54,"JHS",8,40,2.45,"Sharecrop","Groundnut","Yes","Mixed","Good",633,"No","Major",2023,"No",0,"No","No",2,"No",1.31,3.21,3136,10067,998,9069,90.1,"No",NA,"None","On-farm store",26,"Regional market",4.1,5.8,"Yes","No","Low"
"GAHS-F0884","Upper East",11.0034,-1.3529,"Female",31,"JHS",3,12,3.02,"Owned","Cowpea","Yes","Poultry","Moderate",NA,"No","Major",2022,"Yes",72.4,"No","Yes",3,"Yes",4.55,13.74,1819,24993,1431,23562,94.3,"No",NA,"None","Warehouse",18.4,"Farmgate",0.5,6.7,"Yes","No","High"
"GAHS-F0885","Oti",7.0827,0.3791,"Male",51,"None",7,34,7.8,"Leased","Cassava","Yes","Poultry","Moderate",NA,"No","Major",2022,"Yes",31.2,"No","No",4,"No",NA,20.67,732,15130,3544,11586,76.6,"No",NA,"None","No storage",NA,"Cooperative",3.6,5.1,"Yes","No","Medium"
"GAHS-F0886","Western",5.0393,-2.0357,"Male",55,"SHS",7,38,2.25,"Sharecrop","Cassava","No","None","Moderate",1636,"Yes","Major",2023,"No",0,"No","No",5,"No",1.24,2.79,647,NA,948,857,47.5,"No",NA,"None","Rented silo",16.3,"Farmgate",2.6,5,"Yes","No","Low"
"GAHS-F0887","Western",4.9758,-2.2264,"Male",73,"Primary",5,55,0.47,"Communal","Maize","Yes","Mixed","Good",1768,"No","Major",2021,"No",0,"Yes","Yes",0,"No",0.58,0.27,4891,1321,411,910,68.8,"Yes",732,"SACCO","No storage",37.9,"Regional market",27.4,6.8,"Yes","No","Medium"
"GAHS-F0888","Savannah",9.2723,-1.7918,"Female",54,"JHS",4,39,1.49,"Sharecrop","Millet","No","None","Excellent",912,"No","Minor",2021,"Yes",28.8,"No","No",4,"Yes",1.86,2.77,708,1961,848,1113,56.7,"No",NA,"None","Warehouse",23.2,"Regional market",38.3,4.7,"Yes","No","Medium"
"GAHS-F0889","Ahafo",7.2872,-2.8253,"Male",61,"SHS",1,40,0.49,"Owned","Oil Palm","Yes","Pig","Moderate",1712,"No","Major",2021,"No",0,"No","Yes",3,"No",2.62,1.28,2928,NA,197,3551,94.7,"No",NA,"None","No storage",17.9,"Local market",1,5,"Yes","No","Medium"
"GAHS-F0890","Eastern",6.0677,-1.0449,"Female",50,"SHS",4,35,0.5,"Sharecrop","Cocoa","No","None","Good",1410,"No","Minor",2022,"No",0,"No","No",2,"No",0.86,0.43,866,372,151,221,59.2,"No",NA,"None","Warehouse",13.9,"Farmgate",29.8,6.4,"Yes","No","Low"
"GAHS-F0891","Ahafo",7.4866,-2.7741,"Male",62,"JHS",5,41,6.71,"Owned","Cocoa","Yes","Poultry","Good",1276,"Yes","Minor",2022,"Yes",77.8,"Yes","No",1,"Yes",2.91,19.53,6576,128429,3677,124752,95,"Yes",2604,"MFI","On-farm store",16,"Cooperative",3.7,3.9,"Yes","No","Medium"
"GAHS-F0892","Bono",7.7953,-2.0666,"Male",42,"SHS",5,23,2.42,"Owned","Maize","Yes","Goat/Sheep","Moderate",679,"No","Minor",2022,"No",0,"Yes","Yes",2,"No",1.72,4.16,824,3428,850,2578,75.2,"Yes",885,"Moneylender","Warehouse",22.2,"Local market",2.3,NA,"Yes","No","Medium"
"GAHS-F0893","Western North",6.8606,-2.2811,"Female",46,"None",7,27,3.2,"Sharecrop","Cocoa","No","None","Moderate",1682,"No","Minor",2023,"No",0,"No","Yes",2,"Yes",3.21,10.27,2142,21998,1213,20785,94.5,"No",NA,"None","On-farm store",NA,"Farmgate",1.2,3.9,"Yes","No","Medium"
"GAHS-F0894","Upper West",9.6243,-2.8374,"Male",47,"JHS",4,29,1.32,"Leased","Maize","Yes","Goat/Sheep","Excellent",891,"Yes","Major",2021,"Yes",88.7,"No","No",4,"No",2.06,2.72,1408,3830,821,3009,78.5,"Yes",2721,"SACCO","On-farm store",6.8,"Farmgate",51.9,4.3,"Yes","No","Medium"
"GAHS-F0895","Upper East",11.263,-1.3714,"Male",42,"Primary",5,22,1.3,"Sharecrop","Maize","Yes","Poultry","Poor",1042,"No","Major",2022,"Yes",20,"No","No",3,"No",1.85,2.41,826,1991,769,1222,61.3,"No",NA,"None","On-farm store",11,"Farmgate",14.8,5,"Yes","No","Medium"
"GAHS-F0896","Upper West",9.726,-2.998,"Male",51,"SHS",4,35,0.72,"Owned","Sorghum","Yes","Poultry","Poor",1092,"Yes","Minor",2023,"Yes",91,"No","No",6,"Yes",1.43,1.03,1189,1225,375,850,69.3,"No",NA,"None","On-farm store",4.8,"Farmgate",17.8,6.4,"Yes","Yes","Medium"
"GAHS-F0897","Bono East",8.0964,-1.2931,"Male",39,"JHS",4,18,14.91,"Owned","Maize","No","None","Excellent",1018,"No","Major",2022,"Yes",63,"No","No",1,"No",2.97,44.28,975,43173,7658,35515,82.3,"No",NA,"None","On-farm store",11.4,"Exporter",1,3.5,"Yes","No","Low"
"GAHS-F0898","Savannah",9.153,-1.9121,"Male",35,"Primary",4,16,3.28,"Leased","Cowpea","No","None","Good",1085,"Yes","Minor",2021,"No",0,"No","No",1,"Yes",1.08,3.54,3628,12843,1408,11435,89,"Yes",1554,"MFI","On-farm store",14.1,"Regional market",1,3.9,"Yes","No","Low"
"GAHS-F0899","Bono",8.1095,-1.8694,"Female",34,"JHS",7,19,1.17,"Leased","Maize","No","None","Moderate",1444,"Yes","Major",2022,"Yes",97.4,"No","No",2,"No",3.02,3.53,912,3219,739,2480,77,"No",NA,"None","On-farm store",18.5,"Processor",14.5,6.6,"Yes","No","Low"
"GAHS-F0900","Bono East",7.7313,-1.1097,"Male",58,"None",6,37,3.68,"Leased","Tomato","No","None","Moderate",848,"No","Minor",2022,"Yes",74.7,"Yes","No",3,"No",2.99,11,1134,12474,2172,10302,82.6,"No",NA,"None","Rented silo",2.7,"Farmgate",0.9,5.3,"Yes","No","Medium"
"GAHS-F0901","Upper East",11.3556,-1.3217,"Female",44,"None",5,23,1.62,"Owned","Sorghum","Yes","Goat/Sheep","Moderate",1122,"Yes","Minor",2022,"Yes",73.6,"No","No",0,"Yes",2.52,4.08,924,3770,836,2934,77.8,"No",NA,"None","No storage",4.1,"Farmgate",5.2,2.8,"Yes","No","Medium"
"GAHS-F0902","Bono East",8.3289,-1.6633,"Female",32,"Tertiary",5,11,1.61,"Owned","Tomato","No","None","Excellent",1108,"Yes","Minor",2023,"No",0,"Yes","No",1,"No",1.78,2.87,700,2009,726,1283,63.8,"No",NA,"None","Rented silo",9.1,"Local market",1.4,5.9,"Yes","No","Low"
"GAHS-F0903","Western North",6.8083,-2.2838,"Male",46,"Primary",5,29,5.93,"Owned","Plantain","No","None","Moderate",1708,"Yes","Minor",2022,"Yes",50.1,"No","No",1,"Yes",3.14,18.62,998,18583,2917,15666,84.3,"No",NA,"None","No storage",24.3,"Farmgate",13.4,5.9,"Yes","Yes","Medium"
"GAHS-F0904","Central",5.6255,-1.0655,"Female",39,"SHS",2,22,1.59,"Communal","Maize","Yes","Cattle","Good",1179,"No","Major",2022,"No",0,"No","No",0,"No",2.33,3.7,1145,NA,543,3693,87.2,"No",NA,"None","No storage",9.1,"Local market",5.3,4,"Yes","No","Low"
"GAHS-F0905","Western",5.7141,-1.8924,"Male",32,"None",5,12,3.79,"Communal","Cassava","Yes","Cattle","Good",1771,"Yes","Major",2023,"No",0,"No","Yes",1,"No",3.27,12.39,2070,25647,1478,24169,94.2,"No",NA,"None","No storage",26.9,"Local market",6.3,4.1,"Yes","No","Low"
"GAHS-F0906","North East",9.8805,0.104,"Male",29,"JHS",7,10,7.42,"Communal","Groundnut","Yes","Goat/Sheep","Excellent",912,"No","Minor",2022,"No",0,"No","No",3,"No",3.91,29.01,1851,53698,2834,50864,94.7,"Yes",3499,"Family","On-farm store",15.3,"Local market",36.8,3.5,"Yes","No","Low"
"GAHS-F0907","Upper West",10.7978,-1.9023,"Male",45,"SHS",5,26,1.26,"Leased","Maize","Yes","Mixed","Poor",763,"Yes","Major",2023,"Yes",81.4,"No","Yes",2,"No",3.73,4.7,3982,18715,694,18021,95,"No",NA,"None","Warehouse",17.1,"Exporter",18.2,2.8,"Yes","No","Medium"
"GAHS-F0908","Upper West",10.692,-2.2209,"Male",61,"None",4,47,0.71,"Sharecrop","Groundnut","Yes","Goat/Sheep","Moderate",865,"Yes","Major",2021,"No",0,"No","Yes",3,"Yes",2.92,2.07,1745,3612,153,3459,95,"No",NA,"None","No storage",18.1,"Exporter",4.9,3.9,"Yes","No","Medium"
"GAHS-F0909","Savannah",9.1266,-2.4121,"Female",56,"Primary",4,34,9.88,"Communal","Groundnut","No","None","Good",673,"Yes","Major",2022,"No",0,"Yes","No",2,"No",2.78,27.47,1101,NA,4052,26192,86.6,"No",NA,"None","No storage",19,"Exporter",7.6,4.3,"Yes","No","Low"
"GAHS-F0910","Bono East",7.9309,-1.2629,"Male",64,"SHS",5,48,3.35,"Communal","Yam","No","None","Excellent",493,"Yes","Major",2021,"No",0,"No","No",2,"No",2.32,7.77,1126,8749,1355,7394,84.5,"Yes",2129,"Family","On-farm store",29.3,"Local market",8.8,4.1,"Yes","No","Low"
"GAHS-F0911","Ahafo",7.2398,-2.2009,"Male",47,"JHS",6,33,1.66,"Owned","Cassava","Yes","Cattle","Good",1359,"No","Major",2021,"Yes",115.2,"No","No",4,"Yes",2.83,4.7,1875,NA,812,8000,90.8,"No",NA,"None","Rented silo",12,"Farmgate",7.3,5.9,"Yes","No","Medium"
"GAHS-F0912","Upper East",11.2879,-0.9497,"Female",69,"Tertiary",2,55,1.76,"Sharecrop","Maize","No","None","Moderate",986,"No","Major",2021,"Yes",48.8,"No","Yes",5,"Yes",3.92,6.9,2166,14945,781,14164,94.8,"No",NA,"None","No storage",27.2,"Farmgate",2.7,4.2,"Yes","No","High"
"GAHS-F0913","Central",5.2267,-1.1836,"Female",44,"Primary",1,26,2.19,"Gift","Cocoa","Yes","Cattle","Moderate",1387,"Yes","Major",2022,"No",0,"Yes","Yes",1,"No",2.31,5.06,682,3451,997,2454,71.1,"No",NA,"None","On-farm store",24.1,"Regional market",7.8,6.5,"Yes","Yes","Medium"
"GAHS-F0914","Ahafo",7.4216,-2.3397,"Female",45,"JHS",3,22,5.47,"Sharecrop","Cocoa","No","None","Good",1690,"Yes","Major",2021,"Yes",NA,"No","No",2,"No",3.68,20.13,1645,33114,2470,30644,92.5,"No",NA,"None","On-farm store",20.2,"Farmgate",0.6,4,"Yes","No","Low"
"GAHS-F0915","Upper West",10.6188,-2.3005,"Male",57,"None",5,35,3.29,"Gift","Groundnut","No","None","Excellent",400,"No","Minor",2023,"No",0,"No","No",1,"Yes",1.74,5.72,1087,6218,1463,4755,76.5,"Yes",3802,"Bank","No storage",22.1,"Local market",33.2,5.7,"Yes","No","Low"
"GAHS-F0916","Eastern",6.106,-0.1117,"Female",34,"JHS",6,12,10.33,"Owned","Plantain","Yes","Goat/Sheep","Moderate",1386,"Yes","Minor",2023,"No",0,"Yes","Yes",0,"No",2.92,30.16,1178,35528,4273,31255,88,"No",NA,"None","On-farm store",16.7,"Regional market",3.2,5.2,"Yes","No","Medium"
"GAHS-F0917","Northern",9.9277,-0.4327,"Male",65,"JHS",8,49,0.6,"Owned","Groundnut","No","None","Moderate",856,"No","Major",2023,"No",0,"Yes","No",1,"Yes",NA,0.75,889,NA,220,447,66.9,"No",NA,"None","Warehouse",20.7,"Regional market",64.7,5.1,"Yes","No","Medium"
"GAHS-F0918","Oti",8.307,-0.0339,"Male",46,"JHS",4,28,5.84,"Owned","Pepper","Yes","Pig","Good",816,"Yes","Major",2021,"Yes",118,"No","No",2,"No",2.26,13.2,1160,15312,3320,11992,78.3,"Yes",915,"MFI","No storage",NA,"Regional market",0.9,4.6,"Yes","No","Low"
"GAHS-F0919","Oti",7.8303,-0.3534,"Male",23,"Tertiary",5,7,1.28,"Leased","Maize","Yes","Goat/Sheep","Good",860,"Yes","Major",2021,"Yes",56.8,"Yes","Yes",3,"No",0.98,1.25,3261,NA,446,3630,89,"No",NA,"None","Warehouse",19.5,"Farmgate",3,3.3,"Yes","No","High"
"GAHS-F0920","Upper East",10.9625,-0.4258,"Female",39,"Primary",1,16,5.81,"Communal","Sorghum","Yes","Goat/Sheep","Excellent",757,"Yes","Major",2022,"Yes",82.7,"No","Yes",4,"Yes",3.12,18.13,1400,25382,3166,22216,87.5,"No",NA,"None","On-farm store",3.6,"Farmgate",17.3,5.8,"Yes","Yes","High"
"GAHS-F0921","Bono",7.5843,-2.1935,"Male",72,"Tertiary",3,53,0.7,"Sharecrop","Yam","Yes","Cattle","Excellent",1146,"No","Major",2021,"No",0,"No","No",2,"No",0.85,0.6,1066,640,481,159,24.8,"No",NA,"None","Warehouse",15.5,"Local market",2.8,NA,"Yes","No","Low"
"GAHS-F0922","Western",5.5942,-2.4119,"Male",59,"JHS",8,40,2.01,"Sharecrop","Cassava","Yes","Mixed","Moderate",1357,"No","Minor",2023,"No",0,"Yes","No",1,"Yes",2.39,4.8,1062,5098,675,NA,86.7,"Yes",970,"MFI","On-farm store",21.5,"Cooperative",6.6,3.6,"Yes","No","Medium"
"GAHS-F0923","Upper West",10.3894,-2.5115,"Male",68,"None",8,52,7.37,"Sharecrop","Sorghum","Yes","Cattle","Excellent",881,"No","Major",2023,"Yes",111.9,"No","No",3,"No",4.18,30.81,2575,79336,4334,75002,94.5,"Yes",2491,"Bank","On-farm store",30.6,"Local market",5.7,4.2,"Yes","No","Medium"
"GAHS-F0924","Ashanti",7.0346,-1.1458,"Female",44,"Primary",5,26,1.75,"Communal","Plantain","No","None","Poor",1328,"Yes","Major",2021,"Yes",56.9,"Yes","No",1,"Yes",2.65,4.64,632,NA,NA,2087,71.2,"No",NA,"None","No storage",20.6,"Regional market",2.6,6.6,"Yes","No","Medium"
"GAHS-F0925","Savannah",8.7291,-1.8221,"Male",34,"JHS",8,16,1.6,"Sharecrop","Sorghum","No","None","Good",1154,"Yes","Minor",2021,"No",0,"No","No",0,"No",2.04,3.26,4009,13069,742,NA,94.3,"No",NA,"None","On-farm store",21,"Farmgate",9.1,4.4,"Yes","No","Low"
"GAHS-F0926","Oti",7.3285,0.8811,"Male",44,"JHS",4,32,1.55,"Leased","Cassava","Yes","Mixed","Good",964,"Yes","Major",2022,"Yes",45.3,"No","Yes",3,"Yes",4.46,6.91,4937,34115,716,33399,95,"Yes",476,"SACCO","No storage",16.9,"Processor",0.5,4.3,"Yes","No","High"
"GAHS-F0927","Ashanti",6.9895,-1.4965,"Male",26,"JHS",5,3,4.79,"Communal","Yam","No","None","Moderate",1639,"Yes","Minor",2022,"No",0,"No","No",0,"No",1.87,8.96,1295,11603,1977,9626,83,"No",NA,"None","On-farm store",4.1,"Processor",8.6,5,"Yes","No","Low"
"GAHS-F0928","Eastern",6.3041,-0.0548,"Male",43,"None",6,29,1.29,"Owned","Yam","No","None","Poor",1451,"No","Minor",2022,"Yes",52.2,"No","No",5,"No",2.23,2.88,4346,12516,707,11809,94.3,"No",NA,"None","No storage",28,"Processor",1.4,3.5,"Yes","No","Medium"
"GAHS-F0929","North East",10.4393,-0.8623,"Female",62,"JHS",4,43,NA,"Sharecrop","Cowpea","No","None","Moderate",556,"Yes","Major",2022,"No",0,"Yes","Yes",1,"Yes",1.79,1.99,1300,2587,710,1877,72.5,"No",NA,"None","On-farm store",18.6,"Processor",8.6,6,"Yes","No","Medium"
"GAHS-F0930","Northern",10.176,-1.1281,"Male",46,"None",6,25,7.17,"Gift","Cowpea","Yes","Goat/Sheep","Good",1302,"Yes","Major",2021,"No",0,"Yes","No",1,"No",NA,23.8,1657,39437,2976,36461,92.5,"No",NA,"None","Rented silo",14.7,"Local market",20.7,5.3,"Yes","No","Low"
"GAHS-F0931","Northern",10.161,-0.7385,"Male",35,"None",8,14,2.75,"Leased","Sorghum","Yes","Mixed","Moderate",914,"Yes","Minor",2022,"No",0,"No","No",2,"No",2.22,6.11,1254,7662,801,6861,89.5,"No",NA,"None","On-farm store",24.1,"Farmgate",5.3,4.7,"Yes","No","Low"
"GAHS-F0932","Volta",7.4168,0.1867,"Male",70,"Primary",5,52,NA,"Leased","Cassava","No","None","Moderate",892,"Yes","Minor",2023,"No",0,"Yes","No",2,"No",2.42,3.94,2420,9535,600,8935,93.7,"No",NA,"None","On-farm store",16.9,"Farmgate",0.7,3.9,"Yes","No","Low"
"GAHS-F0933","North East",10.0552,0.1031,"Male",22,"SHS",6,3,1.07,"Communal","Cowpea","Yes","Pig","Poor",909,"Yes","Major",2023,"No",NA,"Yes","No",3,"No",2.03,2.17,1902,4127,384,3743,90.7,"No",NA,"None","Rented silo",11,"Local market",17.9,3.1,"Yes","No","Medium"
"GAHS-F0934","Upper West",10.8059,-3.0608,"Male",35,"SHS",9,19,0.86,"Owned","Groundnut","No","None","Good",1289,"No","Major",2021,"Yes",122.1,"No","No",4,"Yes",2.63,2.26,4413,9973,667,9306,93.3,"No",NA,"None","No storage",17,"Regional market",19.3,4.3,"Yes","No","Medium"
"GAHS-F0935","North East",10.9008,-0.4658,"Male",46,"None",5,32,0.73,"Communal","Sorghum","Yes","Goat/Sheep","Moderate",1126,"No","Major",2022,"Yes",71.9,"No","No",3,"Yes",1.91,1.39,1353,1881,581,1300,69.1,"No",NA,"None","On-farm store",16.6,"Farmgate",51.1,5.8,"Yes","No","Medium"
"GAHS-F0936","Upper West",10.5503,-2.3003,"Male",72,"JHS",4,54,1.73,"Sharecrop","Maize","Yes","Cattle","Moderate",811,"No","Major",2022,"No",0,"Yes","Yes",4,"No",2.71,4.69,1139,5342,887,4455,83.4,"Yes",1465,"Bank","No storage",24.6,"Local market",28.4,5,"Yes","No","Medium"
"GAHS-F0937","Western",5.668,-2.6569,"Female",37,"JHS",3,17,0.8,"Owned","Plantain","Yes","Goat/Sheep","Moderate",1856,"No","Major",2021,"Yes",103.2,"Yes","No",4,"Yes",3.36,2.69,1860,5003,344,4659,93.1,"No",NA,"None","No storage",16.7,"Cooperative",23.1,4.5,"Yes","No","High"
"GAHS-F0938","Bono",8.0203,-2.8848,"Female",56,"JHS",4,39,6.37,"Owned","Rice","No","None","Excellent",853,"No","Minor",2021,"No",0,"No","No",2,"No",2.26,14.4,1103,15883,NA,13406,84.4,"No",NA,"None","On-farm store",10.3,"Regional market",6,4.3,"Yes","No","Low"
"GAHS-F0939","Western",5.2717,-1.9485,"Male",32,"JHS",5,11,4.38,"Gift","Plantain","No","None","Excellent",1297,"No","Minor",2023,"No",0,"Yes","Yes",2,"No",1.75,7.66,767,5875,2058,3817,65,"No",NA,"None","Warehouse",21.7,"Processor",5.5,6.6,"Yes","No","Medium"
"GAHS-F0940","Bono",7.5736,-2.5708,"Male",32,"JHS",5,11,1.14,"Owned","Tomato","Yes","Goat/Sheep","Moderate",774,"Yes","Minor",2023,"Yes",74.2,"No","No",1,"No",1.29,1.47,3579,5261,325,4936,93.8,"No",NA,"None","On-farm store",10.1,"Local market",25.3,4.8,"Yes","No","Low"
"GAHS-F0941","Northern",10.0861,-0.5669,"Male",22,"SHS",2,2,1.28,"Communal","Groundnut","Yes","Pig","Excellent",1066,"Yes","Minor",2022,"No",0,"No","No",2,"Yes",0.83,1.06,2295,2433,NA,1740,71.5,"Yes",3007,"SACCO","On-farm store",NA,"Regional market",0.5,4.9,"Yes","No","Low"
"GAHS-F0942","Western North",6.9615,-2.3733,"Male",53,"Primary",4,30,2.29,"Communal","Cocoa","Yes","Mixed","Good",1212,"No","Minor",2022,"Yes",115.2,"Yes","No",4,"No",4.31,9.87,1298,12811,1206,11605,90.6,"No",NA,"None","Warehouse",11,"Local market",9.3,4.9,"Yes","No","Medium"
"GAHS-F0943","Northern",10.1311,-0.6855,"Male",58,"Primary",7,39,4.09,"Sharecrop","Maize","Yes","Poultry","Good",682,"Yes","Minor",2022,"Yes",77.1,"No","No",3,"Yes",3.12,12.76,3571,45566,1943,43623,95,"No",NA,"None","No storage",16.3,"Local market",33.7,3.2,"Yes","No","Medium"
"GAHS-F0944","Northern",9.9526,-1.1932,"Male",37,"SHS",8,20,9.44,"Communal","Groundnut","Yes","Mixed","Good",665,"No","Minor",2022,"No",0,"No","Yes",4,"No",NA,23.22,643,14930,3811,11119,74.5,"No",NA,"None","No storage",14,"Local market",5.6,NA,"Yes","No","Medium"
"GAHS-F0945","Northern",9.8682,-0.9732,"Male",40,"None",7,24,1.05,"Owned","Sorghum","Yes","Goat/Sheep","Poor",1095,"Yes","Major",2023,"Yes",51.3,"Yes","Yes",1,"Yes",2.41,2.53,1846,4670,696,3974,85.1,"No",NA,"None","No storage",16.3,"Processor",9.1,4.5,"Yes","No","High"
"GAHS-F0946","Northern",9.0839,-0.9055,"Male",57,"Primary",6,36,0.41,"Leased","Millet","No","None","Moderate",770,"Yes","Minor",2022,"No",0,"No","Yes",2,"Yes",1.43,0.59,768,453,228,225,49.6,"No",NA,"None","Warehouse",3.8,"Processor",70.4,6.9,"Yes","No","Medium"
"GAHS-F0947","North East",10.4476,-0.1429,"Male",39,"JHS",3,23,9.01,"Communal","Maize","No","None","Poor",933,"Yes","Minor",2023,"No",0,"No","No",2,"Yes",2.01,18.11,3960,71716,3496,68220,95,"No",NA,"None","On-farm store",18,"Regional market",18.2,4,"Yes","Yes","Low"
"GAHS-F0948","Western",4.925,-2.1046,"Female",22,"Primary",7,0,2.34,"Owned","Plantain","Yes","Cattle","Moderate",1558,"Yes","Major",2021,"No",0,"No","No",2,"No",0.87,2.04,1509,3078,1086,1992,64.7,"No",NA,"None","On-farm store",23.1,"Processor",2,3.9,"Yes","No","Low"
"GAHS-F0949","Upper West",10.1094,-2.4662,"Male",60,"SHS",5,44,1.14,"Gift","Groundnut","No","None","Poor",838,"Yes","Minor",2022,"Yes",182.3,"No","Yes",0,"No",3.34,3.81,3818,NA,1121,13426,92.3,"Yes",1416,"Family","No storage",9.7,"Exporter",1,3.7,"Yes","Yes","Medium"
"GAHS-F0950","Ahafo",6.9329,-2.585,"Male",49,"None",1,33,6.55,"Owned","Plantain","Yes","Poultry","Poor",1749,"No","Major",2021,"No",0,"No","No",2,"No",1.86,12.18,2433,29634,2615,27019,91.2,"Yes",2778,"Moneylender","On-farm store",22.8,"Farmgate",15.6,1.2,"Yes","No","Low"
"GAHS-F0951","Bono East",8.444,-1.1819,"Male",43,"SHS",3,22,5.59,"Sharecrop","Cassava","Yes","Pig","Good",751,"No","Major",2021,"No",0,"No","Yes",1,"Yes",2.13,11.91,3729,44412,2086,42326,95,"No",NA,"None","No storage",NA,"Exporter",1.5,1.3,"Yes","No","Medium"
"GAHS-F0952","Eastern",6.7266,-0.3536,"Female",57,"None",1,33,3.57,"Sharecrop","Cocoa","Yes","Goat/Sheep","Good",1749,"No","Minor",2022,"No",0,"No","No",2,"No",2.83,10.1,765,7726,1188,6538,84.6,"No",NA,"None","On-farm store",12.4,"Farmgate",20.2,4.6,"Yes","No","Low"
"GAHS-F0953","Upper East",10.9838,-1.4529,"Male",53,"Primary",8,36,0.51,"Owned","Groundnut","Yes","Poultry","Poor",1220,"Yes","Major",2021,"No",0,"No","Yes",2,"No",2.33,1.19,2191,2607,189,2418,92.7,"No",NA,"None","On-farm store",24.4,"Farmgate",36.9,4.2,"Yes","No","Low"
"GAHS-F0954","Volta",7.523,0.6423,"Female",42,"SHS",2,23,11.91,"Owned","Cassava","Yes","Goat/Sheep","Poor",1023,"No","Major",2023,"Yes",114.5,"No","No",2,"No",3.69,43.95,765,33622,7199,26423,78.6,"Yes",791,"Moneylender","No storage",29.4,"Farmgate",1,1.7,"Yes","No","Low"
"GAHS-F0955","North East",10.9801,0.0341,"Male",55,"SHS",6,39,2.65,"Sharecrop","Maize","Yes","Poultry","Moderate",908,"No","Minor",2022,"No",0,"Yes","No",4,"No",NA,11.47,1170,13420,1106,12314,91.8,"No",NA,"None","No storage",22,"Local market",NA,5.2,"Yes","No","Medium"
"GAHS-F0956","Bono East",7.6436,-1.9634,"Male",45,"Primary",4,29,5.46,"Owned","Tomato","No","None","Moderate",783,"No","Minor",2023,"Yes",137.3,"Yes","Yes",4,"Yes",2.19,11.96,666,7965,3670,4295,53.9,"Yes",3270,"MFI","No storage",18.5,"Regional market",7,7,"Yes","No","High"
"GAHS-F0957","Ahafo",6.4648,-2.6972,"Female",42,"JHS",3,23,1.43,"Sharecrop","Oil Palm","Yes","Pig","Excellent",1854,"No","Major",2022,"No",0,"Yes","No",1,"Yes",2.09,2.99,1104,3301,679,2622,79.4,"Yes",1281,"SACCO","No storage",25.8,"Regional market",5.6,4.2,"Yes","No","Medium"
"GAHS-F0958","Northern",9.0748,-0.5552,"Female",63,"SHS",6,39,0.74,"Owned","Sorghum","No","None","Good",1009,"Yes","Major",2022,"Yes",98.6,"No","Yes",4,"No",4.07,3.01,6641,19989,358,19631,95,"No",NA,"None","On-farm store",20,"Local market",3,3.5,"Yes","No","Medium"
"GAHS-F0959","Eastern",6.4357,0.1837,"Female",55,"JHS",7,32,1.1,"Gift","Plantain","No","None","Moderate",1375,"Yes","Major",2021,"Yes",82.5,"No","Yes",2,"No",NA,1.96,4015,7869,556,7313,92.9,"No",NA,"None","On-farm store",5.1,"Farmgate",15.6,5,"Yes","No","Medium"
"GAHS-F0960","Western North",6.5801,-2.8197,"Male",31,"Primary",3,14,0.5,"Owned","Maize","No","None","Poor",1480,"Yes","Minor",2021,"Yes",NA,"Yes","Yes",3,"No",3.84,1.92,1165,2237,133,2104,94,"No",NA,"None","Warehouse",9.4,"Regional market",11,3.9,"Yes","No","High"
"GAHS-F0961","Ashanti",6.2641,-1.4232,"Male",46,"SHS",6,30,3.31,"Gift","Cocoa","Yes","Poultry","Good",1290,"No","Major",2023,"No",0,"No","Yes",0,"No",2.19,7.25,891,6460,1487,4973,77,"No",NA,"None","Warehouse",1.6,"Cooperative",14.4,4.9,"Yes","No","Low"
"GAHS-F0962","Western North",6.6557,-2.6299,"Male",59,"JHS",8,39,0.68,"Owned","Cassava","Yes","Pig","Poor",1921,"Yes","Minor",2023,"No",0,"No","No",2,"No",1.25,0.85,1133,963,208,755,78.3,"No",NA,"None","Warehouse",11.2,"Processor",8,5,"Yes","No","Low"
"GAHS-F0963","Upper West",9.9461,-2.573,"Male",50,"Primary",3,29,4.17,"Owned","Groundnut","Yes","Cattle","Poor",1159,"No","Major",2022,"Yes",51.4,"No","No",1,"No",2.35,9.8,1716,16817,2081,14736,87.6,"No",NA,"None","No storage",23.9,"Regional market",0.5,4.9,"Yes","Yes","Low"
"GAHS-F0964","North East",10.3225,-0.837,"Male",57,"None",1,38,1.22,"Communal","Groundnut","Yes","Mixed","Poor",1102,"Yes","Major",2021,"Yes",95.8,"Yes","Yes",2,"No",3.11,3.79,1390,5268,777,4491,85.2,"No",NA,"None","No storage",33.5,"Local market",17.8,4.5,"Yes","No","Medium"
"GAHS-F0965","Ashanti",6.5497,-1.6496,"Male",37,"None",7,21,3.52,"Sharecrop","Oil Palm","Yes","Poultry","Good",1543,"No","Major",2023,"No",0,"Yes","Yes",0,"No",1.63,5.74,1211,6951,1476,5475,78.8,"No",NA,"None","On-farm store",17.9,"Processor",3.8,2.8,"Yes","No","Medium"
"GAHS-F0966","Northern",9.6132,-0.6899,"Male",45,"None",1,25,1.47,"Communal","Maize","Yes","Goat/Sheep","Excellent",1105,"No","Minor",2022,"Yes",66.2,"No","No",0,"Yes",2.18,3.2,1612,5158,924,4234,82.1,"Yes",1357,"MFI","No storage",20.4,"Exporter",20.6,5.9,"Yes","No","Medium"
"GAHS-F0967","Volta",6.7122,1.0432,"Female",63,"SHS",2,43,8.23,"Communal","Rice","Yes","Cattle","Moderate",1018,"Yes","Major",2023,"Yes",70.7,"No","No",2,"No",2.06,16.95,1416,24001,4258,19743,82.3,"No",NA,"None","Warehouse",13.4,"Local market",16.5,5.3,"Yes","No","Low"
"GAHS-F0968","Savannah",9.0319,-2.353,"Male",52,"SHS",8,27,2.3,"Owned","Millet","No","None","Moderate",917,"Yes","Major",2021,"Yes",69,"No","No",5,"No",2.9,6.67,4023,26833,1165,25668,95,"No",NA,"None","Rented silo",9.6,"Local market",18.5,6.5,"Yes","No","Medium"
"GAHS-F0969","Central",5.9157,-0.7348,"Female",45,"None",1,30,0.49,"Leased","Cocoa","No","None","Poor",1488,"No","Minor",2023,"No",0,"No","No",5,"No",3.5,1.71,3572,6108,205,5903,95,"No",NA,"None","Warehouse",16.4,"Exporter",8.1,3.9,"Yes","No","Low"
"GAHS-F0970","Northern",9.0504,-0.8039,"Female",55,"None",8,38,2.24,"Gift","Maize","Yes","Poultry","Poor",1140,"No","Major",2021,"Yes",89.6,"Yes","No",2,"Yes",1.54,3.45,4174,14400,1400,13000,90.3,"No",NA,"None","No storage",0.2,"Farmgate",49.2,2,"Yes","Yes","Medium"
"GAHS-F0971","Northern",9.7616,-0.9053,"Male",63,"JHS",4,47,4.56,"Owned","Groundnut","Yes","Mixed","Excellent",858,"Yes","Major",2022,"Yes",63.7,"No","No",3,"No",2.42,11.04,966,10665,2364,8301,77.8,"No",NA,"None","No storage",30.4,"Cooperative",12.8,4.6,"Yes","No","Medium"
"GAHS-F0972","Savannah",9.5017,-2.2026,"Male",56,"None",8,37,2.13,"Communal","Sorghum","Yes","Mixed","Good",817,"Yes","Major",2022,"Yes",124.6,"No","No",4,"No",2.2,4.69,1219,5717,1201,4516,79,"Yes",2227,"MFI","No storage",11.4,"Local market",0.8,4.7,"Yes","No","Medium"
"GAHS-F0973","Western North",5.7247,-2.6128,"Male",33,"None",4,16,5.44,"Owned","Cassava","No","None","Good",1340,"No","Minor",2022,"Yes",62.2,"No","Yes",0,"No",2.94,15.99,3489,55789,2739,53050,95,"No",NA,"None","Warehouse",10.3,"Exporter",8.9,5.6,"Yes","Yes","Medium"
"GAHS-F0974","Greater Accra",5.624,0.0858,"Male",53,"Tertiary",6,38,1.95,"Leased","Maize","Yes","Pig","Moderate",522,"Yes","Major",2021,"No",0,"Yes","No",4,"No",2.83,5.52,1467,8098,826,7272,89.8,"No",NA,"None","No storage",31.2,"Farmgate",4.5,3.1,"Yes","No","Medium"
"GAHS-F0975","Ashanti",7.2058,-2.1346,"Male",41,"JHS",8,17,28.64,"Leased","Cassava","Yes","Goat/Sheep","Good",1738,"Yes","Minor",2021,"No",NA,"No","No",2,"No",3.12,89.36,1366,122066,11369,110697,90.7,"Yes",343,"SACCO","Rented silo",NA,"Regional market",13.7,4.6,"Yes","Yes","Low"
"GAHS-F0976","Savannah",8.688,-2.244,"Female",39,"Primary",3,15,9.27,"Communal","Sorghum","No","None","Poor",549,"Yes","Minor",2022,"Yes",70.3,"No","No",3,"No",2.75,25.49,777,19806,4989,NA,74.8,"No",NA,"None","On-farm store",0,"Processor",32.7,3.6,"Yes","No","Medium"
"GAHS-F0977","Savannah",9.5253,-1.5077,"Female",48,"Primary",3,29,1.44,"Communal","Cowpea","Yes","Poultry","Poor",1067,"No","Major",2023,"Yes",95.8,"No","Yes",4,"No",1.84,2.65,1390,3684,659,3025,82.1,"No",NA,"None","On-farm store",10.1,"Farmgate",13.2,5.8,"Yes","No","Medium"
"GAHS-F0978","Ahafo",7.2642,-3.1021,"Male",60,"None",6,43,3.99,"Owned","Plantain","No","None","Excellent",2103,"No","Major",2022,"No",0,"No","Yes",3,"No",2.65,10.57,1725,18233,1452,16781,92,"Yes",771,"MFI","On-farm store",20,"Processor",12.9,0.3,"Yes","No","Medium"
"GAHS-F0979","Volta",6.6407,0.094,"Male",70,"Primary",6,53,5.18,"Owned","Tomato","Yes","Poultry","Moderate",917,"No","Major",2022,"Yes",85.7,"No","No",1,"No",2.76,14.3,3180,45474,2767,42707,93.9,"Yes",2770,"SACCO","No storage",10.3,"Local market",NA,4.7,"Yes","No","Low"
"GAHS-F0980","Western North",6.0127,-2.7133,"Male",31,"Primary",8,11,1.17,"Owned","Maize","No","None","Moderate",1546,"No","Minor",2022,"No",0,"No","No",0,"No",1.72,2.01,850,1708,508,1200,70.2,"No",NA,"None","On-farm store",15.7,"Regional market",24.4,5.7,"Yes","Yes","Low"
"GAHS-F0981","Volta",7.5287,0.5812,"Male",47,"Primary",4,32,7.68,"Leased","Maize","No","None","Excellent",983,"Yes","Major",2023,"Yes",106.7,"Yes","No",1,"No",1.97,15.13,1872,28323,4403,23920,84.5,"No",NA,"None","No storage",22.7,"Farmgate",1,4.5,"Yes","No","Medium"
"GAHS-F0982","Central",5.2099,-0.6602,"Female",48,"Primary",7,31,3.88,"Leased","Yam","No","None","Good",1458,"No","Major",2022,"Yes",114.4,"No","No",2,"No",2.13,8.26,5383,44464,2252,42212,94.9,"No",NA,"None","Warehouse",21.5,"Farmgate",3.2,3.6,"Yes","No","Low"
"GAHS-F0983","Oti",7.436,-0.3284,"Female",62,"Tertiary",5,44,4.95,"Owned","Pepper","Yes","Pig","Moderate",856,"No","Major",2023,"No",0,"No","No",2,"No",1.61,7.97,694,5531,2198,3333,60.2,"No",NA,"None","No storage",34.6,"Processor",7.2,6.9,"Yes","No","Low"
"GAHS-F0984","Upper East",10.3893,-0.7796,"Male",34,"Primary",5,13,1.27,"Leased","Sorghum","Yes","Mixed","Moderate",988,"No","Major",2022,"Yes",70.7,"Yes","Yes",3,"No",3.51,4.46,950,NA,406,3831,90.4,"Yes",8455,"Moneylender","On-farm store",17.9,"Farmgate",20.7,6.6,"Yes","No","High"
"GAHS-F0985","Northern",9.4149,-1.4176,"Female",42,"None",7,27,1.81,"Communal","Cowpea","Yes","Cattle","Good",1055,"No","Major",2023,"No",NA,"No","No",2,"No",0.35,0.63,1153,726,879,-153,-21,"Yes",1411,"Bank","Warehouse",19,"Regional market",3.6,4,"No","No","Low"
"GAHS-F0986","Upper East",10.9989,-1.2259,"Male",59,"None",11,38,0.26,"Communal","Yam","Yes","Goat/Sheep","Moderate",980,"Yes","Major",2022,"Yes",115.3,"No","No",2,"No",2.03,0.53,1199,635,264,371,58.3,"No",NA,"None","On-farm store",8.8,"Farmgate",39.4,6.5,"Yes","No","Low"
"GAHS-F0987","North East",10.8619,-0.9959,"Male",73,"JHS",1,53,2.12,"Leased","Sorghum","Yes","Goat/Sheep","Moderate",1252,"No","Minor",2023,"Yes",65.8,"Yes","Yes",6,"No",3.04,6.44,3525,22701,816,21885,95,"Yes",2710,"Moneylender","On-farm store",23.8,"Cooperative",2.7,2.7,"Yes","No","High"
"GAHS-F0988","Ashanti",6.1258,-2.264,"Female",27,"Primary",6,8,1.26,"Owned","Cassava","No","None","Excellent",1780,"Yes","Minor",2022,"No",0,"Yes","No",4,"No",NA,3.54,1404,4970,707,4263,85.8,"Yes",936,"Moneylender","No storage",22.7,"Exporter",10.8,3.6,"Yes","Yes","Medium"
"GAHS-F0989","Northern",9.9206,-0.8885,"Male",38,"Tertiary",5,21,3.26,"Gift","Cowpea","No","None","Moderate",996,"Yes","Minor",2022,"Yes",87.1,"No","No",3,"No",3.44,11.21,1769,19830,1656,18174,91.6,"Yes",10219,"Bank","Warehouse",13.1,"Farmgate",37.3,2.7,"Yes","No","Medium"
"GAHS-F0990","Ashanti",7.2834,-1.8139,"Male",36,"JHS",6,19,2.19,"Communal","Plantain","Yes","Poultry","Excellent",1470,"Yes","Major",2022,"No",0,"No","Yes",1,"No",3.09,6.77,641,4340,992,3348,77.1,"Yes",835,"Moneylender","On-farm store",10.1,"Farmgate",27.6,5.3,"Yes","No","Low"
"GAHS-F0991","North East",10.6199,-0.748,"Female",42,"SHS",4,21,0.52,"Gift","Groundnut","Yes","Goat/Sheep","Poor",805,"Yes","Major",2023,"No",0,"No","No",3,"Yes",1.97,1.02,1193,1217,100,1117,91.7,"No",NA,"None","Rented silo",21.2,"Farmgate",23.1,4.2,"Yes","No","Medium"
"GAHS-F0992","Western",5.716,-2.7036,"Female",41,"JHS",4,19,2.25,"Leased","Yam","Yes","Mixed","Good",1772,"No","Minor",2022,"Yes",82.3,"Yes","No",3,"No",3.5,7.88,1083,8534,1235,7299,85.5,"Yes",1070,"SACCO","On-farm store",7.4,"Local market",0.5,2.9,"Yes","No","Medium"
"GAHS-F0993","Ahafo",7.3854,-3.1592,"Male",48,"None",3,24,1.32,"Sharecrop","Cocoa","Yes","Goat/Sheep","Good",1281,"No","Major",2021,"Yes",113.6,"No","Yes",4,"No",3.57,4.71,3104,14620,801,13819,94.5,"Yes",6045,"MFI","On-farm store",26.5,"Exporter",3,2.9,"Yes","No","Medium"
"GAHS-F0994","Northern",10.0099,-0.1936,"Female",29,"SHS",5,16,1.3,"Communal","Millet","Yes","Goat/Sheep","Excellent",1063,"No","Minor",2022,"No",0,"Yes","No",4,"Yes",3.34,4.34,6235,27060,598,26462,95,"No",NA,"None","Warehouse",NA,"Regional market",42.5,2.7,"Yes","No","Medium"
"GAHS-F0995","Upper East",10.1383,-0.3724,"Female",32,"None",9,10,3.62,"Communal","Sorghum","Yes","Poultry","Excellent",971,"No","Major",2021,"Yes",65.2,"No","No",5,"No",3.41,12.34,1488,18362,1953,16409,89.4,"No",NA,"None","No storage",24.7,"Local market",10.2,5.7,"Yes","No","Medium"
"GAHS-F0996","Greater Accra",5.8228,-0.7539,"Male",62,"None",11,46,6.55,"Owned","Tomato","No","None","Moderate",1040,"No","Major",2023,"Yes",85.3,"No","No",3,"No",2.04,13.36,3528,47134,3477,43657,92.6,"Yes",9902,"MFI","On-farm store",22.4,"Regional market",0.6,3.7,"Yes","No","Medium"
"GAHS-F0997","Oti",7.3783,0.252,"Female",69,"SHS",8,45,1.03,"Owned","Maize","No","None","Moderate",608,"Yes","Minor",2021,"Yes",117.1,"No","No",6,"No",2.5,2.58,967,2495,530,1965,78.7,"No",NA,"None","On-farm store",12.8,"Farmgate",1.2,5.2,"Yes","No","Medium"
"GAHS-F0998","Western",4.861,-1.9486,"Male",32,"Tertiary",7,16,3.78,"Owned","Cocoa","Yes","Pig","Poor",1802,"No","Major",2022,"Yes",27.5,"No","No",3,"No",2.8,10.58,2339,24747,1675,23072,93.2,"No",NA,"None","Rented silo",19.4,"Cooperative",3.5,3.7,"Yes","No","Medium"
"GAHS-F0999","Ashanti",6.9036,-1.4902,"Female",31,"None",3,12,3.44,"Owned","Plantain","No","None","Moderate",1397,"No","Major",2022,"No",0,"No","Yes",2,"No",2.59,8.91,850,7574,1122,6452,85.2,"No",NA,"None","On-farm store",11.3,"Local market",2,5.5,"Yes","No","Low"
"GAHS-F1000","Western",5.3358,-2.5471,"Male",35,"SHS",6,18,0.69,"Communal","Cocoa","No","None","Poor",1267,"No","Minor",2022,"No",0,"No","Yes",1,"No",2.26,1.56,1570,2449,100,2349,95,"No",NA,"None","On-farm store",14.7,"Cooperative",0.9,5.1,"Yes","No","Low"
"GAHS-F1001","Upper East",10.9495,-1.2114,"Female",49,"Primary",5,34,1.64,"Leased","Millet","No","None","Excellent",961,"Yes","Major",2023,"No",0,"No","Yes",0,"No",2.84,4.66,1413,6585,716,5869,89.1,"No",NA,"None","On-farm store",29.6,"Local market",2.8,4,"Yes","No","Low"
"GAHS-F1002","Upper West",10.6372,-2.1361,"Male",65,"SHS",6,51,0.86,"Leased","Maize","Yes","Goat/Sheep","Moderate",663,"No","Major",2022,"Yes",90.8,"No","No",3,"No",1.6,1.38,1604,2214,330,1884,85.1,"No",NA,"None","Warehouse",16.7,"Farmgate",14.6,7.2,"Yes","No","Medium"
"GAHS-F1003","Upper West",9.6195,-1.9984,"Male",25,"None",6,3,4.92,"Leased","Yam","No","None","Good",779,"Yes","Major",2021,"No",0,"No","No",2,"Yes",2.26,11.12,3433,38175,2044,36131,94.6,"No",NA,"None","On-farm store",19.6,"Local market",17.4,4.9,"Yes","No","Low"
"GAHS-F1004","Bono East",7.9773,-2.0098,"Female",41,"SHS",1,21,4.99,"Sharecrop","Maize","No","None","Good",1036,"No","Major",2022,"Yes",63.2,"No","No",4,"Yes",2.29,11.43,1326,15156,2604,12552,82.8,"Yes",1051,"Family","Warehouse",6.1,"Local market",3.1,4.4,"Yes","No","Medium"
"GAHS-F1005","Northern",9.8891,-0.5469,"Male",42,"SHS",5,26,9.81,"Leased","Yam","No","None","Moderate",771,"No","Minor",2021,"No",0,"No","Yes",3,"Yes",2.96,29.04,3750,108900,3913,104987,95,"Yes",3152,"SACCO","No storage",24.1,"Local market",22.6,3.9,"Yes","No","Medium"
"GAHS-F1006","Savannah",8.6045,-2.191,"Male",36,"None",7,18,1.84,"Gift","Maize","Yes","Goat/Sheep","Excellent",787,"Yes","Major",2023,"No",0,"No","No",1,"Yes",0.19,0.35,907,317,621,-304,-80,"Yes",3763,"Moneylender","On-farm store",24,"Processor",15.1,5.7,"No","No","Low"
"GAHS-F1007","Western North",5.7459,-3.3236,"Male",51,"None",10,27,0.69,"Owned","Plantain","Yes","Goat/Sheep","Good",1442,"No","Major",2023,"Yes",102.6,"No","Yes",3,"No",NA,1.47,2700,3969,308,3661,92.2,"No",NA,"None","No storage",23.8,"Farmgate",2.9,4.7,"Yes","No","Medium"
"GAHS-F1008","Western",5.1718,-2.6115,"Female",43,"JHS",5,24,0.99,"Owned","Maize","Yes","Pig","Excellent",2257,"Yes","Minor",2023,"Yes",66.7,"Yes","No",5,"No",3.89,3.85,1381,5317,943,4374,82.2,"No",NA,"None","On-farm store",32.6,"Processor",12.8,6.4,"Yes","No","Medium"
"GAHS-F1009","Oti",7.4925,0.8792,"Male",54,"JHS",3,30,2.27,"Leased","Maize","No","None","Poor",734,"No","Minor",2023,"No",0,"No","No",0,"Yes",1.09,2.47,2636,6511,932,5579,85.7,"No",NA,"None","No storage",7.1,"Exporter",6.5,3.6,"Yes","No","Low"
"GAHS-F1010","Bono",7.2069,-1.7189,"Male",35,"Tertiary",8,16,4.26,"Owned","Cassava","No","None","Good",NA,"No","Major",2022,"Yes",82.1,"No","No",7,"No",2.14,9.12,1666,15194,2448,12746,83.9,"Yes",699,"MFI","Warehouse",NA,"Cooperative",0.5,4.8,"Yes","No","Medium"
"GAHS-F1011","Western",4.4771,-2.5281,"Male",56,"None",5,38,0.83,"Owned","Cocoa","Yes","Goat/Sheep","Moderate",1247,"Yes","Major",2022,"No",0,"No","No",1,"No",0.73,0.61,1479,902,547,355,39.3,"No",NA,"None","No storage",NA,"Regional market",1.9,4.8,"Yes","No","Low"
"GAHS-F1012","Bono",7.064,-1.7361,"Female",32,"JHS",7,10,8.79,"Owned","Cassava","No","None","Excellent",NA,"No","Major",2021,"No",0,"No","No",1,"Yes",2.47,21.71,1454,31566,3577,27989,88.7,"No",NA,"None","Warehouse",7.2,"Farmgate",15.9,2.9,"Yes","No","Low"
"GAHS-F1013","Upper West",10.7837,-3.1185,"Male",61,"JHS",7,36,0.53,"Owned","Maize","No","None","Poor",699,"Yes","Major",2023,"Yes",93.8,"No","Yes",1,"Yes",2.91,1.54,779,1200,470,730,60.8,"No",NA,"None","On-farm store",6.9,"Exporter",26.3,2.9,"Yes","Yes","Medium"
"GAHS-F1014","Western North",6.6204,-3.178,"Male",59,"None",6,39,7.02,"Sharecrop","Cocoa","No","None","Moderate",1641,"No","Minor",2022,"Yes",155.1,"No","Yes",0,"No",2.34,16.43,1780,29245,4746,24499,83.8,"No",NA,"None","Warehouse",16.9,"Processor",35.1,3.4,"Yes","No","Medium"
"GAHS-F1015","Ashanti",6.5922,-2.1447,"Male",49,"SHS",7,30,0.47,"Sharecrop","Oil Palm","Yes","Poultry","Good",1500,"Yes","Major",2022,"No",0,"Yes","No",3,"No",3.24,1.52,2165,3291,401,2890,87.8,"Yes",5287,"MFI","No storage",22.7,"Local market",6.1,3.9,"Yes","No","Medium"
"GAHS-F1016","Central",5.0227,-0.8977,"Male",35,"Primary",6,13,3.68,"Sharecrop","Cocoa","Yes","Mixed","Good",1836,"Yes","Major",2021,"Yes",56.1,"No","Yes",2,"No",3.31,12.18,1740,21193,1613,19580,92.4,"No",NA,"None","No storage",11.7,"Cooperative",5.5,3,"Yes","No","Medium"
"GAHS-F1017","Bono East",7.9382,-0.9725,"Female",41,"SHS",3,25,3.14,"Owned","Cassava","Yes","Poultry","Moderate",1068,"No","Major",2022,"Yes",59.7,"Yes","Yes",4,"Yes",3.79,11.9,2235,NA,1276,25320,95,"No",NA,"None","On-farm store",27.2,"Regional market",11.6,5,"Yes","Yes","High"
"GAHS-F1018","Upper West",9.7463,-2.4216,"Female",34,"None",2,19,7.07,"Leased","Cowpea","No","None","Excellent",634,"No","Minor",2023,"Yes",99,"No","Yes",1,"No",NA,23.54,2043,48092,4309,43783,91,"No",NA,"None","On-farm store",12.6,"Farmgate",8.5,NA,"Yes","No","Medium"
"GAHS-F1019","Northern",9.1701,-1.1636,"Male",58,"Primary",6,34,0.98,"Owned","Sorghum","No","None","Good",1193,"No","Major",2021,"Yes",50.2,"Yes","Yes",3,"No",4.55,4.46,3462,15441,502,14939,95,"No",NA,"None","No storage",35.3,"Farmgate",21.8,1.4,"Yes","No","High"
"GAHS-F1020","Volta",6.3734,0.3871,"Male",32,"None",1,9,3.26,"Gift","Maize","Yes","Pig","Good",636,"No","Major",2021,"Yes",127.7,"No","No",3,"Yes",2.9,9.45,6641,62757,1981,60776,95,"Yes",613,"Family","No storage",29,"Farmgate",1.9,3.6,"Yes","No","Medium"
"GAHS-F1021","Eastern",6.2239,-1.071,"Male",47,"Tertiary",4,26,0.91,"Owned","Plantain","Yes","Poultry","Good",1408,"Yes","Minor",2022,"Yes",85,"No","No",5,"Yes",3,2.73,1427,3896,364,3532,90.6,"No",NA,"None","On-farm store",27.3,"Local market",3.3,3.1,"Yes","No","Medium"
"GAHS-F1022","Ahafo",7.0945,-1.9134,"Female",54,"None",2,36,7.53,"Sharecrop","Cassava","Yes","Poultry","Good",1410,"Yes","Minor",2022,"Yes",95.1,"No","No",2,"No",2.56,19.28,2913,56163,4320,NA,92.3,"No",NA,"None","No storage",3.7,"Processor",27.4,5.1,"Yes","No","Low"
"GAHS-F1023","Volta",7.1862,-0.1404,"Female",70,"JHS",6,53,NA,"Owned","Cassava","No","None","Good",556,"No","Major",2022,"Yes",NA,"Yes","No",2,"No",2.75,1.24,2521,3126,100,3026,95,"No",NA,"None","No storage",14.3,"Local market",7.7,5.5,"Yes","No","Medium"
"GAHS-F1024","Volta",7.44,1.0679,"Male",53,"JHS",2,29,6.52,"Owned","Rice","Yes","Poultry","Good",839,"No","Minor",2021,"Yes",NA,"No","No",3,"No",3.37,21.97,5031,NA,4061,106470,95,"No",NA,"None","No storage",20.6,"Processor",3.7,2.5,"Yes","No","Medium"
"GAHS-F1025","Western",5.5357,-2.1971,"Male",54,"SHS",3,34,1.61,"Owned","Oil Palm","No","None","Moderate",2124,"No","Minor",2023,"Yes",111.8,"No","No",5,"Yes",1.69,2.72,1515,4121,866,3255,79,"No",NA,"None","On-farm store",13.2,"Processor",4.5,2.4,"Yes","No","Medium"
"GAHS-F1026","Northern",9.0758,-1.3185,"Male",54,"JHS",8,35,NA,"Owned","Sorghum","Yes","Poultry","Poor",769,"Yes","Major",2023,"No",0,"No","Yes",1,"No",1.75,3.27,754,2466,484,1982,80.3,"Yes",468,"Bank","On-farm store",7.5,"Regional market",24.5,6.9,"Yes","No","Low"
"GAHS-F1027","Central",5.543,-0.9824,"Female",35,"None",7,17,0.71,"Owned","Plantain","Yes","Mixed","Poor",1678,"No","Minor",2023,"No",0,"No","No",1,"No",1.32,0.94,1425,1340,100,1240,92.5,"Yes",1103,"MFI","Rented silo",13.9,"Local market",14.7,2.7,"Yes","No","Low"
"GAHS-F1028","Savannah",9.5949,-1.7442,"Male",34,"SHS",3,12,5.76,"Communal","Maize","Yes","Poultry","Excellent",994,"No","Minor",2023,"No",0,"Yes","No",2,"No",NA,11.69,1940,22679,2420,20259,89.3,"Yes",1905,"SACCO","On-farm store",19.7,"Local market",7.3,4.7,"Yes","No","Low"
"GAHS-F1029","Volta",7.5687,0.6232,"Male",53,"JHS",8,26,3.22,"Owned","Maize","Yes","Cattle","Moderate",605,"Yes","Major",2021,"No",0,"Yes","Yes",0,"No",3.15,10.14,3706,37579,1311,36268,95,"No",NA,"None","Warehouse",17.7,"Farmgate",29.3,2.2,"Yes","Yes","Medium"
"GAHS-F1030","Northern",9.1169,-0.8476,"Female",54,"JHS",1,33,2.09,"Communal","Millet","Yes","Goat/Sheep","Good",668,"Yes","Major",2022,"No",0,"No","Yes",1,"Yes",3.57,7.46,1563,NA,514,11146,95,"Yes",2454,"MFI","Warehouse",22.6,"Farmgate",2.7,NA,"Yes","No","Medium"
"GAHS-F1031","Ashanti",6.909,-1.8873,"Male",49,"Tertiary",4,34,5.46,"Owned","Yam","Yes","Pig","Good",1459,"No","Major",2022,"No",0,"No","No",0,"No",2.11,11.52,424,4884,1942,2942,60.2,"No",NA,"None","Rented silo",9.9,"Regional market",6.2,5.9,"Yes","Yes","Low"
"GAHS-F1032","Central",4.9744,-1.0491,"Female",70,"SHS",7,52,0.69,"Communal","Cocoa","Yes","Cattle","Excellent",1123,"No","Minor",2022,"No",0,"No","No",2,"No",2.17,1.5,4545,6818,338,6480,95,"No",NA,"None","On-farm store",16.1,"Farmgate",10.3,6.4,"Yes","No","Low"
"GAHS-F1033","Ashanti",7.0333,-2.0483,"Female",48,"SHS",7,19,2.89,"Leased","Oil Palm","No","None","Moderate",1565,"No","Major",2023,"No",0,"Yes","Yes",4,"No",3.31,9.57,3129,29945,1173,28772,95,"Yes",1783,"SACCO","Warehouse",26.1,"Farmgate",1.2,5,"Yes","No","Medium"
"GAHS-F1034","Upper East",11.1931,-1.0211,"Male",51,"SHS",6,32,2.43,"Owned","Cowpea","No","None","Excellent",1220,"Yes","Major",2021,"No",0,"No","Yes",0,"No",2.34,5.69,880,5007,1025,3982,79.5,"No",NA,"None","No storage",13.5,"Local market",65.5,5.7,"Yes","No","Low"
"GAHS-F1035","Northern",9.483,-1.0491,"Male",69,"JHS",4,53,2.8,"Owned","Groundnut","No","None","Good",1128,"Yes","Minor",2021,"Yes",94.2,"Yes","Yes",3,"Yes",3.44,9.63,1286,12384,1559,10825,87.4,"Yes",5852,"MFI","On-farm store",20.9,"Local market",1,5.3,"Yes","No","High"
"GAHS-F1036","Central",5.6458,-0.764,"Female",30,"None",8,11,6.25,"Owned","Plantain","No","None","Good",1384,"Yes","Major",2022,"No",0,"No","No",3,"Yes",1.24,7.75,3439,26652,2436,24216,90.9,"No",NA,"None","Rented silo",29.2,"Regional market",2.5,2.6,"Yes","No","Medium"
"GAHS-F1037","Upper West",10.7179,-2.9782,"Female",59,"SHS",7,40,0.94,"Sharecrop","Cowpea","Yes","Mixed","Good",1035,"No","Major",2023,"Yes",69.9,"No","No",6,"No",1.88,1.77,5584,9884,680,9204,93.1,"Yes",1578,"Bank","Rented silo",15,"Regional market",NA,5,"Yes","No","Medium"
"GAHS-F1038","Western North",6.9607,-2.6508,"Male",29,"Primary",5,12,1.06,"Leased","Oil Palm","No","None","Good",1586,"No","Minor",2022,"Yes",117.9,"No","No",2,"Yes",3.58,3.79,1341,5082,840,4242,83.5,"Yes",1716,"Bank","Rented silo",16.6,"Regional market",NA,5.3,"Yes","Yes","Medium"
"GAHS-F1039","Eastern",6.6988,-0.1615,"Female",48,"Primary",2,24,14.3,"Leased","Yam","Yes","Poultry","Poor",1432,"No","Minor",2022,"No",0,"No","No",2,"Yes",1.81,25.88,858,22205,5813,16392,73.8,"No",NA,"None","No storage",21.2,"Exporter",10.7,5.1,"Yes","No","Low"
"GAHS-F1040","Western",5.294,-2.2663,"Female",49,"Primary",4,31,2.34,"Sharecrop","Cocoa","Yes","Cattle","Poor",1172,"No","Major",2023,"No",0,"Yes","No",3,"No",2.89,6.76,1835,12405,892,11513,92.8,"No",NA,"None","No storage",7.7,"Regional market",1.8,6.3,"Yes","No","Medium"
"GAHS-F1041","Western",5.7278,-1.5798,"Male",35,"JHS",8,15,2.05,"Gift","Cocoa","Yes","Pig","Good",1857,"No","Major",2021,"No",NA,"Yes","Yes",2,"No",1.17,2.4,1370,3288,1078,2210,67.2,"No",NA,"None","No storage",7.8,"Farmgate",4.5,5.1,"Yes","No","Medium"
"GAHS-F1042","Greater Accra",5.6002,-0.5298,"Female",66,"SHS",8,49,1.41,"Owned","Rice","No","None","Excellent",693,"Yes","Minor",2023,"No",0,"Yes","No",4,"No",2.14,3.02,985,2975,616,2359,79.3,"No",NA,"None","On-farm store",21.8,"Farmgate",3.4,5.6,"Yes","Yes","Medium"
"GAHS-F1043","Bono East",8.4206,-1.8777,"Female",41,"Primary",7,23,3.1,"Owned","Tomato","No","None","Moderate",NA,"No","Minor",2023,"No",0,"Yes","Yes",2,"No",3.12,9.67,1159,11208,1217,9991,89.1,"No",NA,"None","No storage",43.6,"Farmgate",3.8,5,"Yes","No","Medium"
"GAHS-F1044","Central",5.2297,-0.681,"Male",46,"Tertiary",4,29,2.66,"Owned","Cocoa","No","None","Poor",1507,"No","Minor",2021,"No",0,"No","No",3,"Yes",2.57,6.84,1142,7811,NA,6793,87,"No",NA,"None","No storage",19.2,"Farmgate",2.3,3.2,"Yes","No","Medium"
"GAHS-F1045","Northern",8.9785,-1.3417,"Male",41,"SHS",7,22,3.03,"Leased","Cowpea","Yes","Goat/Sheep","Poor",866,"Yes","Major",2022,"Yes",86.7,"Yes","No",4,"No",3.27,9.91,836,8285,1696,6589,79.5,"Yes",3934,"Bank","No storage",28.4,"Regional market",4,3.2,"Yes","Yes","Medium"
"GAHS-F1046","Northern",10.1605,-0.2463,"Female",67,"JHS",7,46,0.41,"Sharecrop","Cowpea","No","None","Poor",569,"Yes","Major",2021,"Yes",22.4,"No","Yes",0,"No",4.04,1.66,4758,7898,186,7712,95,"No",NA,"None","On-farm store",26,"Exporter",9,NA,"Yes","No","Medium"
"GAHS-F1047","Upper East",10.8366,-0.3717,"Female",55,"Primary",5,32,4.58,"Owned","Maize","Yes","Cattle","Poor",1073,"Yes","Major",2022,"Yes",140.9,"No","Yes",2,"No",3.23,14.79,3003,44414,2681,41733,94,"No",NA,"None","No storage",28.8,"Cooperative",4.1,3.8,"Yes","No","Medium"
"GAHS-F1048","Eastern",6.2347,-0.7559,"Female",44,"SHS",9,29,1.28,"Owned","Maize","No","None","Excellent",1218,"No","Minor",2023,"No",0,"No","Yes",4,"Yes",1.81,2.32,1810,4199,675,3524,83.9,"Yes",1355,"Moneylender","On-farm store",11.9,"Exporter",0.5,6.4,"Yes","No","Medium"
"GAHS-F1049","Eastern",5.8791,-0.5906,"Female",36,"SHS",4,18,1.75,"Gift","Cocoa","Yes","Poultry","Moderate",1537,"No","Major",2022,"No",0,"No","No",0,"No",1.66,2.9,862,NA,730,NA,70.8,"No",NA,"None","On-farm store",17.1,"Processor",1.1,6.2,"Yes","No","Low"
"GAHS-F1050","Bono East",7.6104,-1.8995,"Female",53,"Primary",3,34,1.81,"Sharecrop","Yam","Yes","Poultry","Moderate",1248,"Yes","Major",2022,"No",0,"No","No",1,"No",2.91,5.27,812,4279,772,3507,81.9,"No",NA,"None","No storage",13.2,"Processor",1.7,3.9,"Yes","No","Low"
"GAHS-F1051","Volta",7.4049,0.5546,"Male",45,"JHS",3,25,0.73,"Leased","Cassava","Yes","Mixed","Good",695,"No","Minor",2022,"No",0,"Yes","Yes",2,"No",2.45,1.79,2108,3773,366,3407,90.3,"No",NA,"None","On-farm store",23.4,"Local market",2.2,4.4,"Yes","No","Medium"
"GAHS-F1052","Western",5.2635,-2.4161,"Female",64,"JHS",3,49,1.64,"Sharecrop","Oil Palm","Yes","Poultry","Poor",1762,"No","Major",2023,"No",0,"No","Yes",0,"No",2.89,4.74,973,4612,494,4118,89.3,"No",NA,"None","On-farm store",17.2,"Cooperative",2.7,4.7,"Yes","No","Low"
"GAHS-F1053","Western North",6.3856,-2.0611,"Female",47,"Primary",4,29,1.02,"Gift","Plantain","No","None","Moderate",1506,"No","Major",2022,"No",0,"No","Yes",0,"Yes",2.73,2.78,774,NA,259,1893,87.9,"No",NA,"None","Rented silo",21.2,"Local market",2.1,7,"Yes","No","Medium"
"GAHS-F1054","Western North",6.0048,-2.2205,"Female",28,"Tertiary",3,10,1.59,"Owned","Cassava","No","None","Excellent",1332,"No","Minor",2023,"No",0,"Yes","No",1,"No",1.23,1.96,780,1529,765,764,49.9,"No",NA,"None","No storage",30.5,"Farmgate",10.4,6.9,"Yes","No","Low"
"GAHS-F1055","Savannah",8.5969,-2.1071,"Female",56,"Tertiary",4,38,5.48,"Owned","Sorghum","Yes","Poultry","Poor",953,"Yes","Minor",2023,"No",0,"No","No",3,"No",4.26,23.34,1891,44136,2094,42042,95,"No",NA,"None","No storage",21,"Farmgate",5.2,3.6,"Yes","No","Low"
"GAHS-F1056","North East",10.8631,0.0111,"Male",59,"SHS",5,39,1.37,"Leased","Groundnut","Yes","Poultry","Moderate",1060,"Yes","Minor",2023,"Yes",73.9,"No","No",3,"Yes",2.27,3.11,1180,3670,1014,2656,72.4,"No",NA,"None","No storage",23.1,"Exporter",NA,6.3,"Yes","No","Medium"
"GAHS-F1057","Bono East",7.6863,-1.6238,"Female",66,"JHS",5,51,13.4,"Owned","Cassava","Yes","Poultry","Good",770,"Yes","Major",2023,"No",0,"No","Yes",0,"No",2.46,32.96,2341,77159,5309,71850,93.1,"Yes",1441,"Bank","On-farm store",11.9,"Cooperative",0.5,2.3,"Yes","No","Low"
"GAHS-F1058","Ashanti",6.6754,-1.2561,"Female",55,"Primary",7,37,0.55,"Leased","Maize","No","None","Moderate",1803,"Yes","Minor",2021,"Yes",142.4,"Yes","Yes",6,"No",4.34,2.39,999,2388,364,2024,84.7,"Yes",6347,"SACCO","No storage",20.7,"Exporter",4,5.6,"Yes","No","High"
"GAHS-F1059","Ahafo",7.3307,-2.2343,"Female",35,"JHS",1,17,2.73,"Owned","Cocoa","Yes","Mixed","Moderate",1842,"No","Major",2021,"No",0,"Yes","No",1,"No",2.84,7.75,1601,12408,1122,11286,91,"No",NA,"None","No storage",19.9,"Local market",2,3.1,"Yes","No","Low"
"GAHS-F1060","Eastern",5.9661,-0.4038,"Female",53,"Primary",1,28,2.11,"Owned","Plantain","Yes","Mixed","Good",1659,"No","Minor",2022,"Yes",108.8,"No","Yes",1,"Yes",3.34,7.05,1442,10166,1391,8775,86.3,"No",NA,"None","Rented silo",10.1,"Farmgate",3.5,3.9,"Yes","No","Medium"
"GAHS-F1061","Northern",8.908,-1.3598,"Male",43,"JHS",7,20,0.73,"Owned","Cowpea","No","None","Good",1073,"Yes","Major",2022,"Yes",126.4,"Yes","No",2,"No",3.91,2.85,3210,9148,NA,8687,95,"No",NA,"None","Warehouse",11.1,"Exporter",22.2,4.5,"Yes","No","Medium"
"GAHS-F1062","Ashanti",6.6396,-1.933,"Male",41,"JHS",4,19,1.12,"Sharecrop","Cassava","Yes","Cattle","Good",1626,"Yes","Major",2021,"Yes",85.8,"Yes","No",5,"No",3.73,4.18,1263,5279,596,4683,88.7,"No",NA,"None","Rented silo",7.2,"Farmgate",6.7,3.5,"Yes","No","Medium"
"GAHS-F1063","Ashanti",6.1681,-2.1652,"Female",47,"SHS",3,26,4.77,"Communal","Cocoa","Yes","Poultry","Poor",1544,"No","Major",2021,"Yes",86.1,"No","Yes",3,"No",3.46,16.5,2266,37389,2621,34768,93,"Yes",1030,"MFI","On-farm store",11.2,"Farmgate",10.1,NA,"Yes","No","Medium"
"GAHS-F1064","Western",5.2183,-1.7541,"Female",26,"None",1,9,0.69,"Leased","Cocoa","Yes","Poultry","Good",1858,"No","Major",2021,"No",0,"No","No",2,"No",1.03,0.71,1414,1004,374,630,62.7,"No",NA,"None","No storage",5,"Cooperative",3.2,4.4,"Yes","No","Low"
"GAHS-F1065","Western North",6.6502,-3.1795,"Female",23,"JHS",6,7,2.29,"Owned","Oil Palm","Yes","Poultry","Moderate",1346,"No","Major",2022,"No",0,"No","No",4,"Yes",1.3,2.98,969,2888,858,2030,70.3,"No",NA,"None","No storage",24.1,"Local market",0.6,5,"Yes","No","Medium"
"GAHS-F1066","Ahafo",7.4958,-2.7445,"Female",47,"Primary",8,27,2.66,"Leased","Cocoa","No","None","Poor",1984,"No","Minor",2023,"Yes",98.9,"No","No",6,"No",2.46,6.54,1165,7619,1563,6056,79.5,"No",NA,"None","Warehouse",10.4,"Local market",NA,3.4,"Yes","No","Medium"
"GAHS-F1067","Eastern",6.1481,-1.0614,"Male",38,"Primary",4,21,0.58,"Leased","Plantain","Yes","Mixed","Good",1896,"Yes","Minor",2021,"Yes",121.5,"No","Yes",4,"No",3.01,1.75,906,1586,442,1144,72.1,"Yes",2001,"Bank","On-farm store",12.9,"Processor",27.1,3.8,"Yes","No","Medium"
"GAHS-F1068","Upper East",10.5966,-0.7469,"Male",26,"SHS",7,10,2.34,"Communal","Groundnut","No","None","Good",936,"No","Major",2022,"No",0,"No","No",1,"No",2.32,5.43,1411,NA,1116,6546,85.4,"Yes",1765,"MFI","On-farm store",7.7,"Regional market",4.9,2.2,"Yes","Yes","Low"
"GAHS-F1069","Upper East",10.8665,-0.6103,"Female",38,"Tertiary",5,20,NA,"Gift","Maize","Yes","Cattle","Good",772,"No","Minor",2023,"No",0,"No","Yes",2,"Yes",0.17,0.38,4918,1869,1048,821,43.9,"No",NA,"None","Warehouse",15.1,"Processor",5.8,3.1,"Yes","No","Medium"
"GAHS-F1070","Ashanti",7.2052,-1.2927,"Male",33,"Primary",5,11,3.76,"Owned","Plantain","Yes","Poultry","Excellent",1698,"No","Major",2021,"No",0,"No","No",3,"Yes",3.43,12.9,1200,15480,1375,14105,91.1,"No",NA,"None","No storage",35.7,"Local market",2.8,7.2,"Yes","No","Medium"
"GAHS-F1071","Northern",8.9393,-0.8054,"Male",45,"SHS",3,22,2.76,"Owned","Yam","Yes","Mixed","Good",981,"Yes","Major",2023,"No",0,"No","No",1,"No",3.16,8.72,1121,9775,1199,8576,87.7,"No",NA,"None","On-farm store",30.3,"Farmgate",27.4,5.8,"Yes","No","Low"
"GAHS-F1072","Northern",9.6268,-1.3217,"Male",62,"None",2,45,5.12,"Leased","Sorghum","Yes","Goat/Sheep","Good",520,"No","Minor",2023,"Yes",127.6,"No","Yes",3,"No",3.74,19.15,759,14535,3081,11454,78.8,"Yes",3331,"SACCO","No storage",25.3,"Regional market",12.8,3.1,"Yes","No","Medium"
"GAHS-F1073","Northern",8.9564,-1.3752,"Female",31,"None",4,15,6.75,"Owned","Groundnut","Yes","Goat/Sheep","Poor",912,"No","Major",2023,"Yes",46.5,"No","Yes",0,"No",4,27,5655,152685,3346,149339,95,"No",NA,"None","No storage",17,"Processor",41,3.5,"Yes","No","Medium"
"GAHS-F1074","Oti",7.3369,0.002,"Female",51,"None",5,32,1.86,"Owned","Tomato","No","None","Excellent",879,"No","Major",2023,"Yes",116.8,"No","No",3,"Yes",1.88,3.5,949,3322,1151,2171,65.3,"No",NA,"None","No storage",9.6,"Local market",15.4,4.3,"Yes","No","Medium"
"GAHS-F1075","Bono",7.5871,-1.8747,"Male",33,"SHS",7,13,2.88,"Sharecrop","Cassava","Yes","Goat/Sheep","Excellent",980,"No","Minor",2021,"No",0,"No","No",1,"No",0.46,1.32,1053,1390,1048,342,24.6,"No",NA,"None","No storage",16.3,"Regional market",5.6,5.9,"Yes","No","Low"
"GAHS-F1076","Northern",9.8185,-0.6159,"Male",61,"Primary",9,41,2.97,"Leased","Groundnut","Yes","Poultry","Excellent",NA,"Yes","Major",2021,"No",0,"No","Yes",2,"Yes",3.36,9.98,926,9241,1110,8131,88,"Yes",788,"Bank","No storage",15.3,"Exporter",1.2,3.2,"Yes","Yes","Medium"
"GAHS-F1077","North East",10.0358,-0.0216,"Male",55,"None",3,33,22.65,"Sharecrop","Cowpea","Yes","Goat/Sheep","Good",989,"No","Major",2022,"No",0,"No","No",1,"No",NA,53.91,3151,169870,9211,160659,94.6,"Yes",1001,"MFI","No storage",23.3,"Local market",36.2,5.3,"Yes","Yes","Low"
"GAHS-F1078","Ahafo",7.146,-2.293,"Male",42,"None",7,21,1.59,"Leased","Yam","No","None","Excellent",1237,"No","Minor",2022,"No",NA,"No","Yes",1,"Yes",3.49,5.55,1270,7048,859,6189,87.8,"Yes",6083,"Moneylender","Warehouse",29.4,"Regional market",9.9,3.9,"Yes","No","Medium"
"GAHS-F1079","Upper East",11.1484,-0.9228,"Female",31,"None",3,16,NA,"Owned","Groundnut","Yes","Goat/Sheep","Moderate",688,"Yes","Major",2023,"No",0,"Yes","No",1,"No",3.77,12.78,815,10416,1495,8921,85.6,"No",NA,"None","On-farm store",6.3,"Exporter",11.7,4.3,"Yes","No","Low"
"GAHS-F1080","Western North",6.5848,-3.197,"Female",39,"None",2,24,NA,"Owned","Cocoa","No","None","Good",1409,"No","Minor",2022,"Yes",60.1,"No","No",0,"No",NA,3.37,1534,5170,690,4480,86.6,"No",NA,"None","On-farm store",16.4,"Processor",2.9,3.9,"Yes","No","Low"
"GAHS-F1081","Bono",7.7555,-1.8606,"Female",49,"Primary",3,31,0.74,"Leased","Maize","Yes","Poultry","Moderate",710,"Yes","Minor",2023,"No",0,"No","No",2,"No",2.23,1.65,2000,3300,100,3200,95,"Yes",1662,"MFI","No storage",29.9,"Local market",1.9,NA,"Yes","No","Low"
"GAHS-F1082","Western",4.7417,-1.4784,"Male",63,"None",4,44,2.15,"Owned","Oil Palm","No","None","Moderate",1656,"No","Major",2023,"No",0,"No","No",2,"Yes",3.2,6.88,1192,8201,1032,7169,87.4,"No",NA,"None","On-farm store",5.3,"Regional market",0.5,5.2,"Yes","No","Low"
"GAHS-F1083","Ashanti",6.7147,-1.3614,"Female",52,"JHS",6,37,3.91,"Owned","Cocoa","Yes","Poultry","Poor",1668,"No","Minor",2021,"Yes",62.9,"No","Yes",2,"No",3.05,11.93,5855,69850,1903,67947,95,"Yes",2496,"MFI","No storage",11,"Local market",9.2,3.3,"Yes","No","Medium"
"GAHS-F1084","Western",5.6374,-1.8573,"Male",35,"Tertiary",6,20,0.8,"Gift","Plantain","No","None","Excellent",1322,"No","Minor",2023,"No",0,"No","No",5,"Yes",NA,2.51,814,2043,100,1943,95,"Yes",1761,"SACCO","On-farm store",6.5,"Farmgate",18,3.5,"Yes","No","Medium"
"GAHS-F1085","Central",5.8402,-0.5473,"Male",55,"Primary",10,32,5.64,"Communal","Plantain","No","None","Moderate",1632,"No","Major",2022,"Yes",98.9,"Yes","Yes",2,"No",3.77,21.26,1257,26724,3194,23530,88,"No",NA,"None","No storage",23.1,"Local market",0.5,5.4,"Yes","No","Medium"
"GAHS-F1086","Upper West",10.8968,-2.7649,"Male",38,"Primary",7,23,NA,"Sharecrop","Groundnut","Yes","Poultry","Moderate",869,"Yes","Major",2023,"Yes",65,"No","No",2,"No",2.37,6.04,2239,13524,1336,12188,90.1,"No",NA,"None","No storage",9.3,"Cooperative",7.9,2.8,"Yes","No","Low"
"GAHS-F1087","Bono East",8.3029,-0.9532,"Male",50,"Primary",5,37,7.13,"Sharecrop","Cassava","Yes","Goat/Sheep","Moderate",1088,"Yes","Minor",2021,"No",0,"No","Yes",1,"No",NA,5.85,2239,13098,2905,10193,77.8,"No",NA,"None","Warehouse",11.6,"Farmgate",9.1,5.2,"Yes","No","Low"
"GAHS-F1088","Northern",9.7582,-0.9926,"Male",42,"Tertiary",1,30,4.7,"Owned","Groundnut","Yes","Poultry","Good",824,"Yes","Minor",2023,"Yes",54.4,"Yes","Yes",0,"No",4.29,20.16,1188,23950,2608,NA,89.1,"No",NA,"None","Warehouse",11.3,"Regional market",19.7,5.1,"Yes","No","Medium"
"GAHS-F1089","Western",5.3339,-2.5577,"Female",44,"Primary",6,28,NA,"Owned","Cocoa","Yes","Pig","Poor",1607,"Yes","Minor",2022,"Yes",17.8,"No","No",0,"No",3.92,16.97,1250,21212,1955,19257,90.8,"Yes",2346,"Moneylender","Warehouse",19.6,"Local market",8.7,6,"Yes","No","Low"
"GAHS-F1090","Western",4.4715,-2.0037,"Male",45,"None",5,28,9.48,"Owned","Yam","Yes","Poultry","Good",NA,"No","Minor",2022,"No",0,"No","Yes",2,"No",3.01,28.53,2628,74977,3863,71114,94.8,"No",NA,"None","On-farm store",NA,"Regional market",12.6,3.3,"Yes","No","Low"
"GAHS-F1091","Central",4.8769,-1.2219,"Male",35,"SHS",6,16,0.81,"Leased","Cocoa","No","None","Poor",1524,"No","Major",2023,"No",0,"Yes","No",1,"Yes",2.26,1.83,2624,4802,222,4580,95,"No",NA,"None","Rented silo",5.2,"Local market",0.5,5.6,"Yes","No","Medium"
"GAHS-F1092","Eastern",6.2817,0.0289,"Female",37,"Primary",7,20,1.71,"Owned","Cocoa","No","None","Excellent",1818,"No","Minor",2021,"No",0,"No","No",1,"Yes",0.98,1.68,4264,NA,604,6560,91.6,"Yes",1663,"MFI","No storage",28.6,"Processor",13.2,NA,"Yes","Yes","Low"
"GAHS-F1093","Eastern",6.4186,-0.444,"Female",22,"Primary",6,2,2.49,"Owned","Oil Palm","No","None","Excellent",1483,"No","Minor",2022,"Yes",NA,"No","No",4,"No",2.58,6.42,1092,7011,1337,5674,80.9,"No",NA,"None","On-farm store",15.4,"Processor",20.5,3.8,"Yes","No","Medium"
"GAHS-F1094","Savannah",9.1031,-2.3175,"Male",58,"Primary",7,49,7.3,"Leased","Yam","No","None","Good",968,"Yes","Minor",2022,"Yes",78.8,"Yes","Yes",2,"No",4.32,31.54,862,27187,4128,NA,84.8,"Yes",2391,"SACCO","Warehouse",22,"Regional market",33.5,5.1,"Yes","No","Medium"
"GAHS-F1095","Volta",6.659,0.4459,"Male",28,"None",9,13,0.89,"Sharecrop","Rice","No","None","Poor",861,"No","Minor",2021,"No",0,"Yes","No",0,"Yes",2.59,2.31,4559,10531,108,10423,95,"Yes",597,"SACCO","On-farm store",18.7,"Regional market",34.7,4.3,"Yes","No","Medium"
"GAHS-F1096","Ashanti",6.907,-1.6212,"Male",50,"Tertiary",3,34,NA,"Owned","Cocoa","No","None","Good",1604,"No","Major",2022,"Yes",23.7,"No","No",2,"Yes",3.08,10.04,873,8765,1656,7109,81.1,"Yes",2675,"Family","No storage",0,"Local market",1,3.1,"Yes","No","Medium"
"GAHS-F1097","Northern",9.4824,-0.5174,"Female",40,"SHS",5,24,2.47,"Communal","Groundnut","Yes","Cattle","Poor",864,"No","Minor",2022,"Yes",133.4,"No","Yes",4,"No",4.24,10.47,1095,11465,1465,10000,87.2,"No",NA,"None","Rented silo",14.3,"Regional market",23.9,5.8,"Yes","No","Medium"
"GAHS-F1098","Northern",9.1791,-1.3835,"Female",58,"Primary",4,36,2.7,"Leased","Groundnut","Yes","Pig","Good",855,"Yes","Major",2021,"Yes",139.2,"No","Yes",0,"No",2.48,6.7,4086,27376,1886,25490,93.1,"Yes",3485,"SACCO","Warehouse",14.2,"Exporter",15.5,1.6,"Yes","No","Medium"
"GAHS-F1099","Oti",7.9586,-0.2527,"Female",44,"JHS",5,29,1.48,"Sharecrop","Yam","No","None","Moderate",1138,"Yes","Minor",2021,"Yes",84.4,"No","No",3,"Yes",2.44,3.61,2183,7881,819,NA,89.6,"No",NA,"None","Warehouse",5.1,"Local market",3.1,2.7,"Yes","No","Medium"
"GAHS-F1100","Ashanti",6.9575,-1.4207,"Female",36,"None",3,22,1.53,"Leased","Cassava","No","None","Good",1786,"Yes","Major",2021,"Yes",90.7,"No","No",1,"No",1.46,2.23,1673,3731,633,3098,83,"Yes",3683,"Moneylender","Warehouse",29.3,"Regional market",0.5,3.1,"Yes","No","Low"
"GAHS-F1101","Ahafo",6.8877,-2.0689,"Female",57,"JHS",8,44,3.52,"Owned","Cocoa","Yes","Poultry","Excellent",1837,"No","Minor",2023,"No",0,"No","Yes",1,"Yes",0.75,2.64,1202,3173,1405,1768,55.7,"No",NA,"None","On-farm store",12.1,"Regional market",1.9,5.9,"Yes","Yes","Medium"
"GAHS-F1102","Northern",9.5939,-0.3727,"Male",39,"Primary",11,28,5.27,"Owned","Sorghum","Yes","Mixed","Good",954,"Yes","Major",2022,"No",0,"No","No",2,"No",1.39,7.33,1147,8408,1841,6567,78.1,"No",NA,"None","On-farm store",20,"Exporter",10.4,5.1,"Yes","No","Low"
"GAHS-F1103","Central",5.7843,-1.4612,"Male",50,"None",6,33,6.59,"Owned","Cassava","Yes","Poultry","Excellent",1708,"Yes","Major",2022,"No",0,"No","No",1,"No",2.67,17.6,1206,21226,2479,18747,88.3,"Yes",1664,"Family","Warehouse",11.2,"Regional market",7.4,4,"Yes","No","Low"
"GAHS-F1104","Volta",6.8711,0.8121,"Female",66,"Primary",3,46,1.18,"Sharecrop","Maize","No","None","Moderate",1032,"No","Major",2023,"No",0,"No","Yes",2,"Yes",1.35,1.59,1513,2406,298,2108,87.6,"No",NA,"None","On-farm store",30,"Farmgate",30.5,5.8,"Yes","Yes","Medium"
"GAHS-F1105","Greater Accra",5.8436,-0.2605,"Male",61,"Tertiary",5,36,2.3,"Communal","Yam","No","None","Moderate",1103,"No","Major",2022,"No",0,"Yes","Yes",4,"No",3.19,7.34,1886,13843,1192,12651,91.4,"No",NA,"None","On-farm store",11.5,"Regional market",3.1,3.8,"Yes","No","Medium"
"GAHS-F1106","Northern",8.9255,-0.3816,"Female",32,"Primary",5,12,3.21,"Leased","Millet","No","None","Poor",851,"Yes","Minor",2022,"Yes",112.3,"No","Yes",2,"No",1.23,3.95,1090,4306,1941,2365,54.9,"Yes",1159,"SACCO","No storage",25.4,"Local market",48.7,5.6,"Yes","No","Medium"
"GAHS-F1107","Western",5.0825,-2.7457,"Male",20,"JHS",7,0,1.42,"Owned","Oil Palm","No","None","Moderate",1684,"No","Major",2022,"No",0,"No","No",2,"No",NA,0.95,1163,1105,693,412,37.3,"No",NA,"None","Warehouse",8.8,"Regional market",12.1,5.4,"Yes","No","Low"
"GAHS-F1108","Eastern",6.7136,0.0015,"Male",55,"Primary",6,35,1.51,"Sharecrop","Cassava","Yes","Cattle","Good",1556,"Yes","Major",2021,"No",0,"Yes","Yes",0,"Yes",3.06,4.62,997,4606,704,3902,84.7,"Yes",1223,"SACCO","On-farm store",14.8,"Local market",0.5,NA,"Yes","No","Medium"
"GAHS-F1109","North East",10.6666,0.1265,"Female",36,"None",3,15,1.45,"Communal","Groundnut","Yes","Cattle","Poor",777,"No","Minor",2021,"No",NA,"Yes","No",1,"Yes",3.41,4.94,878,4337,573,3764,86.8,"No",NA,"None","No storage",15.7,"Farmgate",14.9,3.7,"Yes","No","Medium"
"GAHS-F1110","Upper East",10.9472,-0.8601,"Male",35,"SHS",7,17,0.58,"Leased","Yam","No","None","Excellent",953,"Yes","Major",2022,"Yes",83.1,"No","No",3,"No",NA,2,1586,3172,256,2916,91.9,"Yes",1953,"MFI","On-farm store",21.4,"Local market",5.2,2.8,"Yes","No","Medium"
"GAHS-F1111","Western",5.0521,-2.1852,"Female",50,"None",9,34,NA,"Owned","Plantain","No","None","Moderate",1035,"Yes","Minor",2022,"Yes",52.1,"No","No",5,"No",1.59,2.99,1549,4632,1042,3590,77.5,"Yes",3975,"MFI","On-farm store",1.6,"Farmgate",4.1,4.1,"Yes","No","Medium"
"GAHS-F1112","Northern",9.8558,-0.2701,"Male",43,"Primary",7,24,3.29,"Owned","Cowpea","No","None","Excellent",709,"Yes","Major",2021,"Yes",64.2,"No","No",3,"No",3.42,11.25,1769,19901,1725,18176,91.3,"No",NA,"None","Warehouse",0.7,"Farmgate",11.9,4.4,"Yes","No","Medium"
"GAHS-F1113","Western North",6.0602,-3.0327,"Male",40,"Primary",5,16,1.01,"Owned","Maize","No","None","Moderate",NA,"No","Major",2022,"No",0,"No","Yes",1,"Yes",2.13,2.15,1266,2722,256,2466,90.6,"Yes",1586,"MFI","On-farm store",11.5,"Local market",1.8,6.3,"Yes","No","Medium"
"GAHS-F1114","Ashanti",6.1452,-1.3045,"Female",35,"JHS",3,14,1.16,"Owned","Cocoa","No","None","Good",1662,"No","Minor",2022,"No",0,"No","Yes",5,"Yes",1.66,1.93,1385,NA,562,2111,78.9,"No",NA,"None","No storage",34.1,"Farmgate",6.9,4,"Yes","Yes","Medium"
"GAHS-F1115","Bono",7.2869,-1.7498,"Female",65,"JHS",7,49,2.14,"Gift","Yam","No","None","Good",953,"Yes","Minor",2021,"No",0,"Yes","Yes",1,"No",1.47,3.15,1291,4067,748,3319,81.6,"No",NA,"None","No storage",41.7,"Farmgate",0.5,5.7,"Yes","No","Medium"
"GAHS-F1116","Ashanti",6.4798,-0.9945,"Male",58,"Primary",8,40,1,"Communal","Oil Palm","Yes","Pig","Good",1415,"Yes","Minor",2022,"No",0,"Yes","No",1,"No",NA,3.22,681,2193,368,1825,83.2,"No",NA,"None","No storage",31.5,"Local market",7.8,4.9,"Yes","No","Low"
"GAHS-F1117","Greater Accra",5.6435,0.0761,"Male",45,"SHS",6,28,6.54,"Sharecrop","Maize","No","None","Good",950,"No","Major",2023,"No",0,"No","No",1,"No",2.29,14.98,612,9168,2694,6474,70.6,"No",NA,"None","Warehouse",8,"Local market",9.7,5.1,"Yes","No","Low"
"GAHS-F1118","Volta",7.2857,0.8975,"Male",45,"JHS",4,25,2.18,"Owned","Tomato","Yes","Poultry","Poor",969,"No","Minor",2023,"No",0,"Yes","No",2,"Yes",2.39,5.21,956,4981,919,4062,81.5,"No",NA,"None","No storage",25.5,"Local market",2.2,5.8,"Yes","No","Medium"
"GAHS-F1119","Bono East",7.1916,-2.1661,"Male",25,"Primary",5,6,3.12,"Leased","Cassava","No","None","Poor",774,"Yes","Major",2023,"Yes",111.9,"No","No",2,"No",NA,9.27,1214,11254,1900,9354,83.1,"No",NA,"None","No storage",21.3,"Farmgate",0.5,5.1,"Yes","No","Low"
"GAHS-F1120","Upper East",11.2428,-1.2328,"Male",60,"JHS",8,41,0.68,"Communal","Groundnut","No","None","Good",1107,"Yes","Minor",2021,"Yes",129.6,"No","No",2,"Yes",3.9,2.65,1799,4767,504,4263,89.4,"No",NA,"None","No storage",5.5,"Local market",40.5,5.9,"Yes","No","Medium"
"GAHS-F1121","Ashanti",6.0646,-1.4166,"Female",61,"JHS",6,42,5.48,"Gift","Maize","Yes","Cattle","Moderate",1437,"Yes","Minor",2021,"Yes",75.7,"No","No",4,"No",1.79,9.81,1152,11301,2937,8364,74,"No",NA,"None","No storage",26.8,"Processor",8.2,5.8,"Yes","No","Medium"
"GAHS-F1122","Ahafo",6.4604,-2.2025,"Male",44,"SHS",6,24,2.77,"Leased","Yam","No","None","Good",1132,"No","Minor",2023,"Yes",120.7,"No","Yes",3,"No",4.17,11.55,886,10233,1815,8418,82.3,"Yes",4809,"Family","On-farm store",17.2,"Processor",0.5,3.9,"Yes","No","Medium"
"GAHS-F1123","Volta",6.3774,0.0507,"Female",45,"Tertiary",2,28,NA,"Owned","Maize","Yes","Pig","Poor",875,"No","Major",2022,"No",0,"No","Yes",2,"No",3.19,4.94,1802,NA,460,8442,94.8,"No",NA,"None","Warehouse",11.2,"Cooperative",10.7,1.6,"Yes","No","Low"
"GAHS-F1124","Bono East",7.4483,-0.9428,"Male",53,"SHS",5,34,0.81,"Leased","Cassava","Yes","Cattle","Moderate",926,"Yes","Major",2022,"No",0,"No","Yes",2,"No",1.49,1.21,1021,1235,393,842,68.1,"No",NA,"None","On-farm store",NA,"Farmgate",14.5,NA,"Yes","No","Low"
"GAHS-F1125","Northern",9.0956,-0.5932,"Male",49,"JHS",5,30,2.57,"Communal","Yam","Yes","Pig","Excellent",993,"Yes","Major",2023,"Yes",48.8,"No","No",4,"Yes",1.78,4.57,1182,NA,1099,4303,79.6,"No",NA,"None","On-farm store",19.3,"Local market",8.7,6.8,"Yes","No","Medium"
"GAHS-F1126","Upper West",10.321,-2.8882,"Male",70,"Primary",7,50,1.29,"Sharecrop","Maize","Yes","Pig","Excellent",1102,"Yes","Major",2023,"No",0,"Yes","No",2,"No",1.97,2.54,1032,2621,521,2100,80.1,"Yes",3785,"Moneylender","No storage",19.6,"Farmgate",3.5,3.6,"Yes","No","Low"
"GAHS-F1127","Upper East",10.7921,-0.6273,"Male",43,"JHS",2,25,2.83,"Leased","Maize","Yes","Cattle","Moderate",718,"Yes","Major",2023,"No",0,"No","No",2,"No",1.26,3.57,1388,NA,1271,3684,74.3,"No",NA,"None","No storage",14.1,"Local market",53.6,5,"Yes","No","Low"
"GAHS-F1128","Northern",9.9012,-0.9853,"Male",44,"JHS",5,19,0.57,"Communal","Groundnut","Yes","Goat/Sheep","Moderate",1020,"Yes","Major",2022,"No",0,"No","No",1,"No",2.46,1.4,949,NA,261,1068,80.3,"No",NA,"None","Warehouse",2.7,"Exporter",74.5,2.6,"Yes","Yes","Low"
"GAHS-F1129","Greater Accra",5.8533,0.3621,"Female",48,"JHS",4,30,3.61,"Leased","Cassava","No","None","Poor",997,"No","Minor",2022,"Yes",87.4,"Yes","Yes",2,"No",4.31,15.56,3550,55238,1937,53301,95,"No",NA,"None","On-farm store",33.3,"Local market",5.8,4.4,"Yes","No","Medium"
"GAHS-F1130","Western",4.8049,-1.9669,"Male",74,"Primary",7,55,11.2,"Leased","Yam","Yes","Cattle","Moderate",1908,"Yes","Minor",2022,"No",0,"No","Yes",1,"No",3.22,36.06,1244,44859,4659,40200,89.6,"No",NA,"None","On-farm store",15.9,"Regional market",7.8,4.3,"Yes","No","Low"
"GAHS-F1131","Savannah",9.2142,-1.9379,"Female",30,"Primary",4,13,1.05,"Gift","Maize","No","None","Excellent",1090,"Yes","Major",2022,"No",0,"No","No",0,"Yes",1.01,1.06,3479,3688,216,3472,94.1,"No",NA,"None","No storage",27.8,"Local market",7.5,7.2,"Yes","No","Low"
"GAHS-F1132","Savannah",9.3303,-1.1779,"Male",39,"JHS",5,23,1.65,"Communal","Sorghum","Yes","Goat/Sheep","Poor",1267,"No","Minor",2022,"Yes",109.9,"No","No",2,"No",3.64,6.01,4678,28115,788,27327,95,"No",NA,"None","Warehouse",15.5,"Farmgate",51,1.7,"Yes","Yes","Low"
"GAHS-F1133","Northern",9.1323,-0.4014,"Female",44,"JHS",9,26,1.57,"Leased","Maize","Yes","Poultry","Poor",727,"Yes","Minor",2023,"No",0,"No","No",2,"No",1.66,2.61,2174,5674,595,5079,89.5,"No",NA,"None","Rented silo",17,"Regional market",21.1,3.4,"Yes","No","Low"
"GAHS-F1134","Northern",9.2445,-1.0212,"Male",49,"None",1,25,1.93,"Leased","Millet","Yes","Poultry","Good",961,"Yes","Major",2022,"No",0,"No","No",0,"No",1.31,2.53,1736,NA,620,3772,85.9,"Yes",7770,"MFI","No storage",10.8,"Cooperative",12.6,3.1,"Yes","No","Low"
"GAHS-F1135","Eastern",6.1021,-0.7094,"Male",50,"JHS",9,36,2.55,"Owned","Cassava","No","None","Poor",NA,"No","Major",2022,"Yes",102.7,"No","Yes",4,"Yes",2.58,6.58,3758,24728,1498,NA,93.9,"No",NA,"None","Warehouse",16.6,"Farmgate",4.8,5.2,"Yes","No","High"
"GAHS-F1136","Western North",5.8245,-2.4793,"Male",26,"None",4,10,2,"Leased","Cocoa","Yes","Goat/Sheep","Poor",1583,"No","Minor",2023,"Yes",129.5,"No","No",3,"No",2.62,5.24,1273,6671,1206,5465,81.9,"No",NA,"None","On-farm store",12.8,"Local market",10.5,5.1,"Yes","No","Medium"
"GAHS-F1137","North East",10.009,-0.1266,"Male",36,"JHS",6,16,4.97,"Owned","Cowpea","No","None","Poor",835,"Yes","Major",2022,"Yes",74.5,"No","Yes",1,"Yes",1.96,9.74,3972,38687,2623,36064,93.2,"Yes",2028,"SACCO","No storage",17,"Farmgate",22.6,2.1,"Yes","No","Medium"
"GAHS-F1138","Northern",9.3195,-1.1798,"Male",25,"None",4,13,0.72,"Sharecrop","Cowpea","Yes","Poultry","Moderate",879,"Yes","Major",2023,"Yes",111.1,"No","Yes",4,"Yes",3.08,2.22,4171,9260,505,8755,94.5,"No",NA,"None","On-farm store",16.3,"Processor",14.1,3.1,"Yes","No","High"
"GAHS-F1139","Eastern",6.3505,-0.2912,"Female",59,"JHS",4,41,0.83,"Owned","Cassava","No","None","Poor",1697,"Yes","Minor",2022,"No",0,"No","Yes",1,"No",3.12,2.59,1608,NA,NA,3725,89.4,"No",NA,"None","Warehouse",12.2,"Local market",2.8,4.6,"Yes","No","Low"
"GAHS-F1140","Bono",8.0492,-2.8914,"Male",34,"JHS",7,19,NA,"Owned","Pepper","No","None","Moderate",1442,"No","Minor",2023,"Yes",114.4,"No","Yes",3,"Yes",1.98,8.71,1368,11915,2528,9387,78.8,"No",NA,"None","Warehouse",16,"Processor",11,3.3,"Yes","Yes","High"
"GAHS-F1141","Ahafo",6.7843,-2.5887,"Male",58,"SHS",3,38,2.98,"Sharecrop","Oil Palm","No","None","Poor",1677,"No","Major",2022,"No",0,"No","No",3,"No",1.39,4.14,1055,4368,1083,3285,75.2,"No",NA,"None","No storage",18.8,"Regional market",6.3,4.1,"Yes","No","Low"
"GAHS-F1142","Central",6.0385,-0.5924,"Female",35,"JHS",8,17,1.19,"Sharecrop","Cocoa","No","None","Moderate",1551,"Yes","Major",2023,"No",0,"Yes","No",2,"No",2.3,2.74,1484,4066,662,3404,83.7,"No",NA,"None","Warehouse",5.4,"Farmgate",1.3,3.8,"Yes","Yes","Low"
"GAHS-F1143","Ashanti",6.4874,-2.021,"Male",42,"JHS",2,27,3.6,"Owned","Plantain","Yes","Poultry","Poor",1696,"No","Major",2023,"Yes",45.5,"No","No",5,"No",3.84,13.82,1901,26272,1705,24567,93.5,"No",NA,"None","Rented silo",28.4,"Exporter",5.3,5.3,"Yes","No","Medium"
"GAHS-F1144","Western",5.5024,-1.4642,"Female",52,"JHS",3,37,0.88,"Leased","Oil Palm","Yes","Goat/Sheep","Moderate",1422,"Yes","Major",2022,"No",0,"No","No",2,"No",1.82,1.6,2069,3310,149,3161,95,"No",NA,"None","On-farm store",7,"Local market",0.5,1.7,"Yes","No","Low"
"GAHS-F1145","Bono",7.5335,-2.6049,"Female",45,"SHS",3,26,1.24,"Sharecrop","Cassava","Yes","Poultry","Moderate",1073,"No","Major",2022,"No",0,"No","Yes",1,"No",2.9,3.6,605,NA,NA,1717,78.8,"Yes",1875,"SACCO","No storage",16.9,"Regional market",3.1,4,"Yes","No","Low"
"GAHS-F1146","Volta",6.3692,0.0393,"Male",47,"SHS",9,31,1.82,"Owned","Cassava","No","None","Good",1102,"Yes","Major",2022,"No",0,"No","No",2,"Yes",2.53,4.6,847,3896,729,3167,81.3,"Yes",1695,"MFI","On-farm store",15.4,"Exporter",27.8,NA,"Yes","No","Low"
"GAHS-F1147","Western",4.6722,-2.1178,"Male",43,"None",5,25,1.26,"Owned","Cocoa","No","None","Poor",1541,"Yes","Minor",2022,"Yes",99.8,"No","No",3,"No",2.73,3.44,741,2549,730,NA,71.3,"No",NA,"None","No storage",20.9,"Local market",11.2,4.2,"Yes","No","Medium"
"GAHS-F1148","Upper East",10.9837,-1.0363,"Male",33,"Tertiary",8,13,1.19,"Leased","Millet","Yes","Goat/Sheep","Moderate",1135,"Yes","Minor",2021,"No",0,"No","No",6,"Yes",2.27,2.7,1321,3567,411,3156,88.5,"Yes",3201,"SACCO","No storage",22.9,"Farmgate",9.6,1.5,"Yes","No","Medium"
"GAHS-F1149","Savannah",8.7479,-1.2022,"Male",59,"None",5,44,1.54,"Sharecrop","Yam","Yes","Poultry","Poor",722,"Yes","Major",2023,"Yes",90.1,"Yes","No",2,"Yes",4.36,6.71,3589,24082,830,23252,95,"No",NA,"None","Warehouse",6.8,"Regional market",18.4,4.9,"Yes","No","Medium"
"GAHS-F1150","Western North",6.2257,-2.2469,"Male",34,"JHS",1,17,1.3,"Owned","Plantain","Yes","Goat/Sheep","Excellent",2015,"No","Minor",2023,"No",0,"No","Yes",0,"No",1.91,2.48,1474,3656,590,3066,83.8,"Yes",1005,"Bank","On-farm store",28.2,"Cooperative",4.9,3.4,"Yes","No","Low"
"GAHS-F1151","Bono East",8.2643,-2.0203,"Male",57,"SHS",5,42,2.43,"Owned","Tomato","Yes","Mixed","Moderate",691,"Yes","Major",2022,"Yes",57.4,"No","No",7,"Yes",2.27,5.52,1592,8788,1307,7481,85.1,"Yes",4722,"Moneylender","No storage",19.5,"Farmgate",1.3,3.9,"Yes","No","Medium"
"GAHS-F1152","Upper East",10.1722,-0.3613,"Female",46,"Primary",4,32,0.77,"Sharecrop","Maize","Yes","Pig","Excellent",1075,"No","Major",2021,"No",0,"Yes","Yes",1,"Yes",2.01,1.55,736,1141,198,943,82.6,"No",NA,"None","No storage",19.3,"Local market",16.9,3.8,"Yes","Yes","Medium"
"GAHS-F1153","Northern",9.7207,-1.1376,"Male",41,"Primary",6,28,3.39,"Sharecrop","Maize","No","None","Moderate",782,"No","Minor",2023,"No",0,"No","No",1,"No",2.06,6.98,3456,24123,1168,22955,95,"No",NA,"None","On-farm store",21.1,"Processor",15.9,5.3,"Yes","No","Low"
"GAHS-F1154","Savannah",8.6797,-1.759,"Male",29,"Tertiary",8,13,2.27,"Communal","Millet","Yes","Mixed","Excellent",1062,"No","Major",2022,"No",0,"No","No",2,"Yes",4.53,10.28,1558,16016,920,15096,94.2,"No",NA,"None","Rented silo",27.3,"Exporter",10.2,6.3,"Yes","No","Low"
"GAHS-F1155","Bono East",7.7834,-1.5576,"Male",48,"JHS",3,29,1.04,"Sharecrop","Yam","No","None","Excellent",894,"No","Minor",2023,"No",0,"No","No",3,"No",3.11,3.23,1386,4477,483,3994,89.2,"No",NA,"None","No storage",12.8,"Local market",9.7,5,"Yes","No","Low"
"GAHS-F1156","Western",5.5474,-1.5816,"Male",68,"Primary",8,50,0.79,"Sharecrop","Cassava","No","None","Moderate",1497,"No","Major",2023,"No",0,"No","Yes",2,"No",3.08,2.43,6174,15003,521,14482,95,"No",NA,"None","No storage",24.9,"Local market",2.1,3.7,"Yes","Yes","Low"
"GAHS-F1157","Upper East",10.846,-0.6054,"Female",43,"SHS",4,23,3.34,"Owned","Sorghum","No","None","Excellent",774,"Yes","Major",2021,"Yes",65.6,"No","Yes",2,"Yes",3.91,13.06,1335,17435,1883,15552,89.2,"No",NA,"None","No storage",27.1,"Local market",12.3,5.7,"Yes","No","Medium"
"GAHS-F1158","Eastern",6.48,-0.8572,"Male",48,"SHS",8,28,3.27,"Gift","Maize","No","None","Good",1496,"No","Major",2023,"Yes",NA,"Yes","Yes",4,"No",4.64,15.17,1216,18447,1937,16510,89.5,"No",NA,"None","No storage",24.5,"Regional market",20.6,NA,"Yes","No","High"
"GAHS-F1159","Volta",6.6203,0.2356,"Male",65,"Tertiary",5,44,2.77,"Owned","Maize","No","None","Good",1072,"No","Minor",2022,"Yes",31.6,"Yes","Yes",3,"No",2.06,5.71,1235,7052,1264,5788,82.1,"No",NA,"None","On-farm store",20,"Processor",2.4,3.1,"Yes","No","High"
"GAHS-F1160","North East",9.9995,-0.4636,"Male",28,"Primary",1,14,4.79,"Leased","Groundnut","No","None","Excellent",1185,"Yes","Minor",2023,"Yes",58,"Yes","No",4,"No",2.53,12.12,1488,18035,2422,15613,86.6,"No",NA,"None","No storage",13.9,"Local market",26.8,3.9,"Yes","No","Medium"
"GAHS-F1161","Eastern",6.7606,-0.7747,"Female",61,"JHS",5,42,3.92,"Owned","Maize","No","None","Good",1405,"No","Major",2021,"No",NA,"No","Yes",2,"No",3.14,12.31,2439,30024,1338,NA,95,"No",NA,"None","No storage",13.5,"Local market",0.7,1.9,"Yes","No","Low"
"GAHS-F1162","Bono East",7.6835,-2.2133,"Female",32,"None",7,17,2.91,"Leased","Tomato","Yes","Mixed","Excellent",1081,"No","Major",2022,"No",0,"No","No",2,"No",1.86,5.41,1595,8629,1068,7561,87.6,"Yes",477,"Bank","Rented silo",17.4,"Local market",6.2,2.1,"Yes","No","Low"
"GAHS-F1163","Bono East",7.5357,-1.273,"Female",32,"SHS",5,14,2.79,"Gift","Maize","Yes","Goat/Sheep","Excellent",976,"No","Minor",2022,"Yes",107,"No","Yes",5,"No",2.77,7.73,2237,17292,1926,15366,88.9,"No",NA,"None","Warehouse",20.7,"Processor",5.2,4.7,"Yes","No","Medium"
"GAHS-F1164","Ashanti",7.291,-1.5129,"Male",45,"SHS",4,23,0.79,"Owned","Yam","No","None","Good",1444,"No","Minor",2022,"No",0,"No","No",2,"No",1.51,1.19,2379,NA,209,2622,92.6,"No",NA,"None","Rented silo",6.2,"Exporter",1.8,4.7,"Yes","No","Low"
"GAHS-F1165","Western North",6.1402,-2.7695,"Female",50,"Primary",5,31,6.9,"Leased","Cassava","Yes","Goat/Sheep","Excellent",1363,"No","Major",2022,"No",0,"No","No",2,"No",2.93,20.22,1385,28005,2783,25222,90.1,"No",NA,"None","No storage",11.3,"Farmgate",9.3,4.6,"Yes","No","Low"
"GAHS-F1166","Central",5.5459,-1.2947,"Male",53,"SHS",6,33,2.17,"Leased","Plantain","No","None","Good",1816,"No","Minor",2023,"Yes",89.6,"No","No",2,"No",3.64,7.9,2187,17277,1075,16202,93.8,"No",NA,"None","On-farm store",NA,"Cooperative",17.6,5.2,"Yes","No","Low"
"GAHS-F1167","Upper West",10.2919,-2.7582,"Female",37,"Primary",5,20,1.87,"Communal","Groundnut","Yes","Poultry","Moderate",NA,"No","Minor",2023,"No",0,"Yes","No",0,"No",2.71,5.07,1417,7184,525,6659,92.7,"No",NA,"None","On-farm store",3.9,"Local market",9.3,3.6,"Yes","No","Low"
"GAHS-F1168","Western North",6.6417,-2.1996,"Female",52,"SHS",5,32,2.73,"Communal","Cassava","Yes","Goat/Sheep","Good",1790,"Yes","Minor",2021,"No",0,"No","No",0,"No",NA,3.66,582,2130,1026,1104,51.8,"Yes",1598,"Bank","No storage",16.1,"Regional market",4.6,2.2,"Yes","No","Low"
"GAHS-F1169","Bono East",8.3831,-2.1968,"Male",39,"JHS",4,21,1.94,"Communal","Tomato","Yes","Cattle","Poor",712,"Yes","Major",2021,"No",0,"No","No",0,"No",2.43,4.71,1229,5789,720,5069,87.5,"No",NA,"None","No storage",32.5,"Local market",0.5,3,"Yes","No","Low"
"GAHS-F1170","Volta",6.6695,-0.0698,"Male",43,"Primary",5,30,0.71,"Sharecrop","Pepper","No","None","Excellent",906,"No","Major",2021,"Yes",NA,"No","Yes",2,"No",3.49,2.48,1324,3284,100,3184,95,"No",NA,"None","On-farm store",6.9,"Cooperative",4.6,4.4,"Yes","No","Medium"
"GAHS-F1171","Bono",7.3129,-2.5614,"Female",34,"Primary",1,12,3.53,"Owned","Rice","Yes","Pig","Good",775,"No","Minor",2021,"No",0,"No","No",5,"No",1.8,6.35,1486,9436,1208,8228,87.2,"Yes",1603,"Moneylender","No storage",10.2,"Processor",NA,3,"Yes","No","Low"
"GAHS-F1172","Upper East",11.3903,-1.4593,"Female",26,"SHS",7,10,1.31,"Owned","Maize","Yes","Goat/Sheep","Good",1122,"Yes","Major",2021,"Yes",150.6,"Yes","No",3,"No",3.25,4.26,1634,6961,787,6174,88.7,"Yes",291,"Moneylender","Warehouse",12.6,"Farmgate",0.5,3.4,"Yes","No","Medium"
"GAHS-F1173","Bono",7.5841,-2.9066,"Male",43,"Tertiary",9,27,1.08,"Owned","Rice","Yes","Cattle","Moderate",1059,"Yes","Major",2023,"Yes",106.5,"No","No",0,"No",2.47,2.67,1073,2865,760,2105,73.4,"No",NA,"None","No storage",36.8,"Processor",NA,4.2,"Yes","Yes","Low"
"GAHS-F1174","Western North",5.9791,-2.2844,"Male",45,"Primary",1,25,1.46,"Leased","Plantain","Yes","Pig","Excellent",1357,"Yes","Major",2022,"No",0,"Yes","Yes",0,"No",2.35,3.43,1322,4534,971,3563,78.6,"No",NA,"None","On-farm store",24.2,"Regional market",15.9,5.3,"Yes","No","Medium"
"GAHS-F1175","North East",10.817,0.1316,"Male",32,"SHS",1,17,1.83,"Sharecrop","Sorghum","Yes","Goat/Sheep","Moderate",1120,"Yes","Major",2021,"No",0,"No","No",3,"No",2.65,4.85,2394,NA,703,10908,93.9,"No",NA,"None","Rented silo",4.7,"Local market",14.6,3.4,"Yes","No","Low"
"GAHS-F1176","Bono",7.4945,-2.7765,"Female",67,"SHS",6,54,0.78,"Leased","Maize","No","None","Good",966,"No","Major",2022,"Yes",62.5,"No","No",4,"No",2.65,2.07,1827,3782,513,3269,86.4,"No",NA,"None","No storage",18.6,"Regional market",6.8,5.6,"Yes","No","Medium"
"GAHS-F1177","Bono",7.9007,-2.7951,"Female",45,"Primary",6,29,1.44,"Leased","Tomato","No","None","Poor",747,"No","Major",2022,"No",NA,"No","No",0,"Yes",2.16,3.11,1314,4087,634,3453,84.5,"No",NA,"None","On-farm store",30.3,"Farmgate",2.1,4.8,"Yes","No","Low"
"GAHS-F1178","Western North",5.7239,-2.5463,"Male",53,"SHS",3,35,2.38,"Leased","Cocoa","No","None","Moderate",1653,"No","Minor",2023,"No",0,"Yes","No",2,"No",2.44,5.81,4900,28469,914,27555,95,"No",NA,"None","No storage",12.7,"Processor",6.2,3.9,"Yes","No","Low"
"GAHS-F1179","Bono",7.9816,-1.9407,"Male",58,"None",6,42,3.47,"Sharecrop","Cassava","No","None","Moderate",1061,"Yes","Major",2022,"No",0,"No","No",1,"Yes",1.37,4.75,1085,5154,1211,3943,76.5,"No",NA,"None","No storage",29.5,"Local market",4.8,3.1,"Yes","No","Low"
"GAHS-F1180","Northern",8.9261,-0.616,"Female",69,"SHS",7,49,2.32,"Gift","Cowpea","Yes","Goat/Sheep","Good",1027,"Yes","Major",2021,"Yes",31.7,"No","Yes",3,"No",2.05,4.76,1217,5793,1122,4671,80.6,"No",NA,"None","On-farm store",10.6,"Local market",13.2,2.9,"Yes","No","Medium"
"GAHS-F1181","Central",5.6352,-0.7626,"Female",35,"JHS",5,19,5.22,"Owned","Plantain","Yes","Cattle","Excellent",1777,"No","Minor",2023,"No",0,"Yes","Yes",1,"No",2.88,15.03,2640,39679,2196,37483,94.5,"Yes",2256,"Moneylender","On-farm store",25.4,"Processor",3.9,2.7,"Yes","No","Medium"
"GAHS-F1182","Northern",10.0895,-1.0986,"Male",34,"None",10,21,5.5,"Communal","Cowpea","No","None","Good",949,"Yes","Minor",2022,"Yes",92.7,"No","Yes",2,"Yes",3.17,17.43,5683,99055,3023,96032,95,"Yes",3906,"MFI","No storage",23.2,"Farmgate",8.4,2.9,"Yes","No","Medium"
"GAHS-F1183","Northern",9.1422,-0.3064,"Male",51,"JHS",3,32,2.32,"Leased","Sorghum","Yes","Poultry","Excellent",661,"Yes","Minor",2021,"No",0,"Yes","Yes",1,"No",3.34,7.75,3226,25002,1079,23923,95,"No",NA,"None","Warehouse",8.6,"Regional market",61.3,5,"Yes","No","Medium"
"GAHS-F1184","Eastern",5.9959,0.1361,"Female",36,"SHS",5,25,4.31,"Communal","Cassava","No","None","Good",2114,"Yes","Major",2021,"No",0,"No","No",3,"No",1.75,7.54,4629,34903,1896,33007,94.6,"No",NA,"None","No storage",19.2,"Local market",16.7,2.5,"Yes","No","Low"
"GAHS-F1185","Upper East",11.2352,-0.3879,"Female",51,"SHS",6,31,0.55,"Owned","Maize","Yes","Goat/Sheep","Moderate",860,"Yes","Minor",2021,"No",0,"Yes","No",2,"No",2.52,1.39,1659,2306,100,2206,95,"Yes",5192,"SACCO","Rented silo",10.9,"Regional market",2.8,3.2,"Yes","No","Low"
"GAHS-F1186","Ashanti",6.6229,-1.0913,"Male",37,"Primary",5,20,4.03,"Leased","Oil Palm","No","None","Moderate",1606,"Yes","Major",2023,"No",0,"No","No",3,"Yes",1.88,7.58,4396,33322,NA,NA,95,"No",NA,"None","Rented silo",NA,"Exporter",16.4,3.2,"Yes","Yes","Medium"
"GAHS-F1187","Ashanti",6.1202,-1.1073,"Female",43,"Primary",6,27,2.56,"Gift","Maize","No","None","Good",1080,"Yes","Major",2023,"No",0,"No","Yes",0,"Yes",3.15,8.06,2340,18860,902,17958,95,"Yes",2165,"Bank","No storage",20.5,"Local market",5.4,1.3,"Yes","Yes","Medium"
"GAHS-F1188","Upper West",10.675,-2.8551,"Female",39,"None",6,26,2.32,"Communal","Sorghum","Yes","Cattle","Poor",809,"Yes","Major",2023,"No",0,"No","No",3,"No",1.85,4.29,1566,6718,730,5988,89.1,"Yes",1472,"SACCO","On-farm store",1.4,"Cooperative",15.3,3.9,"Yes","No","Low"
"GAHS-F1189","Eastern",6.2975,-0.8695,"Male",24,"Tertiary",10,5,3.5,"Sharecrop","Cocoa","Yes","Mixed","Excellent",1750,"Yes","Minor",2021,"No",0,"No","No",1,"No",1.18,4.13,2637,10891,1465,9426,86.5,"No",NA,"None","No storage",NA,"Exporter",0.7,4.8,"Yes","No","Low"
"GAHS-F1190","Ashanti",7.0472,-2.1707,"Male",57,"Primary",5,39,0.48,"Sharecrop","Cocoa","No","None","Good",1357,"No","Minor",2021,"Yes",61.8,"Yes","No",2,"No",3.8,1.82,1451,2641,379,2262,85.6,"No",NA,"None","On-farm store",11.5,"Regional market",8.3,3,"Yes","No","Medium"
"GAHS-F1191","Oti",7.2515,0.2813,"Male",48,"Primary",6,31,2.22,"Communal","Tomato","Yes","Cattle","Poor",767,"No","Minor",2023,"No",0,"No","Yes",5,"No",NA,6.06,5013,30379,825,29554,95,"No",NA,"None","On-farm store",8.3,"Processor",16.9,2.4,"Yes","No","Medium"
"GAHS-F1192","Bono",7.9415,-2.3872,"Female",40,"None",10,23,1.45,"Sharecrop","Yam","No","None","Poor",812,"Yes","Minor",2023,"Yes",79.5,"No","No",2,"Yes",4.33,6.28,958,6016,784,5232,87,"Yes",2391,"MFI","Rented silo",24.8,"Farmgate",NA,3,"Yes","No","Medium"
"GAHS-F1193","Upper West",9.9851,-3.0618,"Male",31,"JHS",8,17,1.46,"Leased","Cowpea","Yes","Pig","Good",1092,"No","Minor",2023,"Yes",70.1,"No","No",4,"Yes",2.72,3.97,1308,5193,709,4484,86.3,"No",NA,"None","No storage",36.8,"Farmgate",43.8,4.4,"Yes","No","Medium"
"GAHS-F1194","Western",5.4112,-1.6966,"Male",39,"SHS",10,20,0.44,"Leased","Cassava","Yes","Cattle","Excellent",1244,"No","Minor",2022,"No",0,"Yes","No",0,"Yes",NA,1.43,3051,4363,100,4263,95,"No",NA,"None","On-farm store",9.4,"Farmgate",8.8,5.2,"Yes","No","Medium"
"GAHS-F1195","Northern",9.9725,-0.4057,"Male",35,"JHS",5,21,1.9,"Leased","Groundnut","No","None","Excellent",891,"Yes","Minor",2023,"Yes",60.1,"No","Yes",6,"Yes",NA,7.45,1189,8858,958,7900,89.2,"No",NA,"None","Rented silo",21.7,"Local market",12.1,NA,"Yes","Yes","High"
"GAHS-F1196","Ahafo",7.0005,-2.2458,"Male",43,"Primary",8,23,7.6,"Communal","Plantain","No","None","Good",1073,"No","Minor",2021,"No",0,"No","No",1,"No",1.8,13.68,814,11136,3027,8109,72.8,"No",NA,"None","Warehouse",6.9,"Regional market",17.5,4.5,"Yes","No","Low"
"GAHS-F1197","Northern",9.2472,-1.4115,"Male",65,"None",6,49,2.37,"Sharecrop","Groundnut","Yes","Poultry","Poor",715,"Yes","Minor",2023,"Yes",127.7,"No","Yes",3,"No",3.97,9.41,1367,12863,1427,11436,88.9,"Yes",677,"Family","No storage",20.1,"Local market",4,3.8,"Yes","No","Medium"
"GAHS-F1198","Eastern",6.8906,-0.2039,"Female",59,"SHS",7,42,2.41,"Owned","Oil Palm","Yes","Goat/Sheep","Moderate",1672,"Yes","Major",2023,"Yes",44.6,"No","Yes",1,"No",2.48,5.98,1192,7128,938,NA,86.8,"No",NA,"None","No storage",40.7,"Exporter",9.1,2.9,"Yes","No","Medium"
"GAHS-F1199","Savannah",8.7019,-1.4991,"Male",62,"None",3,43,21.87,"Owned","Maize","Yes","Poultry","Excellent",972,"Yes","Minor",2023,"No",0,"No","Yes",2,"Yes",3.49,76.33,2343,178841,8595,170246,95,"No",NA,"None","Rented silo",23.5,"Exporter",26.3,4.7,"Yes","No","Medium"
"GAHS-F1200","Ahafo",6.4993,-2.4176,"Male",60,"JHS",1,41,1.12,"Owned","Cocoa","No","None","Good",1451,"No","Minor",2021,"Yes",138.2,"No","Yes",5,"Yes",NA,5.2,1187,6172,1019,5153,83.5,"No",NA,"None","No storage",10,"Farmgate",14.2,5.4,"Yes","No","High"
"GAHS-F1201","Northern",9.0987,-0.3692,"Female",43,"SHS",3,25,2.03,"Communal","Maize","No","None","Poor",1293,"No","Minor",2022,"Yes",77.7,"Yes","Yes",2,"Yes",3.36,6.82,1864,12712,989,11723,92.2,"Yes",3004,"Moneylender","On-farm store",17.7,"Local market",17.3,6.5,"Yes","Yes","High"
"GAHS-F1202","Volta",7.6366,1.0052,"Male",47,"Primary",7,27,4.13,"Owned","Cassava","Yes","Mixed","Poor",943,"Yes","Minor",2022,"No",0,"No","Yes",1,"No",4.09,16.89,2298,38813,1532,37281,95,"No",NA,"None","No storage",17.2,"Processor",5.9,2.8,"Yes","No","Low"
"GAHS-F1203","Upper East",10.8879,-0.5552,"Male",39,"Primary",3,20,2.05,"Owned","Groundnut","No","None","Good",1098,"No","Major",2021,"Yes",146.4,"Yes","No",1,"No",4.25,8.71,5082,44264,1093,43171,95,"No",NA,"None","On-farm store",31.2,"Farmgate",15.5,5.6,"Yes","No","Medium"
"GAHS-F1204","Upper East",10.9298,-0.6012,"Female",35,"JHS",6,17,19.99,"Owned","Maize","Yes","Cattle","Poor",860,"No","Major",2023,"No",0,"No","Yes",1,"No",3.65,72.96,2171,NA,7822,150574,95,"Yes",6255,"Moneylender","No storage",24.7,"Cooperative",2.5,4.4,"Yes","No","Low"
"GAHS-F1205","Upper East",10.5063,-0.3092,"Male",54,"SHS",7,35,4.39,"Communal","Maize","Yes","Pig","Moderate",783,"No","Major",2022,"No",0,"No","No",1,"No",NA,9.26,1016,9408,1753,7655,81.4,"No",NA,"None","Warehouse",7.4,"Farmgate",10.1,6,"Yes","No","Low"
"GAHS-F1206","Volta",7.5017,-0.088,"Male",43,"JHS",9,26,7.98,"Leased","Cassava","Yes","Cattle","Good",1006,"No","Minor",2021,"Yes",71,"No","No",2,"Yes",2.37,18.91,1517,28686,3966,24720,86.2,"No",NA,"None","No storage",28.6,"Farmgate",5.2,7.3,"Yes","No","Medium"
"GAHS-F1207","Bono East",7.5494,-1.6459,"Male",37,"JHS",1,23,1.95,"Owned","Yam","Yes","Poultry","Moderate",778,"Yes","Minor",2021,"Yes",142.6,"No","No",4,"No",4.07,7.94,695,5518,1182,4336,78.6,"No",NA,"None","No storage",28.8,"Local market",6.6,5.2,"Yes","No","Medium"
"GAHS-F1208","Bono East",7.7378,-2.1488,"Male",45,"Primary",6,29,1.63,"Gift","Rice","Yes","Mixed","Moderate",935,"Yes","Major",2021,"No",0,"No","Yes",2,"Yes",2.86,4.66,1524,7102,818,6284,88.5,"No",NA,"None","On-farm store",9.2,"Local market",12.5,4,"Yes","No","Medium"
"GAHS-F1209","Oti",7.6827,0.836,"Male",52,"None",6,34,3.19,"Owned","Pepper","Yes","Poultry","Good",874,"No","Minor",2022,"Yes",43.7,"No","No",3,"No",1.36,4.34,3891,16887,1504,15383,91.1,"No",NA,"None","No storage",20.9,"Regional market",8.8,NA,"Yes","No","Medium"
"GAHS-F1210","North East",10.7206,-0.1962,"Male",66,"Tertiary",6,46,1.62,"Communal","Groundnut","Yes","Goat/Sheep","Moderate",850,"Yes","Major",2023,"Yes",101.7,"No","No",2,"No",1.67,2.71,1633,4425,894,3531,79.8,"No",NA,"None","Warehouse",24.8,"Cooperative",13.1,7.3,"Yes","No","Low"
"GAHS-F1211","Upper East",10.5759,-1.4491,"Male",50,"Tertiary",4,25,0.7,"Communal","Maize","Yes","Cattle","Moderate",1015,"Yes","Minor",2022,"No",0,"No","No",2,"No",2.62,1.83,859,1572,311,1261,80.2,"No",NA,"None","No storage",15.1,"Farmgate",52.9,5,"Yes","No","Low"
"GAHS-F1212","Ahafo",7.5013,-2.2644,"Female",61,"Primary",4,47,2.37,"Owned","Oil Palm","No","None","Good",1769,"Yes","Major",2022,"No",0,"No","No",3,"No",1.49,3.53,3638,12842,930,11912,92.8,"No",NA,"None","Warehouse",25.6,"Farmgate",6,5.3,"Yes","No","Low"
"GAHS-F1213","Greater Accra",5.1144,-0.4529,"Female",46,"SHS",3,24,0.95,"Gift","Pepper","No","None","Moderate",771,"Yes","Minor",2021,"Yes",7,"Yes","Yes",5,"No",3.85,3.66,696,2547,280,2267,89,"Yes",888,"Moneylender","No storage",22.5,"Local market",14.3,2.2,"Yes","No","High"
"GAHS-F1214","Volta",7.3104,0.798,"Female",67,"JHS",8,48,1.07,"Leased","Tomato","No","None","Good",884,"No","Major",2021,"No",0,"No","No",3,"Yes",1.92,2.05,1476,3026,464,2562,84.6,"No",NA,"None","No storage",3.3,"Regional market",4.7,6.1,"Yes","No","Medium"
"GAHS-F1215","Bono East",7.8433,-1.9988,"Male",44,"SHS",9,24,0.76,"Owned","Rice","Yes","Poultry","Poor",738,"No","Major",2022,"Yes",91.6,"No","No",3,"No",3.89,2.96,1313,3886,665,3221,82.9,"No",NA,"None","No storage",NA,"Processor",1.5,5.3,"Yes","No","Medium"
"GAHS-F1216","Bono",7.5184,-2.1426,"Female",53,"Primary",6,31,6.12,"Leased","Yam","Yes","Pig","Moderate",677,"No","Major",2023,"No",0,"Yes","Yes",2,"No",4.48,27.42,1350,37017,2323,34694,93.7,"No",NA,"None","On-farm store",25.8,"Farmgate",4.5,5.8,"Yes","No","Medium"
"GAHS-F1217","Northern",9.1755,-0.3448,"Female",60,"JHS",3,44,1.81,"Sharecrop","Maize","Yes","Pig","Moderate",1015,"No","Minor",2022,"No",0,"No","Yes",0,"No",1.2,2.17,1604,NA,797,2684,77.1,"Yes",2281,"MFI","Rented silo",6.7,"Farmgate",38.5,3.4,"Yes","No","Low"
"GAHS-F1218","Bono East",7.6161,-1.2313,"Male",46,"JHS",5,29,0.74,"Owned","Tomato","No","None","Moderate",584,"No","Major",2022,"No",0,"No","No",2,"No",2.28,1.69,2166,3661,611,3050,83.3,"No",NA,"None","On-farm store",25.3,"Local market",0.7,5.2,"Yes","No","Low"
"GAHS-F1219","Bono",7.1124,-2.3372,"Male",34,"SHS",1,20,2.87,"Owned","Maize","No","None","Good",1451,"No","Major",2022,"Yes",90.9,"No","No",3,"No",2.17,6.23,2322,14466,1591,12875,89,"No",NA,"None","Rented silo",20.8,"Farmgate",5.5,4.1,"Yes","No","Medium"
"GAHS-F1220","Eastern",6.821,0.0096,"Male",35,"SHS",3,11,1.71,"Leased","Yam","No","None","Good",1772,"Yes","Minor",2021,"Yes",63.3,"Yes","No",3,"No",3.77,6.45,1483,9565,883,8682,90.8,"No",NA,"None","On-farm store",6.9,"Exporter",5.4,1.4,"Yes","No","Medium"
"GAHS-F1221","Bono East",8.3475,-1.4463,"Female",41,"JHS",5,25,8.11,"Communal","Tomato","Yes","Pig","Good",854,"No","Major",2022,"Yes",118.9,"No","No",8,"No",2.44,19.79,862,17059,4933,12126,71.1,"No",NA,"None","No storage",NA,"Local market",14.5,3.2,"Yes","No","Medium"
"GAHS-F1222","Western",5.1178,-1.5003,"Male",39,"Primary",2,19,4.53,"Leased","Cassava","Yes","Mixed","Moderate",1577,"Yes","Major",2022,"No",0,"Yes","No",1,"No",2.78,12.59,2241,28214,1758,NA,93.8,"No",NA,"None","No storage",23.3,"Processor",6.9,4.5,"Yes","No","Low"
"GAHS-F1223","Upper East",10.5078,-1.4225,"Male",43,"Tertiary",3,27,19.54,"Owned","Yam","Yes","Cattle","Poor",1257,"No","Major",2022,"No",0,"No","Yes",2,"No",3.33,65.07,1121,72943,7594,65349,89.6,"No",NA,"None","Warehouse",6.1,"Local market",6.2,0.9,"Yes","No","Low"
"GAHS-F1224","North East",11.1263,-1.0045,"Male",31,"JHS",1,16,1.03,"Sharecrop","Groundnut","Yes","Mixed","Good",1055,"Yes","Minor",2021,"No",0,"No","No",0,"Yes",1.72,1.77,5543,9811,523,9288,94.7,"No",NA,"None","No storage",12.8,"Farmgate",25.9,1.6,"Yes","No","Low"
"GAHS-F1225","Oti",8.2185,0.0959,"Male",40,"SHS",6,24,2.36,"Communal","Maize","Yes","Mixed","Moderate",861,"No","Major",2021,"Yes",47.4,"No","Yes",2,"Yes",2.7,6.37,4411,28098,1121,26977,95,"Yes",5863,"Moneylender","On-farm store",16.8,"Local market",3.2,2.8,"Yes","No","Medium"
"GAHS-F1226","Volta",7.3149,0.4644,"Female",28,"JHS",3,13,7.35,"Leased","Rice","Yes","Poultry","Moderate",1259,"No","Minor",2022,"Yes",59,"No","No",3,"No",1.31,9.63,1859,17902,3827,14075,78.6,"No",NA,"None","On-farm store",15.7,"Farmgate",0.7,4.3,"Yes","No","Medium"
"GAHS-F1227","Western",4.6696,-1.7504,"Female",50,"Primary",8,28,2.81,"Sharecrop","Maize","Yes","Cattle","Poor",1895,"Yes","Major",2023,"Yes",87.8,"No","Yes",2,"Yes",3.41,9.58,1258,12052,1575,10477,86.9,"No",NA,"None","No storage",26.8,"Processor",5,4.7,"Yes","No","Medium"
"GAHS-F1228","Bono East",7.5304,-1.8361,"Female",62,"Tertiary",8,42,2.14,"Communal","Cassava","Yes","Goat/Sheep","Moderate",1126,"No","Major",2021,"No",0,"No","No",2,"No",3.24,6.93,755,5232,965,4267,81.5,"Yes",1004,"Bank","No storage",26.3,"Processor",3.3,2.5,"Yes","No","Low"
"GAHS-F1229","Eastern",6.0348,-0.8922,"Female",33,"JHS",3,14,2.07,"Owned","Plantain","Yes","Goat/Sheep","Moderate",2142,"No","Minor",2021,"Yes",42.8,"No","Yes",3,"Yes",3.5,7.24,1174,8500,1098,7402,87.1,"Yes",1320,"MFI","No storage",9,"Farmgate",2.3,4.7,"Yes","Yes","High"
"GAHS-F1230","Oti",7.2787,-0.17,"Female",30,"Primary",4,12,5,"Leased","Maize","Yes","Poultry","Poor",514,"No","Minor",2023,"No",0,"No","Yes",0,"No",3.3,16.5,1305,21532,2018,19514,90.6,"No",NA,"None","Warehouse",12.2,"Farmgate",8.2,5.8,"Yes","No","Low"
"GAHS-F1231","Western North",6.9156,-2.8186,"Female",54,"JHS",6,34,2.85,"Sharecrop","Cocoa","Yes","Goat/Sheep","Excellent",1332,"No","Minor",2022,"Yes",81.9,"No","No",5,"Yes",3.21,9.15,5091,46583,1722,44861,95,"No",NA,"None","No storage",18.6,"Local market",2.3,NA,"Yes","No","Medium"
"GAHS-F1232","Central",5.2759,-1.7175,"Male",25,"SHS",6,8,3.88,"Gift","Plantain","Yes","Poultry","Moderate",1497,"Yes","Major",2021,"Yes",67.7,"Yes","No",2,"No",3.61,14.01,1103,15453,2008,13445,87,"No",NA,"None","On-farm store",18.3,"Regional market",2.2,2,"Yes","No","Medium"
"GAHS-F1233","Ashanti",7.1435,-1.9903,"Male",35,"None",3,18,0.78,"Leased","Oil Palm","No","None","Excellent",1192,"No","Minor",2021,"Yes",109.1,"No","No",1,"No",2.48,1.93,1308,2524,304,NA,87.9,"No",NA,"None","No storage",18.4,"Regional market",21.5,6.2,"Yes","No","Low"
"GAHS-F1234","Bono",8.1138,-2.4855,"Female",62,"SHS",5,46,4.24,"Gift","Maize","No","None","Excellent",674,"Yes","Minor",2022,"No",0,"No","No",2,"Yes",1.92,8.14,2009,16353,1568,14785,90.4,"No",NA,"None","Warehouse",13.3,"Farmgate",0.5,4,"Yes","Yes","Low"
"GAHS-F1235","Ashanti",6.2296,-1.8069,"Male",33,"JHS",4,13,7.74,"Owned","Cassava","Yes","Mixed","Moderate",1401,"No","Major",2023,"No",0,"No","No",2,"Yes",NA,13.93,2148,29922,3249,26673,89.1,"No",NA,"None","Warehouse",5.7,"Farmgate",10.1,2.7,"Yes","Yes","Low"
"GAHS-F1236","Central",6.0731,-1.3162,"Male",37,"JHS",6,19,1.05,"Owned","Plantain","Yes","Poultry","Excellent",1497,"No","Major",2022,"Yes",49.6,"No","No",3,"No",3.4,3.57,2427,8664,304,8360,95,"No",NA,"None","Warehouse",28.6,"Processor",2.5,3.5,"Yes","No","Medium"
"GAHS-F1237","Savannah",8.5942,-1.8371,"Male",26,"None",5,6,5.87,"Owned","Groundnut","No","None","Moderate",1101,"Yes","Major",2021,"Yes",72.5,"Yes","No",0,"No",4.76,27.94,3310,92481,2999,89482,95,"No",NA,"None","Rented silo",18.9,"Regional market",18.1,2.1,"Yes","No","Medium"
"GAHS-F1238","Bono",8.0629,-2.45,"Male",64,"JHS",6,48,0.69,"Leased","Yam","Yes","Poultry","Moderate",933,"Yes","Major",2022,"No",0,"No","No",1,"Yes",2.6,1.79,4600,8234,280,7954,95,"Yes",3930,"MFI","No storage",26.9,"Local market",3.3,5.9,"Yes","No","Low"
"GAHS-F1239","Eastern",7.0666,-0.3899,"Male",60,"None",6,36,1.39,"Sharecrop","Oil Palm","Yes","Goat/Sheep","Poor",1810,"No","Major",2022,"No",0,"No","Yes",1,"No",2.72,3.78,748,2827,796,2031,71.8,"No",NA,"None","On-farm store",18.6,"Farmgate",1.3,4.1,"Yes","No","Low"
"GAHS-F1240","Bono East",8.3113,-1.0697,"Male",44,"Tertiary",5,28,6.61,"Communal","Maize","No","None","Poor",685,"No","Major",2022,"Yes",17.8,"No","No",4,"No",3.12,20.62,1536,31672,2757,28915,91.3,"No",NA,"None","No storage",9.7,"Regional market",11.5,4.5,"Yes","Yes","Medium"
"GAHS-F1241","Central",5.8349,-1.7162,"Male",49,"None",2,30,2.74,"Owned","Cassava","Yes","Pig","Poor",1522,"No","Major",2022,"Yes",73,"No","No",3,"No",4.23,11.59,889,10304,1506,8798,85.4,"Yes",2987,"MFI","No storage",30.1,"Regional market",6.3,5.1,"Yes","No","Medium"
"GAHS-F1242","North East",10.8872,0.2832,"Male",36,"SHS",3,18,1.13,"Communal","Cowpea","No","None","Excellent",775,"Yes","Minor",2022,"No",0,"No","Yes",1,"No",3.13,3.54,1928,6825,260,6565,95,"No",NA,"None","Rented silo",35.3,"Farmgate",8.2,4.9,"Yes","No","Low"
"GAHS-F1243","Central",5.2412,-0.962,"Female",33,"SHS",5,12,9.18,"Sharecrop","Cocoa","Yes","Poultry","Good",1615,"Yes","Major",2023,"No",0,"Yes","Yes",7,"No",2.17,19.92,2233,44481,3488,40993,92.2,"No",NA,"None","Warehouse",29.8,"Farmgate",0.5,4,"Yes","No","Medium"
"GAHS-F1244","Volta",6.5949,0.6661,"Male",56,"SHS",3,35,3.85,"Leased","Yam","No","None","Poor",1152,"No","Major",2021,"Yes",113.1,"Yes","Yes",1,"Yes",4.15,15.98,2293,36642,NA,34153,93.2,"No",NA,"None","On-farm store",13.9,"Farmgate",1,3.2,"Yes","No","High"
"GAHS-F1245","Western",5.1675,-2.3593,"Male",33,"SHS",9,18,1.58,"Leased","Plantain","Yes","Poultry","Moderate",1562,"No","Minor",2022,"No",0,"No","No",3,"No",2.88,4.55,2382,10838,NA,10423,95,"No",NA,"None","No storage",18.2,"Regional market",2.1,3.7,"Yes","Yes","Low"
"GAHS-F1246","Bono",7.4294,-2.2665,"Male",47,"Primary",2,27,1.56,"Owned","Cassava","Yes","Cattle","Good",1006,"No","Major",2022,"Yes",47.4,"No","No",1,"Yes",1.24,1.93,2653,5120,750,4370,85.3,"Yes",693,"SACCO","Warehouse",10.2,"Local market",14.4,5.1,"Yes","No","Medium"
"GAHS-F1247","Northern",9.9903,-0.9434,"Male",43,"Primary",1,29,0.98,"Communal","Groundnut","Yes","Goat/Sheep","Poor",986,"Yes","Minor",2023,"No",0,"No","Yes",1,"No",2.46,2.41,906,2183,100,NA,95,"No",NA,"None","On-farm store",10.9,"Local market",36,3.5,"Yes","No","Low"
"GAHS-F1248","Bono East",8.4546,-1.1533,"Female",39,"SHS",6,19,1.96,"Sharecrop","Cassava","Yes","Mixed","Poor",1020,"No","Major",2022,"Yes",65.9,"No","No",3,"No",2.15,4.21,1598,6728,1051,5677,84.4,"Yes",691,"Moneylender","No storage",8.2,"Farmgate",0.5,3.6,"Yes","No","Medium"
"GAHS-F1249","Bono",7.551,-2.8851,"Male",39,"Primary",6,23,3.48,"Leased","Tomato","Yes","Goat/Sheep","Good",521,"No","Minor",2023,"No",0,"No","No",3,"No",1.3,4.52,1917,8665,1208,7457,86,"No",NA,"None","On-farm store",8.3,"Farmgate",9.8,4.8,"Yes","No","Low"
"GAHS-F1250","Oti",8.0394,-0.2776,"Female",44,"SHS",6,28,0.46,"Sharecrop","Cassava","Yes","Goat/Sheep","Moderate",794,"Yes","Major",2021,"No",0,"Yes","Yes",2,"Yes",3.43,1.58,2059,3253,100,3153,95,"Yes",1931,"Bank","No storage",19.1,"Exporter",20.5,2.7,"Yes","No","Medium"
"GAHS-F1251","Bono East",7.8153,-1.451,"Male",33,"Primary",7,17,2.39,"Owned","Maize","Yes","Mixed","Excellent",899,"No","Major",2023,"No",0,"No","No",2,"No",2.29,5.47,1325,7248,998,6250,86.2,"Yes",569,"Family","No storage",25.4,"Farmgate",0.5,4,"Yes","No","Low"
"GAHS-F1252","Savannah",8.4586,-1.4119,"Male",65,"Primary",4,50,1.77,"Communal","Maize","No","None","Moderate",NA,"No","Minor",2023,"Yes",146.8,"No","No",5,"Yes",2.49,4.41,1142,5036,677,4359,86.5,"No",NA,"None","On-farm store",NA,"Local market",35.8,3.3,"Yes","No","Medium"
"GAHS-F1253","North East",10.5599,-0.3445,"Female",54,"JHS",3,28,4.47,"Communal","Cowpea","Yes","Pig","Moderate",1285,"Yes","Major",2022,"No",0,"No","Yes",2,"No",2.57,11.49,1534,17626,1959,15667,88.9,"No",NA,"None","On-farm store",15.2,"Farmgate",NA,4.7,"Yes","Yes","Low"
"GAHS-F1254","Ashanti",6.9099,-2.1839,"Female",53,"JHS",9,38,2.38,"Sharecrop","Cassava","Yes","Poultry","Poor",2049,"No","Minor",2022,"Yes",88.4,"No","No",2,"Yes",2.65,6.31,3073,19391,1413,17978,92.7,"No",NA,"None","Warehouse",8.8,"Farmgate",32.5,NA,"Yes","No","Medium"
"GAHS-F1255","Northern",9.5284,-1.3929,"Male",32,"SHS",5,15,3.91,"Leased","Cowpea","Yes","Cattle","Poor",1004,"No","Minor",2021,"No",0,"No","No",3,"Yes",0.69,2.7,2485,6710,1734,4976,74.1,"No",NA,"None","No storage",18.9,"Local market",6.9,3.4,"Yes","No","Medium"
"GAHS-F1256","Eastern",6.8333,-0.6289,"Male",70,"JHS",5,50,2.11,"Leased","Yam","Yes","Cattle","Good",2007,"No","Major",2023,"Yes",97.5,"No","No",3,"Yes",2.32,4.9,1444,7076,1274,5802,82,"Yes",2341,"Bank","On-farm store",14.7,"Farmgate",12.5,4,"Yes","No","Medium"
"GAHS-F1257","Northern",10.1123,-0.7296,"Male",35,"Primary",4,17,2.88,"Gift","Cowpea","No","None","Good",890,"No","Major",2023,"No",0,"No","Yes",2,"No",4.18,12.04,926,11149,954,10195,91.4,"No",NA,"None","No storage",NA,"Farmgate",3.8,4.2,"Yes","No","Low"
"GAHS-F1258","Upper East",11.2103,-0.4844,"Female",62,"Primary",4,45,3.63,"Sharecrop","Sorghum","Yes","Poultry","Good",757,"Yes","Major",2023,"Yes",33.5,"Yes","No",3,"No",NA,11.29,1842,20796,1897,18899,90.9,"No",NA,"None","No storage",23.5,"Regional market",28.4,4.3,"Yes","No","Medium"
"GAHS-F1259","Eastern",7.0512,-1.0952,"Female",50,"SHS",5,35,2.45,"Leased","Cassava","Yes","Pig","Good",1746,"No","Major",2022,"No",0,"No","No",2,"No",1.21,2.96,1155,3419,1030,2389,69.9,"No",NA,"None","On-farm store",13.6,"Farmgate",3.7,4.3,"Yes","No","Low"
"GAHS-F1260","Western",4.9111,-1.7573,"Female",41,"None",8,24,4.75,"Owned","Cocoa","Yes","Poultry","Good",1424,"Yes","Major",2022,"No",0,"No","Yes",1,"Yes",1.42,6.74,1209,8149,1939,6210,76.2,"No",NA,"None","On-farm store",4.9,"Regional market",2,4.9,"Yes","No","Medium"
"GAHS-F1261","Northern",9.4883,-0.8576,"Male",41,"SHS",5,23,0.35,"Communal","Groundnut","Yes","Goat/Sheep","Moderate",909,"Yes","Major",2022,"No",0,"No","No",1,"No",1.27,0.44,2601,1144,113,1031,90,"Yes",2675,"Bank","No storage",30.4,"Regional market",12.5,5.3,"Yes","No","Low"
"GAHS-F1262","Bono",7.9584,-2.7821,"Male",48,"Primary",2,28,8.11,"Sharecrop","Pepper","Yes","Pig","Excellent",1117,"Yes","Major",2021,"Yes",36.6,"No","Yes",4,"No",3.11,25.22,1506,37981,3944,34037,89.6,"No",NA,"None","No storage",23.1,"Farmgate",4.8,5.8,"Yes","No","Medium"
"GAHS-F1263","Northern",9.2024,-0.2571,"Female",38,"SHS",3,20,1.52,"Communal","Sorghum","Yes","Goat/Sheep","Good",1119,"Yes","Major",2021,"No",0,"Yes","No",0,"No",1.53,2.33,1308,3048,517,2531,83,"No",NA,"None","No storage",24.3,"Farmgate",19.3,5,"Yes","No","Low"
"GAHS-F1264","Savannah",8.8005,-1.6186,"Male",53,"Primary",1,36,4.6,"Sharecrop","Groundnut","Yes","Poultry","Good",635,"Yes","Major",2022,"Yes",83.3,"No","Yes",1,"No",2.58,11.87,721,8558,2894,5664,66.2,"No",NA,"None","No storage",15.9,"Farmgate",17.1,4.4,"Yes","No","Medium"
"GAHS-F1265","Upper East",11.0227,-0.3258,"Male",37,"Primary",1,26,3.21,"Communal","Maize","Yes","Poultry","Moderate",764,"No","Minor",2023,"No",0,"No","No",2,"No",1.23,3.95,620,2449,1105,NA,54.9,"Yes",3093,"SACCO","On-farm store",18.9,"Farmgate",53.3,5.1,"Yes","No","Low"
"GAHS-F1266","Oti",7.7975,-0.0715,"Female",47,"JHS",8,27,3.82,"Owned","Yam","Yes","Goat/Sheep","Good",837,"No","Major",2022,"No",0,"No","No",0,"No",1.77,6.76,2184,14764,1357,13407,90.8,"No",NA,"None","No storage",31.2,"Regional market",7,3.7,"Yes","No","Low"
"GAHS-F1267","Upper East",10.9259,-0.929,"Male",29,"JHS",4,7,2.8,"Communal","Sorghum","Yes","Pig","Poor",1015,"Yes","Minor",2021,"Yes",145.3,"No","Yes",3,"Yes",2.94,8.23,1698,13975,1582,12393,88.7,"No",NA,"None","On-farm store",NA,"Processor",24.9,2,"Yes","No","High"
"GAHS-F1268","Bono",7.2288,-2.1076,"Male",49,"SHS",5,28,1.5,"Leased","Maize","Yes","Pig","Good",1458,"No","Minor",2023,"Yes",75.9,"No","No",2,"Yes",1.11,1.67,1211,2022,709,1313,64.9,"Yes",1686,"Moneylender","On-farm store",18.8,"Processor",3.8,4.6,"Yes","No","Medium"
"GAHS-F1269","Greater Accra",6.1392,-0.8061,"Female",31,"JHS",4,13,0.91,"Communal","Yam","Yes","Goat/Sheep","Excellent",692,"No","Major",2021,"No",0,"No","No",2,"No",0.86,0.78,1464,1142,101,1041,91.1,"No",NA,"None","Rented silo",NA,"Local market",0.9,2.4,"Yes","No","Low"
"GAHS-F1270","Bono",8.169,-2.8912,"Female",63,"Primary",7,48,0.83,"Leased","Cassava","Yes","Cattle","Good",714,"No","Major",2022,"No",0,"Yes","No",3,"No",1.77,1.47,4867,7154,494,6660,93.1,"No",NA,"None","On-farm store",10.5,"Local market",8.8,5.7,"Yes","No","Medium"
"GAHS-F1271","Savannah",9.5154,-2.0985,"Male",68,"JHS",2,50,1.97,"Leased","Groundnut","Yes","Poultry","Good",822,"Yes","Minor",2022,"No",0,"No","Yes",1,"Yes",1.38,2.72,3481,9468,934,8534,90.1,"No",NA,"None","On-farm store",21.2,"Processor",31.4,6,"Yes","No","Medium"
"GAHS-F1272","Bono",7.3027,-2.9354,"Male",55,"SHS",6,38,6.67,"Owned","Maize","Yes","Poultry","Moderate",811,"No","Minor",2021,"Yes",113.9,"Yes","No",3,"No",3.33,22.21,3932,87330,4434,82896,94.9,"No",NA,"None","No storage",25,"Local market",1.5,4.6,"Yes","No","Medium"
"GAHS-F1273","Upper East",10.8722,-0.5243,"Female",29,"JHS",3,3,9.98,"Communal","Sorghum","No","None","Good",617,"Yes","Major",2021,"No",0,"No","No",3,"Yes",2.82,28.14,2669,75106,4213,70893,94.4,"No",NA,"None","No storage",7,"Local market",76.6,4.5,"Yes","No","Medium"
"GAHS-F1274","Bono East",8.2356,-1.5187,"Male",46,"Primary",1,30,1.8,"Gift","Pepper","Yes","Poultry","Moderate",638,"Yes","Minor",2021,"No",0,"No","No",2,"No",2.92,5.26,1625,8548,708,7840,91.7,"No",NA,"None","On-farm store",14.9,"Regional market",11.6,5,"Yes","No","Low"
"GAHS-F1275","Bono East",7.8093,-1.8709,"Female",66,"SHS",6,50,1.76,"Owned","Yam","No","None","Moderate",984,"No","Minor",2023,"Yes",5,"No","Yes",2,"No",2.76,4.86,4788,23270,677,22593,95,"Yes",1155,"Moneylender","On-farm store",20.3,"Local market",4.4,3.6,"Yes","No","Medium"
"GAHS-F1276","Eastern",6.8458,-0.4755,"Male",52,"JHS",5,34,1.81,"Owned","Oil Palm","No","None","Poor",1420,"No","Major",2022,"Yes",60,"No","Yes",4,"No",2.24,4.05,932,3775,1204,2571,68.1,"No",NA,"None","No storage",36.2,"Processor",27.6,4.6,"Yes","No","Medium"
"GAHS-F1277","Northern",9.687,-0.8825,"Male",54,"None",5,40,0.57,"Leased","Sorghum","Yes","Cattle","Moderate",886,"Yes","Minor",2022,"Yes",96.5,"No","No",3,"No",NA,1.5,595,892,218,674,75.5,"Yes",2672,"Bank","On-farm store",23.4,"Farmgate",15.8,4,"Yes","No","Medium"
"GAHS-F1278","Northern",8.9804,-0.7344,"Male",54,"Primary",7,36,1.11,"Communal","Groundnut","Yes","Mixed","Poor",1029,"No","Major",2021,"No",NA,"No","No",1,"Yes",2.57,2.85,1390,3962,350,3612,91.1,"No",NA,"None","No storage",22.6,"Farmgate",0.7,5,"Yes","No","Low"
"GAHS-F1279","Volta",6.6611,0.463,"Male",31,"None",6,12,2.39,"Leased","Maize","No","None","Good",935,"Yes","Major",2023,"Yes",72,"No","Yes",4,"Yes",2.92,6.98,682,4760,1147,3613,75.9,"No",NA,"None","No storage",11.8,"Exporter",3.6,4.1,"Yes","No","High"
"GAHS-F1280","Ashanti",6.3876,-1.1584,"Male",55,"Primary",7,37,0.56,"Leased","Plantain","Yes","Mixed","Good",1624,"Yes","Major",2021,"Yes",181.2,"No","No",0,"Yes",NA,1.09,3819,4163,419,3744,89.9,"No",NA,"None","Rented silo",26.6,"Farmgate",10,4.9,"Yes","No","Medium"
"GAHS-F1281","Ahafo",6.8376,-2.0996,"Male",31,"JHS",6,14,1.38,"Owned","Cassava","Yes","Poultry","Moderate",1853,"No","Major",2021,"Yes",59.2,"No","No",3,"Yes",3.28,4.53,1796,8136,698,7438,91.4,"No",NA,"None","On-farm store",17.7,"Farmgate",5.2,4.1,"Yes","No","Medium"
"GAHS-F1282","Ashanti",6.657,-1.1325,"Female",57,"JHS",1,34,2.55,"Owned","Yam","Yes","Poultry","Good",1502,"Yes","Major",2023,"Yes",158.9,"No","No",3,"No",2.77,7.06,1160,8190,1640,6550,80,"No",NA,"None","No storage",14.1,"Cooperative",2.3,3.5,"Yes","No","Medium"
"GAHS-F1283","Upper East",10.7312,-0.9701,"Male",49,"JHS",1,32,4.07,"Communal","Sorghum","Yes","Pig","Moderate",969,"No","Minor",2021,"Yes",66.4,"No","No",4,"No",2.7,10.99,3180,34948,2157,32791,93.8,"No",NA,"None","Warehouse",0,"Exporter",120,2.6,"Yes","No","Medium"
"GAHS-F1284","Upper East",10.927,-1.2503,"Female",67,"None",7,49,2.62,"Leased","Maize","Yes","Cattle","Good",648,"Yes","Major",2022,"Yes",37.7,"Yes","No",0,"No",NA,4.22,4595,19391,1328,18063,93.1,"No",NA,"None","No storage",20.3,"Farmgate",83.3,7.4,"Yes","No","Medium"
"GAHS-F1285","Central",5.2511,-1.3629,"Male",43,"SHS",4,21,2.37,"Leased","Yam","No","None","Poor",1733,"No","Major",2022,"No",0,"Yes","No",3,"No",2.56,6.07,2201,13360,927,12433,93.1,"No",NA,"None","On-farm store",17.9,"Farmgate",3.4,4.6,"Yes","No","Medium"
"GAHS-F1286","Western North",6.7622,-2.7231,"Female",37,"None",7,14,2.25,"Sharecrop","Cocoa","Yes","Goat/Sheep","Excellent",1373,"No","Major",2021,"No",0,"No","No",1,"Yes",1.63,3.67,2905,10661,945,9716,91.1,"Yes",1569,"Moneylender","On-farm store",15.2,"Farmgate",NA,5.3,"Yes","No","Low"
"GAHS-F1287","North East",10.2545,-0.3271,"Female",59,"None",5,42,9.89,"Sharecrop","Sorghum","No","None","Moderate",741,"No","Major",2022,"No",0,"Yes","No",2,"No",3.08,30.46,1031,31404,3987,27417,87.3,"No",NA,"None","Warehouse",2.5,"Exporter",20.9,5.3,"Yes","No","Low"
"GAHS-F1288","Ashanti",6.66,-1.9469,"Male",48,"SHS",4,32,4.98,"Communal","Cocoa","No","None","Poor",1185,"Yes","Major",2023,"Yes",77.6,"No","No",5,"No",3.46,17.23,1500,25845,2740,23105,89.4,"Yes",1437,"MFI","No storage",31.5,"Regional market",7.5,3.2,"Yes","No","Medium"
"GAHS-F1289","Western North",6.8757,-2.5746,"Female",37,"Primary",2,16,4.06,"Owned","Cassava","Yes","Goat/Sheep","Excellent",1613,"No","Minor",2023,"No",0,"No","No",4,"No",1.81,7.35,1001,7357,1727,5630,76.5,"No",NA,"None","On-farm store",23.8,"Exporter",14.4,1.4,"Yes","No","Low"
"GAHS-F1290","Northern",10.0451,-1.2738,"Female",47,"SHS",2,28,3.28,"Leased","Maize","Yes","Mixed","Moderate",695,"No","Major",2021,"No",0,"No","Yes",1,"No",NA,10.14,1629,16518,1309,15209,92.1,"No",NA,"None","Warehouse",16.8,"Regional market",58.2,5.4,"Yes","No","Low"
"GAHS-F1291","Upper West",9.7264,-3.0173,"Female",22,"Primary",6,2,6.34,"Communal","Maize","No","None","Good",762,"Yes","Major",2023,"No",0,"Yes","No",1,"Yes",4.23,26.82,4392,117793,2601,115192,95,"Yes",3047,"Moneylender","No storage",25.5,"Farmgate",NA,4,"Yes","No","Medium"
"GAHS-F1292","Bono",7.2642,-1.9525,"Female",47,"Primary",7,31,0.73,"Owned","Rice","No","None","Poor",1034,"Yes","Major",2021,"No",0,"No","No",2,"No",2.56,1.87,2833,5298,209,5089,95,"No",NA,"None","Warehouse",14.4,"Farmgate",0.7,3.7,"Yes","No","Low"
"GAHS-F1293","Ashanti",7.1776,-1.3219,"Female",49,"None",4,25,1.79,"Leased","Cassava","No","None","Good",1944,"Yes","Major",2023,"Yes",32.8,"No","No",1,"No",1.82,3.26,1299,4235,680,3555,83.9,"Yes",2221,"Moneylender","Rented silo",9.4,"Farmgate",3.6,2.6,"Yes","No","Low"
"GAHS-F1294","Upper East",10.3327,-0.4469,"Male",49,"JHS",9,29,5.62,"Communal","Sorghum","No","None","Excellent",832,"No","Major",2022,"Yes",29.6,"No","No",0,"No",2.35,13.21,820,10832,2594,8238,76,"No",NA,"None","On-farm store",22.9,"Farmgate",13.5,4,"Yes","No","Low"
"GAHS-F1295","Savannah",8.8939,-1.7361,"Male",50,"JHS",3,35,NA,"Owned","Sorghum","Yes","Poultry","Poor",858,"No","Minor",2022,"No",0,"No","No",1,"No",1.72,2.6,3123,8120,699,7421,91.4,"Yes",544,"MFI","No storage",NA,"Processor",44.6,2.2,"Yes","No","Low"
"GAHS-F1296","Western",5.487,-1.5517,"Female",35,"Primary",5,19,3.95,"Owned","Plantain","No","None","Moderate",1814,"No","Minor",2022,"Yes",158.6,"No","Yes",2,"No",3.82,15.09,1973,29773,2524,27249,91.5,"No",NA,"None","On-farm store",34,"Farmgate",7.2,5.8,"Yes","No","Medium"
"GAHS-F1297","Eastern",5.9269,-0.7884,"Female",46,"SHS",3,28,1.49,"Owned","Cocoa","Yes","Poultry","Moderate",1617,"No","Minor",2022,"Yes",87.4,"No","Yes",3,"Yes",1.08,1.61,2045,3292,686,2606,79.1,"No",NA,"None","On-farm store",NA,"Processor",15.1,3.1,"Yes","Yes","High"
"GAHS-F1298","Ahafo",6.8038,-2.7906,"Male",44,"SHS",7,21,6.53,"Leased","Plantain","No","None","Moderate",1792,"Yes","Minor",2021,"No",0,"No","Yes",2,"Yes",3.66,23.9,1402,33508,2508,31000,92.5,"No",NA,"None","On-farm store",12,"Local market",8.3,2.2,"Yes","No","Medium"
"GAHS-F1299","Volta",6.6922,-0.1648,"Male",47,"JHS",3,30,2.87,"Owned","Pepper","Yes","Pig","Excellent",1206,"Yes","Major",2021,"No",0,"No","No",0,"Yes",3.22,9.24,862,7965,1223,6742,84.6,"No",NA,"None","No storage",12.8,"Local market",4.3,5.4,"Yes","Yes","Low"
"GAHS-F1300","Ahafo",7.0227,-2.6237,"Male",62,"SHS",5,40,0.61,"Sharecrop","Oil Palm","No","None","Good",2105,"Yes","Major",2023,"Yes",17.5,"No","No",0,"No",3.25,1.98,2063,4085,146,3939,95,"No",NA,"None","No storage",31.7,"Farmgate",4,3.6,"Yes","No","Low"
"GAHS-F1301","Northern",9.473,-0.5076,"Male",53,"JHS",5,35,2.66,"Gift","Sorghum","No","None","Poor",857,"No","Minor",2022,"No",0,"No","Yes",1,"No",3.57,9.5,3601,34210,844,NA,95,"No",NA,"None","No storage",13.8,"Regional market",7.5,4.4,"Yes","No","Low"
"GAHS-F1302","Western",4.6266,-1.6526,"Female",41,"SHS",1,21,NA,"Owned","Plantain","Yes","Cattle","Good",1802,"No","Minor",2022,"No",0,"No","No",3,"Yes",2.12,7.14,880,6283,1436,4847,77.1,"No",NA,"None","No storage",18.3,"Farmgate",10.6,7,"Yes","Yes","Medium"
"GAHS-F1303","North East",10.4047,-0.3121,"Male",32,"SHS",6,13,2.59,"Leased","Maize","No","None","Good",1037,"Yes","Minor",2023,"Yes",67,"No","Yes",6,"No",2.61,6.76,2507,16947,1291,15656,92.4,"No",NA,"None","On-farm store",40.9,"Local market",16.7,6.8,"Yes","No","Medium"
"GAHS-F1304","Eastern",6.8228,-0.2316,"Female",65,"JHS",5,43,2.58,"Leased","Oil Palm","Yes","Goat/Sheep","Good",1285,"No","Major",2022,"No",0,"No","Yes",4,"No",NA,7.46,1213,NA,1009,8040,88.8,"Yes",2018,"Moneylender","No storage",28.2,"Farmgate",4.7,4.5,"Yes","Yes","Medium"
"GAHS-F1305","North East",10.7108,-0.0087,"Male",48,"Primary",2,29,2.49,"Communal","Maize","Yes","Pig","Poor",1062,"Yes","Minor",2021,"Yes",142.8,"No","No",2,"No",2.5,6.23,2573,16030,1669,14361,89.6,"No",NA,"None","No storage",23.2,"Local market",34.2,3.9,"Yes","No","Low"
"GAHS-F1306","Bono East",8.4127,-2.1523,"Male",45,"Primary",6,25,1.63,"Sharecrop","Yam","Yes","Poultry","Excellent",806,"No","Major",2021,"No",0,"No","No",2,"No",2.89,4.71,1216,5727,649,5078,88.7,"No",NA,"None","Warehouse",15.9,"Cooperative",9.9,5.1,"Yes","No","Low"
"GAHS-F1307","Upper West",10.5325,-1.9688,"Male",58,"JHS",8,37,5.32,"Owned","Maize","Yes","Goat/Sheep","Good",1023,"Yes","Major",2022,"Yes",109.2,"No","Yes",3,"No",2.21,11.76,1238,14559,3310,11249,77.3,"Yes",1501,"MFI","On-farm store",24.6,"Processor",0.7,2.2,"Yes","No","Medium"
"GAHS-F1308","Western North",6.07,-3.0726,"Male",44,"None",6,25,0.49,"Owned","Maize","Yes","Poultry","Excellent",1948,"Yes","Major",2022,"Yes",NA,"No","Yes",0,"No",2.69,1.32,5086,6714,198,6516,95,"No",NA,"None","No storage",19,"Regional market",8.6,4.3,"Yes","No","Medium"
"GAHS-F1309","Upper West",10.5173,-1.8512,"Male",29,"JHS",4,9,NA,"Leased","Cowpea","Yes","Cattle","Good",997,"Yes","Major",2022,"No",0,"Yes","Yes",0,"Yes",2.07,12.09,3235,39111,2348,36763,94,"Yes",932,"Family","Rented silo",21.9,"Farmgate",31,6.4,"Yes","No","Medium"
"GAHS-F1310","Upper East",11.308,-0.811,"Male",46,"JHS",5,34,1.47,"Owned","Maize","Yes","Mixed","Moderate",1096,"Yes","Minor",2022,"Yes",113,"Yes","No",1,"Yes",2.84,4.17,4250,17722,723,16999,95,"No",NA,"None","No storage",21.1,"Local market",17.6,5.2,"Yes","Yes","Medium"
"GAHS-F1311","Bono East",7.3318,-1.2503,"Male",46,"None",9,30,6.26,"Sharecrop","Cassava","No","None","Moderate",951,"Yes","Major",2022,"Yes",56,"No","Yes",6,"Yes",3.4,21.28,1123,23897,2911,NA,87.8,"Yes",6465,"MFI","Rented silo",NA,"Farmgate",17.8,6,"Yes","No","High"
"GAHS-F1312","Western",4.9271,-2.6157,"Female",33,"JHS",8,17,6.08,"Sharecrop","Cocoa","Yes","Pig","Good",1924,"No","Minor",2022,"Yes",56.9,"No","Yes",5,"No",3.68,22.37,2284,51093,2892,48201,94.3,"No",NA,"None","No storage",25.5,"Farmgate",5.9,5.5,"Yes","Yes","Medium"
"GAHS-F1313","Bono East",7.7362,-1.9947,"Female",42,"SHS",5,23,1.58,"Leased","Tomato","No","None","Good",630,"Yes","Major",2022,"No",0,"No","Yes",2,"No",1.46,2.31,1119,2585,779,1806,69.8,"Yes",1019,"Bank","Warehouse",16,"Regional market",3.5,NA,"Yes","Yes","Low"
"GAHS-F1314","Eastern",6.8332,-0.0511,"Female",44,"JHS",4,27,1.75,"Sharecrop","Cassava","Yes","Goat/Sheep","Moderate",1520,"Yes","Minor",2021,"No",0,"Yes","Yes",1,"Yes",2.65,4.64,1696,7869,721,7148,90.8,"No",NA,"None","No storage",11.2,"Exporter",6.1,4.2,"Yes","Yes","Medium"
"GAHS-F1315","Western",4.8482,-1.8888,"Male",45,"SHS",11,24,1.12,"Leased","Cocoa","Yes","Cattle","Good",1616,"No","Major",2021,"No",0,"No","No",1,"No",2.47,2.77,1527,4230,358,3872,91.5,"Yes",474,"MFI","On-farm store",10,"Local market",7.8,5.8,"Yes","No","Low"
"GAHS-F1316","Ahafo",7.1168,-2.4953,"Female",42,"Primary",6,20,6.89,"Owned","Cocoa","Yes","Cattle","Good",1800,"Yes","Minor",2022,"No",0,"No","Yes",1,"No",2.21,15.23,1368,20835,2810,18025,86.5,"No",NA,"None","Rented silo",20,"Exporter",18,5.7,"Yes","No","Low"
"GAHS-F1317","Bono",7.3213,-1.7237,"Male",50,"SHS",8,31,1.65,"Sharecrop","Pepper","No","None","Moderate",1113,"No","Minor",2022,"No",0,"No","No",2,"No",0.7,1.15,2264,2604,822,1782,68.4,"No",NA,"None","On-farm store",13.6,"Farmgate",8.2,3.9,"Yes","No","Low"
"GAHS-F1318","Savannah",8.7589,-1.91,"Female",52,"SHS",8,31,3.95,"Communal","Sorghum","Yes","Pig","Excellent",896,"Yes","Major",2023,"Yes",108.5,"No","No",4,"Yes",3.4,13.43,1236,16599,2638,13961,84.1,"No",NA,"None","Warehouse",8.7,"Farmgate",34.2,4.7,"Yes","No","Medium"
"GAHS-F1319","Upper West",9.7705,-2.7903,"Male",33,"Primary",4,14,0.65,"Owned","Maize","Yes","Goat/Sheep","Moderate",812,"No","Minor",2023,"No",0,"No","No",4,"No",1.18,0.77,761,586,132,454,77.3,"No",NA,"None","Warehouse",1,"Local market",8.1,4.1,"Yes","No","Low"
"GAHS-F1320","Savannah",9.2932,-2.0508,"Male",45,"SHS",8,25,0.87,"Gift","Cowpea","Yes","Pig","Good",NA,"Yes","Minor",2023,"No",0,"No","No",3,"No",2.57,2.24,1591,3564,330,3234,90.7,"No",NA,"None","Rented silo",18.4,"Processor",3.6,5.5,"Yes","No","Low"
"GAHS-F1321","Western North",5.789,-2.8967,"Male",44,"None",6,20,2.35,"Leased","Plantain","Yes","Poultry","Moderate",1807,"No","Major",2021,"No",0,"Yes","Yes",0,"No",2.55,5.99,884,5295,947,4348,82.1,"No",NA,"None","On-farm store",16.3,"Local market",3.2,4.1,"Yes","No","Medium"
"GAHS-F1322","Oti",7.6205,-0.1348,"Male",43,"JHS",4,33,0.69,"Owned","Rice","No","None","Moderate",722,"No","Major",2021,"Yes",76.2,"No","No",2,"No",2.41,1.66,1700,2822,100,2722,95,"No",NA,"None","On-farm store",14.9,"Farmgate",8.2,5.5,"Yes","No","Low"
"GAHS-F1323","Savannah",8.9952,-2.3472,"Female",65,"SHS",4,48,3.7,"Communal","Maize","Yes","Pig","Poor",1143,"Yes","Major",2022,"Yes",67.5,"No","No",6,"No",1.88,6.96,3170,22063,2065,19998,90.6,"Yes",725,"MFI","No storage",32.9,"Regional market",14,3.9,"Yes","No","Medium"
"GAHS-F1324","Upper West",10.5255,-2.4979,"Male",41,"Tertiary",5,24,4.17,"Leased","Maize","Yes","Poultry","Poor",959,"No","Minor",2023,"No",0,"Yes","Yes",4,"Yes",3.18,13.26,3636,48213,1929,46284,95,"No",NA,"None","Warehouse",19.5,"Local market",50.5,4.3,"Yes","No","High"
"GAHS-F1325","Upper East",11.0886,-0.8941,"Male",46,"Primary",2,26,2.22,"Sharecrop","Maize","Yes","Goat/Sheep","Poor",730,"No","Major",2023,"No",0,"No","No",2,"No",2.99,6.64,726,4821,858,3963,82.2,"Yes",4178,"Moneylender","No storage",11.1,"Farmgate",14.6,4.3,"Yes","No","Low"
"GAHS-F1326","Central",5.4561,-1.2509,"Female",35,"Primary",8,14,0.29,"Owned","Yam","Yes","Poultry","Poor",1531,"No","Minor",2023,"Yes",19.9,"No","No",1,"No",1.83,0.53,638,338,100,238,70.2,"No",NA,"None","No storage",16.6,"Regional market",9.3,7.8,"Yes","No","Low"
"GAHS-F1327","Northern",8.965,-0.7111,"Female",40,"JHS",5,21,2.56,"Owned","Maize","No","None","Excellent",890,"Yes","Major",2023,"Yes",119.9,"No","No",2,"No",3.29,8.42,2132,17951,1642,16309,90.8,"No",NA,"None","No storage",39.6,"Farmgate",3.6,4,"Yes","No","Low"
"GAHS-F1328","Central",5.4994,-0.533,"Male",41,"SHS",12,25,3.92,"Owned","Cassava","Yes","Cattle","Poor",1687,"Yes","Major",2022,"No",0,"No","No",6,"Yes",2.88,11.29,2428,27412,1798,25614,93.4,"Yes",2978,"MFI","On-farm store",22.9,"Local market",3.7,3,"Yes","No","Medium"
"GAHS-F1329","Bono",8.1768,-2.8939,"Female",38,"JHS",4,16,3.44,"Owned","Cassava","No","None","Moderate",973,"No","Major",2022,"Yes",39.7,"No","Yes",2,"No",3.74,12.87,1422,18301,1748,16553,90.4,"No",NA,"None","On-farm store",25.2,"Farmgate",5.1,4.2,"Yes","No","Medium"
"GAHS-F1330","Western North",6.1181,-2.6787,"Male",61,"Primary",9,48,2.84,"Leased","Cocoa","No","None","Poor",1578,"Yes","Major",2022,"Yes",60.6,"No","Yes",3,"Yes",3.26,9.26,1395,12918,1632,11286,87.4,"No",NA,"None","Warehouse",2.8,"Local market",17.4,4.3,"Yes","No","High"
"GAHS-F1331","Upper West",10.7986,-2.8818,"Male",51,"Primary",6,29,0.66,"Owned","Groundnut","No","None","Moderate",NA,"Yes","Minor",2021,"Yes",66,"No","No",4,"No",2.5,1.65,1902,3138,330,2808,89.5,"No",NA,"None","No storage",19.8,"Farmgate",62.7,4.5,"Yes","Yes","Medium"
"GAHS-F1332","North East",10.8125,0.2069,"Female",39,"JHS",7,21,7.9,"Owned","Maize","No","None","Moderate",632,"Yes","Minor",2022,"Yes",101.3,"No","No",1,"No",NA,31.05,3331,103428,4478,98950,95,"Yes",852,"Family","No storage",13.6,"Regional market",9.6,1,"Yes","No","Low"
"GAHS-F1333","Upper West",10.301,-2.1151,"Female",56,"None",7,36,1.39,"Communal","Yam","Yes","Poultry","Moderate",696,"No","Major",2023,"No",0,"No","No",0,"Yes",1.14,1.58,1616,2553,315,2238,87.6,"No",NA,"None","No storage",25.2,"Processor",11.4,6.5,"Yes","Yes","Low"
"GAHS-F1334","Western",4.7377,-1.7706,"Female",27,"SHS",7,15,NA,"Communal","Plantain","No","None","Poor",1725,"Yes","Minor",2021,"No",0,"No","No",4,"No",0.74,0.81,2349,1903,315,NA,83.4,"Yes",3687,"Family","On-farm store",27.6,"Farmgate",6.4,4.4,"Yes","No","Low"
"GAHS-F1335","Ahafo",6.7448,-3.1526,"Male",40,"SHS",5,25,3.02,"Sharecrop","Cocoa","No","None","Moderate",1557,"No","Minor",2023,"No",0,"No","Yes",3,"No",2.79,8.43,1460,12308,1332,10976,89.2,"No",NA,"None","No storage",26,"Regional market",6.7,5.6,"Yes","No","Medium"
"GAHS-F1336","Northern",9.9567,-0.7764,"Male",43,"Primary",1,22,2.07,"Owned","Cowpea","Yes","Cattle","Poor",890,"Yes","Major",2022,"No",0,"No","No",1,"No",NA,4.89,4160,20342,786,19556,95,"No",NA,"None","Warehouse",13.2,"Regional market",61.2,2.9,"Yes","Yes","Low"
"GAHS-F1337","Northern",9.4487,-1.0623,"Female",50,"SHS",4,32,7.68,"Leased","Groundnut","Yes","Mixed","Poor",982,"No","Major",2021,"Yes",52.4,"No","No",4,"No",3.42,26.27,1174,30841,3539,27302,88.5,"No",NA,"None","On-farm store",23.1,"Local market",17.2,4.9,"Yes","Yes","Medium"
"GAHS-F1338","Eastern",7.0639,0.0045,"Female",26,"None",9,7,3.46,"Owned","Cocoa","Yes","Goat/Sheep","Poor",1791,"No","Major",2023,"No",0,"No","No",0,"No",0.59,2.04,3003,6126,1666,4460,72.8,"No",NA,"None","No storage",5.5,"Processor",2.9,4.2,"Yes","No","Low"
"GAHS-F1339","Bono",7.0955,-2.1757,"Female",50,"None",4,32,1.77,"Owned","Cassava","No","None","Good",775,"Yes","Minor",2022,"Yes",139.4,"Yes","Yes",0,"No",4.68,8.28,799,6616,864,5752,86.9,"Yes",761,"Moneylender","No storage",7.9,"Regional market",5.5,3.2,"Yes","Yes","Medium"
"GAHS-F1340","Bono",7.2879,-1.7986,"Female",73,"None",2,55,8.53,"Sharecrop","Rice","Yes","Poultry","Good",936,"No","Major",2021,"No",0,"No","No",1,"Yes",2.81,23.97,893,21405,3333,18072,84.4,"Yes",738,"Moneylender","Warehouse",23.6,"Processor",0.9,3.8,"Yes","Yes","Low"
"GAHS-F1341","Savannah",8.8511,-1.4185,"Male",33,"SHS",8,12,2.15,"Owned","Groundnut","Yes","Cattle","Good",920,"No","Major",2023,"Yes",100.3,"No","No",6,"Yes",3.24,6.97,3036,21161,1280,19881,93.9,"No",NA,"None","Warehouse",13.7,"Processor",2.2,4.8,"Yes","No","Medium"
"GAHS-F1342","Upper East",10.2408,-1.0543,"Female",48,"SHS",4,33,NA,"Communal","Groundnut","Yes","Goat/Sheep","Good",400,"Yes","Minor",2022,"Yes",148,"No","No",2,"No",3.56,16.59,636,10551,3180,7371,69.9,"No",NA,"None","Rented silo",12.4,"Cooperative",2.2,4.2,"Yes","No","Low"
"GAHS-F1343","Ahafo",7.0358,-2.7926,"Male",55,"SHS",2,30,8.28,"Leased","Oil Palm","Yes","Mixed","Excellent",1706,"Yes","Minor",2021,"Yes",134.2,"Yes","No",2,"No",3.28,27.16,873,23711,5319,18392,77.6,"No",NA,"None","No storage",21.6,"Local market",4.3,NA,"Yes","No","Medium"
"GAHS-F1344","Bono",7.0833,-2.789,"Male",39,"JHS",5,23,1.56,"Owned","Tomato","No","None","Moderate",730,"No","Major",2022,"Yes",65.5,"No","No",6,"No",3.72,5.8,3258,18896,632,18264,95,"No",NA,"None","On-farm store",15.4,"Local market",2.5,3.6,"Yes","No","Medium"
"GAHS-F1345","Upper West",10.8934,-2.5442,"Male",29,"JHS",6,10,2.08,"Communal","Maize","No","None","Moderate",1061,"No","Major",2023,"No",0,"No","Yes",1,"No",3.1,6.45,2192,NA,926,13212,93.4,"No",NA,"None","On-farm store",24.3,"Farmgate",6,4.4,"Yes","No","Low"
"GAHS-F1346","Greater Accra",5.7443,0.0724,"Female",40,"SHS",1,27,1.83,"Owned","Maize","No","None","Excellent",843,"No","Major",2023,"No",0,"Yes","No",1,"Yes",2.54,4.65,1035,4813,658,4155,86.3,"Yes",2456,"Family","Rented silo",12.6,"Processor",19.9,3.3,"Yes","No","Medium"
"GAHS-F1347","Volta",6.4428,0.9234,"Male",36,"JHS",7,17,0.79,"Owned","Rice","No","None","Moderate",668,"Yes","Major",2023,"No",0,"No","Yes",1,"No",2.32,1.83,1759,3219,317,NA,90.1,"No",NA,"None","No storage",24.8,"Farmgate",3.2,5.4,"Yes","No","Low"
"GAHS-F1348","Bono",7.1691,-1.7766,"Female",34,"JHS",6,19,1.82,"Sharecrop","Cassava","Yes","Pig","Moderate",1212,"No","Major",2021,"Yes",103.2,"No","No",3,"No",3.22,5.86,1261,7389,816,6573,88.9,"No",NA,"None","Warehouse",13.9,"Local market",0.6,4.2,"Yes","No","Medium"
"GAHS-F1349","Greater Accra",5.7689,-0.6118,"Female",43,"None",4,31,2.64,"Owned","Yam","Yes","Mixed","Poor",635,"Yes","Major",2022,"No",0,"No","No",1,"Yes",1.06,2.8,1253,3508,983,2525,72,"No",NA,"None","No storage",16.1,"Processor",22.2,5,"Yes","No","Low"
"GAHS-F1350","Western North",5.7759,-3.2876,"Male",42,"Primary",4,31,4.58,"Owned","Plantain","No","None","Moderate",1615,"Yes","Major",2023,"No",0,"No","No",1,"Yes",1.56,7.14,928,6626,1813,4813,72.6,"No",NA,"None","On-farm store",21.7,"Farmgate",11.3,3.7,"Yes","No","Low"
"GAHS-F1351","Greater Accra",5.3535,-0.7834,"Female",32,"JHS",4,14,1.99,"Sharecrop","Maize","Yes","Mixed","Moderate",994,"No","Major",2022,"Yes",106,"No","No",2,"Yes",2.55,5.07,1108,5618,1376,4242,75.5,"Yes",1297,"Moneylender","On-farm store",10.2,"Farmgate",10.8,3.9,"Yes","No","Medium"
"GAHS-F1352","Oti",7.2417,0.534,"Male",52,"JHS",6,36,1.51,"Sharecrop","Rice","No","None","Excellent",1096,"No","Minor",2021,"Yes",108.3,"No","No",3,"No",3.48,5.25,928,4872,1104,3768,77.3,"No",NA,"None","Rented silo",10.3,"Local market",0.5,2.2,"Yes","No","Medium"
"GAHS-F1353","Western",5.455,-1.7322,"Male",58,"None",7,39,3.11,"Owned","Oil Palm","No","None","Poor",1717,"No","Minor",2023,"No",0,"Yes","No",2,"No",3.3,10.26,2330,23906,1333,NA,94.4,"No",NA,"None","On-farm store",16.6,"Local market",2.6,4.1,"Yes","No","Low"
"GAHS-F1354","Upper East",10.8732,-0.9542,"Female",49,"JHS",9,40,3.78,"Communal","Sorghum","No","None","Excellent",727,"No","Major",2023,"No",0,"Yes","No",1,"No",0.44,1.66,515,855,1588,NA,-80,"No",NA,"None","No storage",6.3,"Farmgate",8,6,"No","No","Low"
"GAHS-F1355","Upper East",10.6058,-0.7543,"Male",22,"None",6,10,4.6,"Communal","Cowpea","Yes","Poultry","Good",965,"Yes","Minor",2022,"Yes",67.5,"Yes","Yes",3,"No",2.4,11.04,1638,18084,2461,15623,86.4,"No",NA,"None","No storage",17.6,"Exporter",5.9,4,"Yes","Yes","High"
"GAHS-F1356","Bono East",7.4782,-1.585,"Female",42,"JHS",3,23,5.51,"Owned","Yam","Yes","Goat/Sheep","Moderate",605,"No","Major",2022,"Yes",98.9,"No","No",3,"Yes",2.29,12.62,1322,16684,3197,13487,80.8,"No",NA,"None","No storage",25.6,"Farmgate",0.5,2.8,"Yes","No","Medium"
"GAHS-F1357","Bono",7.8549,-2.1234,"Female",59,"None",7,47,NA,"Owned","Tomato","Yes","Mixed","Moderate",NA,"Yes","Minor",2022,"Yes",NA,"No","No",2,"Yes",2.72,6.58,1400,9212,1558,7654,83.1,"No",NA,"None","On-farm store",14.3,"Cooperative",0.5,3.9,"Yes","Yes","Medium"
"GAHS-F1358","North East",10.3296,-0.7531,"Male",45,"SHS",4,31,4.58,"Communal","Maize","Yes","Goat/Sheep","Moderate",814,"No","Major",2021,"No",0,"No","No",4,"No",1.92,8.79,1648,NA,1955,12531,86.5,"No",NA,"None","Warehouse",18.5,"Farmgate",5.1,5.1,"Yes","No","Low"
"GAHS-F1359","Eastern",6.168,-0.36,"Male",57,"None",6,39,2.66,"Communal","Cocoa","No","None","Excellent",1949,"No","Major",2022,"Yes",NA,"No","No",3,"Yes",0.65,1.73,1279,2213,1557,656,29.6,"No",NA,"None","No storage",26.4,"Local market",1.3,6.2,"Yes","No","Medium"
"GAHS-F1360","Western North",6.8472,-3.002,"Male",71,"Primary",11,55,1.98,"Communal","Cocoa","No","None","Moderate",1189,"No","Major",2023,"Yes",85.4,"No","No",3,"No",1.65,3.27,1351,4418,1123,3295,74.6,"Yes",1296,"SACCO","No storage",11.2,"Local market",11.7,4.4,"Yes","No","Medium"
"GAHS-F1361","Northern",8.9192,-0.5245,"Male",43,"Primary",7,25,1.6,"Owned","Sorghum","Yes","Poultry","Poor",NA,"No","Minor",2021,"No",0,"No","No",1,"Yes",2.72,4.35,982,4272,615,3657,85.6,"Yes",4927,"MFI","Warehouse",6.4,"Processor",1.7,NA,"Yes","No","Low"
"GAHS-F1362","Greater Accra",5.4865,-0.7717,"Female",53,"Tertiary",6,37,1.29,"Sharecrop","Rice","No","None","Poor",882,"No","Major",2021,"No",0,"Yes","Yes",5,"Yes",2.24,2.89,796,2300,409,1891,82.2,"No",NA,"None","No storage",20.4,"Farmgate",9.5,5.1,"Yes","Yes","High"
"GAHS-F1363","Bono",7.9628,-1.7792,"Female",44,"SHS",3,26,5.96,"Owned","Yam","No","None","Poor",1141,"No","Major",2023,"Yes",40.3,"No","No",3,"Yes",3.24,19.31,1458,28154,2590,25564,90.8,"No",NA,"None","On-farm store",19.5,"Farmgate",11.2,5.2,"Yes","Yes","Medium"
"GAHS-F1364","Bono",7.2334,-2.7195,"Male",35,"Tertiary",8,20,9.93,"Owned","Cassava","Yes","Pig","Good",708,"Yes","Major",2021,"Yes",75.3,"Yes","No",7,"No",4.01,39.82,4442,176880,5041,171839,95,"No",NA,"None","No storage",32.3,"Farmgate",0.5,4.3,"Yes","No","Medium"
"GAHS-F1365","Savannah",9.316,-1.2907,"Male",31,"None",9,10,6.84,"Owned","Maize","Yes","Mixed","Poor",652,"Yes","Major",2021,"No",0,"No","No",1,"Yes",3.24,22.16,1209,26791,3013,23778,88.8,"Yes",3527,"Bank","No storage",4.4,"Exporter",36.9,4.1,"Yes","Yes","Low"
"GAHS-F1366","Bono East",7.4372,-1.6005,"Female",46,"JHS",7,29,2,"Owned","Cassava","Yes","Mixed","Moderate",905,"No","Minor",2022,"No",0,"Yes","Yes",1,"Yes",2.57,5.14,2055,10563,678,9885,93.6,"No",NA,"None","On-farm store",10.1,"Local market",9.1,4.3,"Yes","Yes","Medium"
"GAHS-F1367","North East",9.8752,-0.8985,"Male",65,"Tertiary",6,51,4.54,"Communal","Yam","Yes","Mixed","Moderate",676,"Yes","Minor",2022,"No",0,"Yes","No",0,"Yes",2.82,12.8,4093,52390,1840,50550,95,"Yes",2275,"Moneylender","On-farm store",16.4,"Regional market",26.4,3.8,"Yes","No","Medium"
"GAHS-F1368","Northern",10.092,-0.9859,"Male",66,"Primary",4,52,1.24,"Owned","Sorghum","No","None","Moderate",1009,"Yes","Major",2023,"Yes",71.8,"Yes","Yes",2,"No",4.11,5.1,4319,22027,699,21328,95,"No",NA,"None","On-farm store",10.1,"Processor",9.8,4.5,"Yes","Yes","Medium"
"GAHS-F1369","Volta",6.4235,-0.1443,"Male",53,"SHS",3,34,4.36,"Gift","Yam","No","None","Moderate",854,"No","Major",2023,"Yes",65.3,"Yes","No",8,"No",2.68,11.68,5729,66915,2158,64757,95,"No",NA,"None","No storage",14.9,"Local market",2.7,4.6,"Yes","No","Medium"
"GAHS-F1370","Northern",9.7966,-0.2933,"Male",57,"Primary",8,34,1.86,"Communal","Sorghum","No","None","Good",985,"No","Major",2021,"Yes",45.9,"Yes","No",1,"No",4.33,8.05,708,5699,NA,4671,81.9,"Yes",1846,"Bank","No storage",19.1,"Exporter",19,2.6,"Yes","No","Medium"
"GAHS-F1371","Northern",9.2029,-0.7722,"Male",40,"JHS",1,17,0.4,"Owned","Cowpea","Yes","Poultry","Moderate",1253,"No","Major",2022,"No",0,"No","No",2,"Yes",0.05,0.02,3459,69,100,-31,-44.3,"No",NA,"None","Rented silo",11.4,"Processor",4.8,6.2,"No","No","Low"
"GAHS-F1372","Bono",7.963,-2.6836,"Male",43,"JHS",6,26,3.81,"Owned","Cassava","Yes","Pig","Poor",775,"Yes","Major",2022,"No",0,"No","No",1,"No",2.36,8.99,1451,13044,1631,11413,87.5,"Yes",7294,"Family","On-farm store",22.1,"Local market",23.2,6.5,"Yes","No","Low"
"GAHS-F1373","Upper East",10.6801,-0.9508,"Male",29,"Primary",1,9,4.13,"Sharecrop","Groundnut","Yes","Cattle","Poor",NA,"No","Major",2022,"Yes",75.3,"No","Yes",3,"Yes",4.13,17.06,3176,54183,2005,52178,95,"No",NA,"None","No storage",22.7,"Processor",1,5,"Yes","No","High"
"GAHS-F1374","Bono",7.9541,-2.1383,"Female",61,"Tertiary",11,43,1.71,"Leased","Maize","No","None","Excellent",738,"No","Minor",2021,"Yes",64.2,"Yes","No",2,"Yes",2.67,4.57,4194,19167,1057,18110,94.5,"Yes",2009,"Moneylender","No storage",24.8,"Farmgate",12.1,4.1,"Yes","No","Medium"
"GAHS-F1375","Volta",6.9019,0.7648,"Male",23,"Tertiary",3,9,1.03,"Communal","Tomato","No","None","Moderate",820,"No","Major",2022,"No",0,"No","Yes",4,"No",2.11,2.17,464,1007,455,552,54.8,"Yes",687,"Bank","Warehouse",11.5,"Processor",17.9,4.9,"Yes","Yes","Medium"
"GAHS-F1376","Greater Accra",5.2947,0.0092,"Female",32,"SHS",8,13,2.57,"Sharecrop","Rice","No","None","Poor",NA,"No","Minor",2021,"No",0,"Yes","No",1,"No",1.45,3.73,2865,10686,1056,NA,90.1,"No",NA,"None","No storage",36.1,"Farmgate",7.1,5,"Yes","No","Low"
"GAHS-F1377","Eastern",6.3597,-0.5701,"Male",33,"SHS",4,16,1.36,"Sharecrop","Cocoa","No","None","Poor",1852,"Yes","Minor",2022,"No",0,"Yes","No",1,"Yes",0.99,1.35,1564,2111,508,1603,75.9,"Yes",1042,"Bank","No storage",25.4,"Local market",6.8,5.1,"Yes","No","Medium"
"GAHS-F1378","Bono East",7.8364,-1.6536,"Male",47,"Tertiary",1,33,2.31,"Sharecrop","Maize","Yes","Mixed","Good",929,"No","Major",2023,"Yes",90.3,"No","No",4,"Yes",1.98,4.57,2124,9707,1598,8109,83.5,"Yes",6961,"SACCO","On-farm store",1.9,"Processor",6.3,1.8,"Yes","No","Medium"
"GAHS-F1379","Upper West",9.7051,-2.0375,"Female",50,"JHS",2,31,2.84,"Communal","Groundnut","No","None","Good",767,"Yes","Major",2022,"No",0,"No","No",2,"Yes",3.1,8.8,3116,27421,1108,26313,95,"No",NA,"None","Warehouse",14.4,"Regional market",0.8,4.6,"Yes","No","Low"
"GAHS-F1380","Upper East",11.0897,-0.9155,"Male",49,"None",5,32,1.04,"Owned","Groundnut","Yes","Goat/Sheep","Moderate",996,"Yes","Minor",2023,"Yes",59.7,"No","No",4,"No",2.15,2.24,3248,7276,640,6636,91.2,"No",NA,"None","Rented silo",21.4,"Regional market",2.3,2.9,"Yes","No","Medium"
"GAHS-F1381","Bono",7.619,-1.7466,"Female",57,"Primary",5,39,0.82,"Owned","Cassava","Yes","Mixed","Excellent",1117,"No","Major",2023,"Yes",103.6,"No","No",2,"Yes",3.44,2.82,1035,2919,726,2193,75.1,"No",NA,"None","On-farm store",23.8,"Regional market",0.6,2.6,"Yes","Yes","Medium"
"GAHS-F1382","Volta",6.7131,0.3497,"Female",43,"JHS",6,17,3.22,"Owned","Pepper","Yes","Poultry","Excellent",1012,"No","Major",2021,"No",0,"No","No",2,"Yes",3.52,11.33,3249,NA,1194,35617,95,"No",NA,"None","Rented silo",10.5,"Regional market",2.2,4.4,"Yes","No","Low"
"GAHS-F1383","Eastern",7.0614,-0.9409,"Male",45,"SHS",4,28,3.85,"Owned","Cocoa","No","None","Good",1424,"Yes","Major",2022,"No",0,"No","Yes",2,"No",1.26,4.85,1299,6300,1202,5098,80.9,"No",NA,"None","Warehouse",7.9,"Local market",0.5,4.2,"Yes","No","Low"
"GAHS-F1384","Upper East",10.8309,-1.1524,"Male",54,"Primary",7,34,3.81,"Sharecrop","Maize","Yes","Mixed","Poor",617,"Yes","Minor",2023,"Yes",22.9,"No","No",0,"Yes",2.42,9.22,840,7745,1721,6024,77.8,"No",NA,"None","No storage",24,"Regional market",38.1,5.5,"Yes","No","Medium"
"GAHS-F1385","Bono",7.715,-2.8111,"Male",22,"Primary",7,9,1.33,"Owned","Maize","Yes","Pig","Good",864,"Yes","Major",2021,"Yes",91.3,"Yes","No",1,"No",2.84,3.78,2585,9771,890,8881,90.9,"Yes",4082,"Family","No storage",32.7,"Farmgate",3.6,5.5,"Yes","No","Medium"
"GAHS-F1386","Bono East",7.6465,-1.292,"Male",44,"Tertiary",5,23,1.09,"Sharecrop","Maize","Yes","Poultry","Excellent",739,"Yes","Major",2022,"No",0,"No","No",1,"No",2.46,2.68,1387,3717,490,3227,86.8,"No",NA,"None","On-farm store",29.9,"Local market",24.3,6.7,"Yes","No","Low"
"GAHS-F1387","Eastern",5.8833,-0.8527,"Male",29,"SHS",2,13,2.21,"Owned","Yam","Yes","Goat/Sheep","Excellent",1154,"Yes","Minor",2021,"Yes",126.3,"Yes","No",1,"Yes",1.82,4.02,4767,19163,1466,17697,92.3,"Yes",1207,"SACCO","No storage",29.4,"Processor",3.2,4,"Yes","No","Medium"
"GAHS-F1388","Western North",6.1688,-2.7505,"Male",63,"SHS",3,44,3.72,"Sharecrop","Plantain","No","None","Poor",1491,"Yes","Major",2023,"Yes",103.9,"No","No",3,"No",3.49,12.98,1063,13798,2137,11661,84.5,"No",NA,"None","Rented silo",13.8,"Local market",4.8,3.5,"Yes","No","Medium"
"GAHS-F1389","Bono",8.0152,-2.6505,"Male",68,"Primary",4,50,1.01,"Owned","Yam","Yes","Pig","Moderate",1216,"No","Major",2021,"Yes",90.1,"No","No",6,"No",2.59,2.62,4865,12746,588,12158,95,"Yes",4265,"Moneylender","No storage",17.4,"Local market",3.5,4.6,"Yes","Yes","Medium"
"GAHS-F1390","Eastern",6.5715,0.06,"Male",52,"JHS",10,34,4.87,"Owned","Plantain","No","None","Good",1568,"No","Minor",2023,"No",0,"Yes","No",1,"No",2.73,13.3,1307,17383,1981,15402,88.6,"Yes",2140,"Family","No storage",11.7,"Farmgate",2.9,5.1,"Yes","No","Low"
"GAHS-F1391","Bono East",7.997,-1.1423,"Male",50,"Primary",7,27,1.2,"Owned","Tomato","No","None","Poor",1259,"No","Minor",2023,"Yes",5,"Yes","Yes",1,"No",2.85,3.42,5370,18365,382,17983,95,"No",NA,"None","Rented silo",29.2,"Farmgate",4.4,3.2,"Yes","Yes","Medium"
"GAHS-F1392","Central",5.8937,-1.5584,"Female",57,"JHS",2,40,3.89,"Leased","Maize","No","None","Moderate",1744,"Yes","Major",2023,"Yes",106,"Yes","Yes",1,"No",NA,17.04,1334,22731,2271,NA,90,"Yes",1797,"Family","No storage",15.3,"Local market",3.4,2.7,"Yes","No","Medium"
"GAHS-F1393","Bono East",7.4407,-2.1423,"Male",53,"SHS",7,30,1.19,"Owned","Cassava","Yes","Pig","Moderate",1207,"No","Minor",2021,"No",0,"No","Yes",1,"Yes",2.53,3.01,1290,3883,787,3096,79.7,"Yes",1861,"MFI","On-farm store",NA,"Farmgate",17.2,4.4,"Yes","No","Medium"
"GAHS-F1394","Ahafo",6.4281,-2.1088,"Female",45,"SHS",4,23,4.7,"Communal","Cassava","Yes","Mixed","Good",1640,"Yes","Major",2022,"No",0,"No","No",5,"Yes",0.9,4.23,1000,4230,1756,2474,58.5,"Yes",787,"Moneylender","On-farm store",17.2,"Regional market",12.9,3.6,"Yes","No","Medium"
"GAHS-F1395","Western North",6.5249,-3.1079,"Male",52,"None",7,35,3.95,"Owned","Cocoa","No","None","Good",1307,"No","Minor",2021,"No",0,"No","No",1,"Yes",0.97,3.83,6403,24523,1647,22876,93.3,"No",NA,"None","Rented silo",3.4,"Local market",13.3,3.9,"Yes","Yes","Low"
"GAHS-F1396","North East",10.0346,-0.1399,"Female",26,"JHS",4,8,1.66,"Sharecrop","Groundnut","Yes","Cattle","Moderate",1019,"No","Major",2023,"No",0,"No","Yes",4,"Yes",3.62,6.01,704,4231,495,3736,88.3,"Yes",1876,"Family","No storage",15.9,"Local market",26.4,2.5,"Yes","No","Medium"
"GAHS-F1397","Western",5.7566,-2.5705,"Female",52,"None",10,27,1.55,"Leased","Yam","No","None","Good",1644,"No","Major",2023,"No",0,"No","No",0,"No",1.02,1.58,4715,7450,640,6810,91.4,"No",NA,"None","No storage",28.7,"Cooperative",7.8,5,"Yes","No","Low"
"GAHS-F1398","Northern",9.6956,-0.704,"Male",39,"SHS",5,15,1.35,"Owned","Groundnut","Yes","Poultry","Good",848,"No","Major",2022,"Yes",51.9,"No","No",4,"No",1.7,2.3,1372,3156,689,2467,78.1,"No",NA,"None","No storage",16.2,"Regional market",22.6,4.9,"Yes","No","Medium"
"GAHS-F1399","Ashanti",6.1434,-1.8162,"Female",42,"JHS",1,25,2.79,"Owned","Yam","Yes","Goat/Sheep","Excellent",1772,"No","Minor",2022,"Yes",122.4,"Yes","No",1,"Yes",2.93,8.17,907,NA,1741,5669,76.5,"Yes",1351,"SACCO","Warehouse",1.6,"Regional market",16.2,1.2,"Yes","No","Medium"
"GAHS-F1400","Upper East",11.07,-0.7489,"Male",41,"JHS",8,22,1.85,"Communal","Maize","Yes","Poultry","Moderate",1021,"Yes","Major",2022,"Yes",44.7,"No","Yes",6,"Yes",2.93,5.42,846,4585,914,3671,80,"Yes",891,"Bank","No storage",21.6,"Processor",14.5,4.5,"Yes","No","High"
"GAHS-F1401","Upper West",10.4339,-1.8401,"Female",56,"JHS",6,38,0.63,"Communal","Millet","No","None","Excellent",698,"No","Major",2021,"No",NA,"No","Yes",1,"No",3.38,2.13,4145,8829,NA,8532,95,"No",NA,"None","Warehouse",2.6,"Farmgate",37.8,1.5,"Yes","Yes","Low"
"GAHS-F1402","Bono East",7.7894,-1.6503,"Male",70,"JHS",7,48,2.91,"Gift","Maize","Yes","Poultry","Good",1261,"Yes","Minor",2021,"Yes",107.9,"No","Yes",1,"Yes",2.76,8.03,1341,10768,1723,9045,84,"No",NA,"None","No storage",15.2,"Regional market",8.2,4.8,"Yes","No","Medium"
"GAHS-F1403","Western",4.7339,-2.7215,"Male",63,"Primary",6,46,18.6,"Communal","Cocoa","Yes","Mixed","Good",1276,"Yes","Major",2022,"Yes",50.5,"No","No",1,"No",2.25,41.85,765,32015,9411,22604,70.6,"Yes",1489,"SACCO","On-farm store",8.3,"Local market",25.2,4.5,"Yes","No","Low"
"GAHS-F1404","North East",11.1624,-0.8723,"Male",58,"Primary",9,36,2.4,"Sharecrop","Groundnut","Yes","Mixed","Moderate",1160,"Yes","Minor",2023,"Yes",65.8,"No","No",2,"No",2.12,5.09,642,3268,1380,1888,57.8,"Yes",1576,"Bank","On-farm store",23.4,"Farmgate",20.3,3.8,"Yes","No","Low"
"GAHS-F1405","Western",4.4943,-2.2602,"Male",44,"None",3,29,4.56,"Sharecrop","Cassava","No","None","Moderate",1610,"Yes","Major",2022,"Yes",99.8,"Yes","Yes",3,"No",4.12,18.79,1082,20331,2643,17688,87,"No",NA,"None","On-farm store",27.8,"Regional market",3.2,NA,"Yes","No","High"
"GAHS-F1406","Upper East",11.2629,-0.4211,"Male",70,"JHS",8,52,NA,"Communal","Cowpea","Yes","Cattle","Moderate",856,"Yes","Major",2023,"No",0,"Yes","No",1,"No",3.2,9.38,633,5938,1098,4840,81.5,"No",NA,"None","No storage",20.7,"Local market",2.6,4.5,"Yes","No","Low"
"GAHS-F1407","Bono East",7.4551,-1.1833,"Female",53,"Tertiary",7,35,2.43,"Leased","Pepper","Yes","Goat/Sheep","Poor",400,"Yes","Major",2022,"Yes",109.5,"No","No",1,"No",2.62,6.37,4054,25824,1492,24332,94.2,"No",NA,"None","On-farm store",18.9,"Processor",2,4.6,"Yes","No","Low"
"GAHS-F1408","Eastern",6.4614,0.0486,"Female",64,"None",7,42,0.44,"Sharecrop","Maize","Yes","Pig","Poor",1974,"No","Major",2023,"Yes",63.3,"No","Yes",2,"No",NA,1.17,787,921,195,726,78.7,"Yes",2388,"Family","No storage",21.3,"Exporter",1.9,3.5,"Yes","No","Medium"
"GAHS-F1409","Western",5.7526,-1.6012,"Male",56,"JHS",7,38,1.8,"Owned","Oil Palm","Yes","Pig","Moderate",1410,"Yes","Major",2023,"No",0,"Yes","No",3,"Yes",1.73,3.11,2174,6761,521,6240,92.3,"No",NA,"None","On-farm store",10.6,"Farmgate",11.5,4.1,"Yes","No","Medium"
"GAHS-F1410","Northern",9.6505,-1.1799,"Female",55,"JHS",4,35,3.75,"Leased","Groundnut","Yes","Poultry","Excellent",551,"No","Major",2022,"No",0,"No","Yes",1,"Yes",2.75,10.31,1414,14578,1460,13118,90,"No",NA,"None","Warehouse",15.6,"Regional market",5,3.3,"Yes","Yes","Medium"
"GAHS-F1411","Upper East",11.4214,-0.5963,"Male",68,"JHS",4,51,5.41,"Owned","Millet","Yes","Goat/Sheep","Moderate",827,"Yes","Minor",2022,"No",0,"No","No",2,"No",1.52,8.22,1083,8902,1899,7003,78.7,"No",NA,"None","Warehouse",0,"Farmgate",32.1,4.5,"Yes","No","Low"
"GAHS-F1412","Northern",9.9841,-1.4832,"Male",32,"JHS",1,14,8.25,"Leased","Cowpea","No","None","Moderate",1160,"Yes","Major",2022,"No",0,"Yes","No",2,"Yes",2.65,21.86,1999,43698,3428,40270,92.2,"Yes",936,"Moneylender","On-farm store",18.3,"Regional market",24.2,3.9,"Yes","No","Medium"
"GAHS-F1413","Eastern",6.7638,-0.2486,"Female",52,"SHS",6,32,6.22,"Leased","Yam","Yes","Goat/Sheep","Excellent",1214,"No","Minor",2023,"No",0,"No","No",3,"No",2.01,12.5,1880,23500,2347,21153,90,"Yes",1207,"Bank","On-farm store",25.1,"Local market",1.3,2.5,"Yes","No","Low"
"GAHS-F1414","Northern",9.7061,-1.4858,"Female",38,"JHS",6,19,1.51,"Leased","Yam","Yes","Pig","Good",880,"Yes","Major",2023,"No",0,"No","Yes",2,"Yes",1.69,2.55,878,2239,672,1567,70,"No",NA,"None","No storage",8,"Regional market",30.2,6,"Yes","Yes","Medium"
"GAHS-F1415","Oti",7.0995,0.8935,"Male",52,"Primary",5,32,3.4,"Owned","Tomato","Yes","Poultry","Poor",748,"Yes","Minor",2023,"No",0,"No","Yes",0,"Yes",3.36,11.42,1232,14069,1348,12721,90.4,"No",NA,"None","Warehouse",7.6,"Local market",7.7,3.7,"Yes","Yes","Medium"
"GAHS-F1416","Upper East",10.1752,-0.7957,"Female",34,"SHS",1,13,6.29,"Sharecrop","Maize","Yes","Poultry","Excellent",NA,"No","Major",2021,"No",0,"No","Yes",0,"Yes",1.47,9.25,1220,11285,2636,8649,76.6,"Yes",9538,"MFI","On-farm store",12.7,"Local market",8.7,4.9,"Yes","No","Medium"
"GAHS-F1417","Ahafo",6.4334,-2.2801,"Female",44,"None",10,28,NA,"Communal","Oil Palm","No","None","Excellent",1699,"Yes","Major",2022,"No",0,"No","No",0,"Yes",2.2,9.59,2250,21578,1886,19692,91.3,"No",NA,"None","On-farm store",NA,"Exporter",15.2,6.8,"Yes","No","Low"
"GAHS-F1418","Oti",8.2401,-0.1184,"Female",61,"JHS",7,41,1.5,"Communal","Maize","No","None","Good",1591,"No","Minor",2023,"No",0,"No","No",2,"No",1.32,1.98,2216,4388,587,3801,86.6,"Yes",1039,"SACCO","On-farm store",40.1,"Processor",1.4,2.7,"Yes","No","Low"
"GAHS-F1419","Northern",9.8799,-1.0187,"Female",65,"None",3,44,3.79,"Owned","Sorghum","Yes","Goat/Sheep","Moderate",824,"Yes","Major",2022,"Yes",63.9,"No","Yes",0,"No",2.89,10.95,1923,21057,1745,19312,91.7,"No",NA,"None","No storage",18.7,"Regional market",0.5,3.2,"Yes","Yes","Medium"
"GAHS-F1420","Ashanti",6.2402,-1.5207,"Female",49,"SHS",4,30,2.78,"Owned","Yam","Yes","Mixed","Poor",1586,"Yes","Minor",2023,"No",0,"No","No",6,"Yes",2.78,7.73,623,4816,942,3874,80.4,"Yes",2668,"Family","No storage",25,"Local market",0.9,4.2,"Yes","No","Medium"
"GAHS-F1421","Eastern",6.3092,-0.2621,"Male",29,"None",9,8,1.35,"Owned","Plantain","Yes","Goat/Sheep","Moderate",1456,"No","Major",2022,"No",0,"No","No",3,"No",1.7,2.3,1766,4062,635,3427,84.3,"Yes",1078,"Family","Warehouse",16.6,"Local market",4.7,4.3,"Yes","No","Low"
"GAHS-F1422","Ashanti",6.5613,-2.0802,"Male",54,"Primary",7,39,0.6,"Owned","Cocoa","No","None","Excellent",1709,"No","Major",2023,"No",0,"No","No",5,"Yes",1.94,1.16,1512,1754,266,1488,84.8,"Yes",1028,"Moneylender","No storage",22,"Farmgate",5.5,2.7,"Yes","No","Medium"
"GAHS-F1423","Oti",7.4667,0.7048,"Male",28,"Tertiary",3,12,0.82,"Gift","Tomato","No","None","Poor",886,"No","Major",2022,"Yes",52.9,"No","No",4,"No",3.02,2.48,3426,8496,278,8218,95,"Yes",435,"SACCO","On-farm store",21.7,"Local market",25.8,3.6,"Yes","No","Medium"
"GAHS-F1424","Savannah",8.9254,-1.6237,"Female",56,"JHS",8,37,0.9,"Communal","Sorghum","No","None","Moderate",1073,"Yes","Major",2023,"No",0,"Yes","No",2,"No",3.35,3.02,1353,4086,569,3517,86.1,"Yes",6855,"Moneylender","No storage",29,"Processor",6.2,4.8,"Yes","No","Low"
"GAHS-F1425","Upper West",9.861,-2.9615,"Female",51,"JHS",4,31,1.31,"Leased","Cowpea","Yes","Goat/Sheep","Excellent",1037,"No","Major",2023,"No",0,"No","No",3,"Yes",0.05,0.07,5093,357,604,-247,-69,"No",NA,"None","No storage",18.3,"Farmgate",9.7,5.1,"No","No","Medium"
"GAHS-F1426","Ahafo",7.1206,-2.719,"Male",53,"SHS",4,35,4.17,"Communal","Cocoa","Yes","Poultry","Moderate",1268,"No","Minor",2022,"Yes",48.2,"No","Yes",3,"No",1.9,7.92,1077,8530,2141,6389,74.9,"No",NA,"None","No storage",NA,"Cooperative",1.3,4.1,"Yes","No","Medium"
"GAHS-F1427","Ahafo",6.3352,-2.6726,"Male",39,"SHS",8,14,0.62,"Owned","Oil Palm","Yes","Poultry","Moderate",1659,"No","Minor",2022,"No",0,"No","No",3,"Yes",3.23,2,959,1918,198,1720,89.6,"No",NA,"None","On-farm store",14.7,"Local market",3.3,4.4,"Yes","No","Medium"
"GAHS-F1428","Ashanti",6.2831,-1.9609,"Female",30,"JHS",8,7,1.21,"Leased","Oil Palm","No","None","Moderate",1424,"No","Major",2022,"Yes",52.2,"Yes","No",1,"No",3.39,4.1,2324,9528,590,8938,93.8,"No",NA,"None","On-farm store",22.5,"Local market",4.4,4.7,"Yes","No","Medium"
"GAHS-F1429","Ahafo",7.5639,-2.3168,"Male",44,"SHS",4,28,2.82,"Owned","Cocoa","Yes","Goat/Sheep","Moderate",1515,"No","Major",2023,"Yes",34,"Yes","No",3,"Yes",1.83,5.16,2647,13659,1219,12440,91.1,"No",NA,"None","No storage",20.5,"Local market",15.9,3.8,"Yes","No","High"
"GAHS-F1430","Northern",8.922,-0.5118,"Female",23,"Tertiary",1,0,1.47,"Communal","Yam","Yes","Pig","Moderate",839,"Yes","Major",2022,"Yes",75.6,"No","No",2,"No",3.2,4.7,4119,19359,1027,18332,94.7,"Yes",2255,"Moneylender","On-farm store",27.1,"Exporter",26.6,4.2,"Yes","No","Low"
"GAHS-F1431","Eastern",6.5802,-0.2468,"Female",44,"None",3,28,4.98,"Owned","Oil Palm","No","None","Moderate",1322,"Yes","Major",2021,"Yes",47.7,"Yes","No",2,"No",1.3,6.47,927,5998,2349,3649,60.8,"No",NA,"None","No storage",19.5,"Farmgate",7.6,6.1,"Yes","No","Medium"
"GAHS-F1432","Bono East",7.9689,-1.3947,"Male",65,"JHS",7,50,2.29,"Owned","Yam","No","None","Moderate",595,"Yes","Minor",2023,"Yes",NA,"No","Yes",4,"Yes",3.33,7.63,2289,17465,1163,NA,93.3,"No",NA,"None","No storage",30.1,"Local market",2.8,4.2,"Yes","No","High"
"GAHS-F1433","Upper West",10.2623,-2.5631,"Male",31,"Primary",7,14,2.76,"Sharecrop","Cowpea","No","None","Excellent",669,"No","Minor",2023,"Yes",93.7,"No","No",8,"No",2.68,7.4,1160,8584,1557,7027,81.9,"No",NA,"None","On-farm store",27,"Local market",6.3,4.2,"Yes","Yes","Medium"
"GAHS-F1434","Bono East",8.1228,-1.9467,"Male",30,"None",5,13,1.41,"Sharecrop","Pepper","Yes","Goat/Sheep","Good",1341,"Yes","Major",2021,"No",0,"Yes","Yes",2,"No",3.85,5.43,756,4105,666,3439,83.8,"No",NA,"None","On-farm store",16.4,"Regional market",4.9,7.4,"Yes","No","Medium"
"GAHS-F1435","Ahafo",6.5126,-2.2581,"Female",43,"JHS",5,23,6.39,"Sharecrop","Cocoa","No","None","Good",1184,"No","Minor",2023,"Yes",66.6,"No","Yes",5,"Yes",3.24,20.7,1104,22853,3321,19532,85.5,"No",NA,"None","No storage",22.1,"Local market",14.2,3.6,"Yes","No","High"
"GAHS-F1436","Bono East",8.027,-1.4241,"Female",32,"SHS",2,9,1.19,"Gift","Rice","Yes","Goat/Sheep","Excellent",802,"No","Major",2023,"Yes",86.7,"No","No",2,"Yes",NA,1.27,2261,2871,554,2317,80.7,"No",NA,"None","Warehouse",18.7,"Local market",1.1,5.4,"Yes","No","Medium"
"GAHS-F1437","Western North",6.0856,-2.2603,"Male",30,"None",10,17,5.3,"Owned","Cocoa","Yes","Goat/Sheep","Good",NA,"No","Minor",2021,"No",0,"Yes","No",2,"No",2.58,13.67,1225,16746,1894,14852,88.7,"No",NA,"None","No storage",14.9,"Cooperative",4.6,2.2,"Yes","No","Low"
"GAHS-F1438","Northern",9.5113,-0.5201,"Male",34,"JHS",6,17,4.34,"Communal","Millet","No","None","Moderate",1068,"Yes","Major",2022,"Yes",83.3,"Yes","Yes",4,"No",4.03,17.49,1332,23297,2213,NA,90.5,"No",NA,"None","No storage",21.1,"Local market",6.1,5.5,"Yes","No","High"
"GAHS-F1439","Upper East",10.7485,-0.3635,"Male",48,"SHS",8,31,1.51,"Leased","Maize","No","None","Good",691,"Yes","Minor",2023,"No",0,"No","No",2,"Yes",2.03,3.07,3668,11261,660,NA,94.1,"Yes",18423,"Bank","No storage",23.3,"Local market",52.7,2.3,"Yes","No","Low"
"GAHS-F1440","Volta",6.7732,1.087,"Female",27,"JHS",8,7,NA,"Sharecrop","Rice","Yes","Goat/Sheep","Poor",1189,"Yes","Minor",2022,"No",0,"No","Yes",0,"No",4.04,22.66,3058,69294,2209,67085,95,"No",NA,"None","No storage",26.2,"Farmgate",16.9,5,"Yes","No","Low"
"GAHS-F1441","Upper East",10.4369,-0.9315,"Male",20,"Primary",5,2,2.79,"Communal","Cowpea","Yes","Poultry","Poor",747,"Yes","Minor",2022,"No",0,"Yes","No",1,"No",2.47,6.89,5615,38687,1305,37382,95,"Yes",927,"MFI","On-farm store",28.3,"Local market",60.9,2.7,"Yes","No","Low"
"GAHS-F1442","Central",5.2773,-1.1931,"Female",34,"SHS",6,13,2.67,"Sharecrop","Cocoa","No","None","Moderate",1421,"No","Major",2022,"Yes",107.6,"Yes","No",0,"Yes",4.4,11.75,2079,24428,1621,22807,93.4,"No",NA,"None","Rented silo",22.9,"Farmgate",9.4,4.5,"Yes","Yes","Medium"
"GAHS-F1443","Ashanti",7.1389,-2.092,"Male",54,"SHS",4,33,0.65,"Owned","Cocoa","No","None","Excellent",1669,"Yes","Minor",2022,"Yes",67.2,"No","Yes",3,"No",3.74,2.43,1605,3900,216,3684,94.4,"No",NA,"None","No storage",33.8,"Regional market",4.7,2.8,"Yes","No","Medium"
"GAHS-F1444","Western",5.4235,-1.9212,"Female",57,"None",7,43,3.76,"Owned","Oil Palm","Yes","Poultry","Good",1252,"No","Major",2022,"Yes",5,"No","No",3,"Yes",2.65,9.96,1807,17998,1578,16420,91.2,"Yes",1958,"Family","On-farm store",21.1,"Regional market",6.8,4.8,"Yes","No","Medium"
"GAHS-F1445","Ahafo",6.8747,-2.7592,"Male",45,"SHS",4,22,1.59,"Sharecrop","Cassava","No","None","Moderate",1286,"No","Minor",2022,"Yes",100.1,"No","No",3,"No",2.79,4.44,3562,15815,638,15177,95,"No",NA,"None","Warehouse",16.6,"Regional market",1.6,4.2,"Yes","No","Medium"
"GAHS-F1446","North East",10.5091,-0.3627,"Female",29,"Primary",5,12,2.98,"Communal","Millet","No","None","Excellent",693,"Yes","Minor",2023,"No",0,"No","No",2,"No",1.5,4.47,826,3692,1053,2639,71.5,"No",NA,"None","No storage",26.7,"Regional market",42.1,7.9,"Yes","No","Low"
"GAHS-F1447","Bono",7.1451,-1.8442,"Female",44,"JHS",4,24,0.69,"Gift","Tomato","Yes","Mixed","Good",894,"No","Major",2023,"No",0,"No","No",2,"No",3.1,2.14,1262,2701,378,2323,86,"Yes",1696,"Family","On-farm store",NA,"Farmgate",15.8,2.4,"Yes","No","Low"
"GAHS-F1448","Northern",9.1915,-1.45,"Male",39,"JHS",5,23,2.67,"Leased","Sorghum","No","None","Excellent",980,"No","Major",2021,"Yes",76.6,"No","Yes",3,"Yes",4.62,12.34,1484,18313,1543,16770,91.6,"No",NA,"None","On-farm store",13.5,"Regional market",0.5,3.4,"Yes","No","High"
"GAHS-F1449","Ashanti",6.729,-2.1609,"Female",38,"None",4,18,6.84,"Owned","Cocoa","Yes","Mixed","Good",1324,"Yes","Major",2023,"Yes",20,"No","No",2,"No",3.82,26.13,2229,58244,3003,55241,94.8,"Yes",455,"Bank","No storage",23.3,"Processor",8.4,3.5,"Yes","Yes","Low"
"GAHS-F1450","Northern",9.0301,-1.3374,"Female",68,"SHS",8,48,1.84,"Leased","Groundnut","No","None","Excellent",976,"Yes","Minor",2021,"No",0,"No","Yes",1,"No",1.35,2.48,1345,3336,796,2540,76.1,"Yes",1220,"Bank","No storage",10.2,"Farmgate",37.4,3.9,"Yes","No","Low"
"GAHS-F1451","Northern",9.7805,-1.3745,"Male",39,"JHS",5,22,2.41,"Owned","Maize","No","None","Moderate",852,"No","Minor",2021,"No",0,"No","No",1,"No",2.64,6.36,906,5762,1171,4591,79.7,"Yes",1242,"SACCO","On-farm store",19.3,"Local market",1.5,5.2,"Yes","No","Low"
"GAHS-F1452","Western",5.6773,-1.6008,"Female",57,"None",5,36,2.17,"Sharecrop","Cocoa","No","None","Good",1546,"Yes","Minor",2022,"Yes",76.7,"Yes","No",2,"No",1.75,3.8,1349,5126,1240,3886,75.8,"No",NA,"None","On-farm store",31.5,"Local market",4.8,6.3,"Yes","No","Medium"
"GAHS-F1453","Northern",9.8764,-0.2329,"Male",49,"JHS",1,33,3.78,"Communal","Maize","Yes","Poultry","Poor",847,"Yes","Minor",2021,"No",0,"No","No",0,"No",NA,4.35,897,3902,1466,2436,62.4,"No",NA,"None","On-farm store",11.5,"Local market",15.9,4.6,"Yes","No","Low"
"GAHS-F1454","Volta",7.6479,-0.1325,"Female",55,"Primary",4,41,1.2,"Gift","Maize","No","None","Moderate",1231,"Yes","Minor",2023,"No",0,"Yes","No",2,"No",2.38,2.86,1861,5322,413,4909,92.2,"Yes",2657,"MFI","On-farm store",19,"Local market",6.4,2.1,"Yes","No","Low"
"GAHS-F1455","Savannah",9.1638,-2.1517,"Male",23,"Primary",6,0,4.67,"Owned","Groundnut","Yes","Mixed","Moderate",1098,"Yes","Minor",2022,"No",0,"No","No",3,"No",2.45,11.44,2189,25042,1883,23159,92.5,"No",NA,"None","Warehouse",0,"Processor",37.4,4.1,"Yes","Yes","Low"
"GAHS-F1456","Western",5.1069,-1.6096,"Male",69,"SHS",3,48,0.53,"Leased","Cocoa","Yes","Cattle","Poor",1519,"Yes","Major",2022,"No",0,"Yes","No",1,"Yes",NA,2.16,1052,2272,205,2067,90.9,"No",NA,"None","On-farm store",22.9,"Processor",4.4,3.5,"Yes","No","Medium"
"GAHS-F1457","Northern",9.9374,-1.4535,"Female",31,"Primary",2,10,1.31,"Sharecrop","Maize","Yes","Goat/Sheep","Moderate",400,"Yes","Major",2021,"Yes",5,"No","Yes",0,"Yes",4.47,5.86,1171,6862,320,6542,95,"No",NA,"None","Warehouse",19.8,"Processor",19.5,4.2,"Yes","No","Medium"
"GAHS-F1458","Central",6.0978,-1.5408,"Male",35,"Primary",4,18,7.36,"Communal","Maize","Yes","Goat/Sheep","Poor",1632,"Yes","Minor",2023,"No",0,"No","Yes",1,"No",1.52,11.19,1149,12857,2945,9912,77.1,"No",NA,"None","No storage",25.2,"Regional market",29.2,4.6,"Yes","No","Low"
"GAHS-F1459","Northern",10.13,-0.784,"Male",26,"None",3,10,13.03,"Owned","Maize","Yes","Goat/Sheep","Moderate",798,"Yes","Major",2023,"Yes",NA,"No","No",0,"Yes",2.88,37.53,1793,67291,7480,59811,88.9,"No",NA,"None","On-farm store",11.4,"Regional market",10.7,5.4,"Yes","No","Medium"
"GAHS-F1460","Eastern",6.209,-0.7396,"Female",41,"SHS",3,18,13.18,"Leased","Oil Palm","Yes","Poultry","Excellent",1703,"No","Minor",2022,"No",0,"No","No",4,"No",2.77,36.51,1355,49471,5392,44079,89.1,"No",NA,"None","On-farm store",19.3,"Farmgate",7.3,4.1,"Yes","No","Low"
"GAHS-F1461","Central",5.122,-0.6582,"Male",44,"Primary",7,28,0.74,"Sharecrop","Oil Palm","No","None","Moderate",1506,"No","Minor",2021,"Yes",38.4,"No","Yes",2,"No",3.25,2.4,941,2258,604,1654,73.2,"No",NA,"None","On-farm store",19.9,"Exporter",1.3,4.2,"Yes","No","Medium"
"GAHS-F1462","Bono East",7.865,-2.0858,"Male",32,"Primary",7,19,0.92,"Leased","Maize","No","None","Poor",1017,"No","Major",2023,"No",0,"No","No",1,"No",0.8,0.74,3706,2742,489,2253,82.1,"No",NA,"None","On-farm store",13,"Local market",0.5,4.7,"Yes","No","Low"
"GAHS-F1463","Bono",8.2915,-2.9514,"Female",53,"Primary",1,33,2.37,"Owned","Cassava","Yes","Mixed","Moderate",949,"Yes","Major",2021,"No",0,"No","No",2,"No",1.67,3.96,781,3093,986,2107,68.1,"No",NA,"None","No storage",12.8,"Regional market",2.5,3.2,"Yes","No","Low"
"GAHS-F1464","Northern",10.1844,-0.3249,"Male",46,"JHS",4,28,7.23,"Sharecrop","Maize","Yes","Pig","Good",710,"No","Minor",2022,"Yes",30,"No","No",2,"No",1.81,13.09,1192,15603,3268,12335,79.1,"No",NA,"None","Rented silo",30.1,"Farmgate",25.1,5.5,"Yes","No","Low"
"GAHS-F1465","North East",10.4282,-0.716,"Female",42,"None",6,23,6.71,"Owned","Maize","Yes","Goat/Sheep","Good",779,"Yes","Minor",2021,"Yes",87.7,"No","Yes",4,"No",3.82,25.63,947,24272,3501,20771,85.6,"No",NA,"None","No storage",15.6,"Farmgate",22.6,8.5,"Yes","No","Medium"
"GAHS-F1466","Ashanti",7.0913,-2.2402,"Male",50,"None",4,34,3.52,"Sharecrop","Cocoa","Yes","Pig","Good",1811,"Yes","Major",2022,"Yes",146.6,"No","Yes",5,"Yes",3.52,12.39,1498,18560,2306,16254,87.6,"Yes",326,"MFI","On-farm store",11.1,"Farmgate",5.2,7.2,"Yes","No","High"
"GAHS-F1467","Ahafo",7.5251,-3.0854,"Female",32,"Primary",5,15,5.63,"Leased","Plantain","Yes","Goat/Sheep","Good",1673,"Yes","Major",2022,"No",0,"No","No",3,"No",3.04,17.12,3185,54527,2355,52172,95,"Yes",2074,"SACCO","No storage",17.5,"Farmgate",4.6,3.4,"Yes","No","Low"
"GAHS-F1468","Western",5.3986,-2.0392,"Male",44,"JHS",3,21,NA,"Owned","Plantain","Yes","Poultry","Moderate",NA,"No","Minor",2023,"Yes",61,"No","No",0,"No",3.5,14.11,707,9976,1919,8057,80.8,"Yes",5327,"Bank","No storage",30.2,"Farmgate",0.5,3.5,"Yes","No","Low"
"GAHS-F1469","Greater Accra",5.1218,0.3571,"Female",45,"Primary",5,28,0.83,"Communal","Tomato","Yes","Poultry","Moderate",935,"No","Major",2023,"No",0,"No","No",1,"Yes",1.99,1.65,1418,2340,100,2240,95,"No",NA,"None","Warehouse",15.2,"Exporter",0.8,3.1,"Yes","No","Low"
"GAHS-F1470","Western",4.5101,-2.0634,"Male",48,"Primary",5,30,1.19,"Leased","Plantain","No","None","Good",1805,"Yes","Major",2022,"No",0,"No","No",1,"Yes",1.02,1.21,3557,4304,433,3871,89.9,"Yes",2244,"SACCO","Warehouse",6.2,"Regional market",3.7,2.7,"Yes","No","Low"
"GAHS-F1471","Eastern",6.9806,0.0799,"Female",51,"Primary",4,31,8.27,"Leased","Plantain","No","None","Moderate",1763,"Yes","Minor",2023,"Yes",5,"No","No",5,"No",3.14,25.97,1261,32748,3054,29694,90.7,"No",NA,"None","On-farm store",19.2,"Farmgate",11.2,6.3,"Yes","No","Medium"
"GAHS-F1472","Western",4.9617,-1.685,"Male",53,"SHS",8,33,3.51,"Owned","Cocoa","Yes","Mixed","Good",1617,"Yes","Minor",2023,"Yes",NA,"Yes","No",2,"No",2.77,9.72,1071,10410,1779,8631,82.9,"Yes",3943,"Bank","No storage",25.2,"Processor",13.2,4.1,"Yes","No","Medium"
"GAHS-F1473","Northern",9.4774,-1.2948,"Male",37,"JHS",7,14,2.24,"Gift","Yam","Yes","Cattle","Moderate",1019,"No","Major",2023,"No",0,"Yes","No",0,"Yes",1.53,3.43,5408,18549,885,17664,95,"Yes",847,"SACCO","No storage",19.5,"Farmgate",0.5,3.4,"Yes","No","Medium"
"GAHS-F1474","Northern",9.7481,-0.2325,"Male",67,"JHS",3,49,0.95,"Leased","Groundnut","No","None","Moderate",854,"Yes","Minor",2022,"No",0,"No","Yes",0,"Yes",3.21,3.05,1062,3239,380,2859,88.2,"No",NA,"None","No storage",14.1,"Cooperative",1.6,1.5,"Yes","Yes","Medium"
"GAHS-F1475","Ahafo",6.6459,-2.1507,"Male",33,"Primary",5,17,1.2,"Owned","Oil Palm","No","None","Poor",1697,"No","Major",2022,"Yes",24.2,"No","No",2,"No",2.1,2.52,2247,5662,418,5244,92.6,"No",NA,"None","On-farm store",17.6,"Processor",NA,4.5,"Yes","No","Low"
"GAHS-F1476","Greater Accra",4.9657,0.1997,"Female",63,"JHS",3,41,2.04,"Owned","Maize","Yes","Poultry","Good",759,"Yes","Major",2022,"Yes",69.3,"No","No",1,"Yes",2.21,4.51,3537,15952,1231,14721,92.3,"No",NA,"None","Rented silo",18.7,"Local market",0.5,4.6,"Yes","No","Medium"
"GAHS-F1477","Volta",6.555,0.8341,"Male",43,"JHS",3,25,0.9,"Owned","Cassava","No","None","Good",1177,"Yes","Major",2021,"No",0,"No","Yes",1,"No",3.01,2.71,4312,11686,NA,11246,95,"No",NA,"None","No storage",20.2,"Processor",14,4,"Yes","No","Low"
"GAHS-F1478","Northern",9.4169,-0.6109,"Male",46,"None",1,26,3.02,"Gift","Groundnut","Yes","Cattle","Moderate",1646,"No","Minor",2023,"No",0,"No","No",1,"No",2.41,7.28,2002,14575,1320,13255,90.9,"No",NA,"None","No storage",26.4,"Cooperative",15.4,5.3,"Yes","No","Low"
"GAHS-F1479","Ashanti",6.7306,-1.7049,"Male",58,"None",6,42,2.01,"Communal","Cassava","Yes","Goat/Sheep","Moderate",1872,"No","Major",2023,"Yes",106.5,"No","No",4,"Yes",2.25,4.52,2186,NA,NA,9024,91.3,"Yes",3273,"Bank","Warehouse",12.8,"Regional market",5.1,4.2,"Yes","Yes","Medium"
"GAHS-F1480","Bono East",7.253,-1.8157,"Male",48,"SHS",2,28,3.16,"Communal","Yam","Yes","Poultry","Good",1036,"No","Major",2023,"No",0,"No","Yes",4,"Yes",2.3,7.27,2449,17804,1099,16705,93.8,"No",NA,"None","On-farm store",10.6,"Regional market",1.9,3.8,"Yes","Yes","Medium"
"GAHS-F1481","Upper West",10.6886,-2.8866,"Male",48,"SHS",7,32,1.05,"Sharecrop","Cowpea","Yes","Goat/Sheep","Moderate",1176,"No","Major",2023,"No",0,"No","No",3,"Yes",NA,1.41,1592,2245,643,1602,71.3,"No",NA,"None","No storage",19.5,"Farmgate",29,2.9,"Yes","No","Medium"
"GAHS-F1482","Bono East",7.3869,-1.9884,"Female",50,"Tertiary",8,29,3.24,"Leased","Rice","No","None","Good",935,"No","Major",2023,"Yes",90.3,"Yes","No",2,"No",1.95,6.32,3451,21810,1742,20068,92,"No",NA,"None","On-farm store",22.9,"Cooperative",1.4,4.3,"Yes","No","Medium"
"GAHS-F1483","Bono East",7.6594,-1.3846,"Male",57,"Primary",4,41,0.98,"Owned","Cassava","No","None","Good",1165,"No","Major",2023,"Yes",84.3,"No","No",3,"No",3.62,3.55,1402,4977,NA,4638,93.2,"Yes",2556,"MFI","No storage",13.8,"Farmgate",0.8,1.9,"Yes","No","Medium"
"GAHS-F1484","Ahafo",7.3307,-3.0995,"Male",33,"None",4,12,2.21,"Owned","Cocoa","No","None","Moderate",1318,"No","Minor",2021,"No",0,"Yes","No",2,"No",3.03,6.7,892,5976,738,NA,87.6,"Yes",319,"Moneylender","Warehouse",8.8,"Regional market",2,3.9,"Yes","No","Low"
"GAHS-F1485","Bono East",8.4221,-1.5796,"Female",51,"JHS",3,33,10.49,"Sharecrop","Rice","No","None","Moderate",538,"No","Minor",2022,"Yes",116.6,"No","No",2,"No",1.35,14.16,1190,16850,6375,10475,62.2,"No",NA,"None","Rented silo",16.8,"Farmgate",14.6,5.3,"Yes","No","Low"
"GAHS-F1486","Ashanti",7.2743,-2.1214,"Female",39,"JHS",3,20,1.4,"Communal","Plantain","Yes","Poultry","Poor",1901,"Yes","Major",2021,"No",0,"No","No",1,"No",1.26,1.76,1188,2091,549,1542,73.7,"No",NA,"None","No storage",8.9,"Regional market",11.4,3.5,"Yes","No","Low"
"GAHS-F1487","Ashanti",6.5011,-1.4532,"Female",61,"Primary",8,39,3.94,"Owned","Cassava","No","None","Moderate",1234,"No","Major",2021,"Yes",136.9,"No","Yes",2,"Yes",2.82,11.11,1994,22153,2334,19819,89.5,"No",NA,"None","No storage",30.7,"Farmgate",6.2,6.4,"Yes","No","Medium"
"GAHS-F1488","Upper East",10.3008,-1.0409,"Male",55,"JHS",7,34,2,"Communal","Groundnut","Yes","Poultry","Good",692,"Yes","Minor",2022,"No",0,"No","No",4,"No",1.17,2.34,1947,NA,708,3848,84.4,"No",NA,"None","On-farm store",24.8,"Regional market",NA,3.5,"Yes","No","Low"
"GAHS-F1489","Greater Accra",5.5932,-0.821,"Female",59,"Primary",2,44,3.98,"Owned","Tomato","Yes","Cattle","Good",1107,"No","Minor",2022,"No",0,"No","No",1,"No",1.28,5.09,1387,7060,NA,5535,78.4,"No",NA,"None","No storage",24.6,"Farmgate",2.2,4.7,"Yes","No","Low"
"GAHS-F1490","Bono East",8.1976,-1.2786,"Male",34,"Primary",5,18,2.3,"Owned","Cassava","Yes","Mixed","Moderate",986,"Yes","Major",2022,"Yes",32.3,"Yes","Yes",2,"No",3.03,6.97,1726,12030,1098,10932,90.9,"Yes",837,"Family","On-farm store",15.6,"Processor",2.9,4,"Yes","No","Medium"
"GAHS-F1491","Upper West",10.2741,-3.0261,"Male",49,"SHS",8,36,3.13,"Gift","Maize","Yes","Goat/Sheep","Moderate",858,"Yes","Major",2021,"Yes",92.3,"No","No",5,"No",1.97,6.17,2663,16431,1922,14509,88.3,"No",NA,"None","No storage",15,"Farmgate",18.2,3.4,"Yes","No","Medium"
"GAHS-F1492","Eastern",6.8321,0.1792,"Female",37,"JHS",7,10,0.75,"Owned","Plantain","No","None","Good",1549,"No","Major",2023,"No",0,"No","No",2,"Yes",2.2,1.65,1303,2150,NA,2050,95,"Yes",4040,"SACCO","No storage",12.4,"Local market",5,2.8,"Yes","No","Low"
"GAHS-F1493","Volta",6.4673,0.992,"Female",71,"None",5,55,6.25,"Gift","Rice","Yes","Goat/Sheep","Good",1218,"Yes","Minor",2023,"Yes",125.3,"No","No",1,"Yes",2.35,14.69,2257,33155,3961,29194,88.1,"No",NA,"None","No storage",NA,"Processor",2.3,NA,"Yes","Yes","Medium"
"GAHS-F1494","Ahafo",6.4937,-1.9048,"Male",50,"JHS",1,36,2.93,"Owned","Oil Palm","Yes","Poultry","Excellent",1675,"No","Major",2021,"No",0,"No","No",1,"No",1.63,4.78,1548,7399,1406,5993,81,"No",NA,"None","Rented silo",0,"Cooperative",8.2,6.3,"Yes","No","Low"
"GAHS-F1495","Ashanti",6.9667,-2.1234,"Male",39,"SHS",7,19,4.24,"Owned","Yam","No","None","Poor",1462,"Yes","Minor",2023,"Yes",77.2,"No","No",2,"Yes",2.63,11.15,1307,14573,2285,12288,84.3,"Yes",2364,"Family","Warehouse",15.9,"Farmgate",4.7,3.8,"Yes","No","Medium"
"GAHS-F1496","Savannah",9.5924,-1.5779,"Male",28,"None",4,7,3,"Owned","Sorghum","Yes","Goat/Sheep","Good",920,"No","Minor",2021,"Yes",96,"No","No",1,"No",2.25,6.75,1106,7466,1699,5767,77.2,"Yes",4444,"Bank","On-farm store",27.8,"Processor",4.2,5.6,"Yes","No","Low"
"GAHS-F1497","Upper West",10.0468,-2.5812,"Female",71,"Tertiary",6,51,1.07,"Communal","Cowpea","Yes","Mixed","Good",670,"Yes","Minor",2023,"Yes",118.4,"No","No",2,"No",3.06,3.27,1368,4473,461,NA,89.7,"No",NA,"None","No storage",25.2,"Regional market",5.3,5,"Yes","No","Low"
"GAHS-F1498","Savannah",9.6912,-1.2781,"Male",61,"Tertiary",2,38,16.08,"Communal","Sorghum","Yes","Goat/Sheep","Excellent",1253,"No","Minor",2023,"No",0,"No","Yes",2,"No",3.61,58.05,1183,68673,6238,62435,90.9,"No",NA,"None","On-farm store",19.6,"Farmgate",NA,3.6,"Yes","Yes","Low"
"GAHS-F1499","Bono",7.7631,-2.7465,"Male",75,"Tertiary",2,55,1.4,"Owned","Yam","Yes","Cattle","Moderate",809,"No","Minor",2023,"No",0,"No","Yes",0,"Yes",1.54,2.16,763,1648,424,1224,74.2,"No",NA,"None","On-farm store",35.7,"Farmgate",8,4.8,"Yes","No","Medium"
"GAHS-F1500","Bono",7.8004,-2.2699,"Female",37,"JHS",1,18,13.67,"Leased","Yam","No","None","Moderate",798,"No","Major",2023,"Yes",107.9,"No","No",3,"Yes",3.49,47.71,4358,207920,8213,199707,95,"Yes",1541,"Family","Warehouse",9.6,"Regional market",5.6,2.6,"Yes","Yes","Medium"
"GAHS-F1501","Western North",6.2119,-2.3183,"Male",31,"JHS",1,9,1.62,"Owned","Cocoa","Yes","Pig","Good",1815,"No","Major",2022,"Yes",69.8,"No","No",3,"No",1.13,1.83,1264,2313,624,1689,73,"No",NA,"None","No storage",23.3,"Regional market",2.1,5.9,"Yes","No","Medium"
"GAHS-F1502","Northern",10.0564,-1.3147,"Female",61,"JHS",4,44,10.52,"Leased","Cowpea","No","None","Good",943,"No","Minor",2023,"Yes",127.6,"No","No",2,"No",3.73,39.24,5060,198554,6617,191937,95,"No",NA,"None","On-farm store",10,"Regional market",15.1,1.1,"Yes","No","Low"
"GAHS-F1503","Ahafo",7.0728,-3.1465,"Female",46,"None",8,30,0.96,"Owned","Plantain","Yes","Pig","Good",1309,"No","Major",2023,"No",0,"No","No",0,"Yes",0.94,0.9,734,661,458,203,30.7,"No",NA,"None","No storage",29.2,"Farmgate",7.3,6,"Yes","No","Low"
"GAHS-F1504","Ashanti",7.3365,-1.4424,"Female",28,"Primary",4,9,2.69,"Gift","Oil Palm","No","None","Good",1421,"Yes","Major",2022,"No",0,"Yes","No",0,"Yes",1.44,3.87,2615,10120,1413,8707,86,"Yes",746,"Bank","Warehouse",8.9,"Farmgate",NA,NA,"Yes","No","Medium"
"GAHS-F1505","Western",4.984,-1.9473,"Female",52,"JHS",3,36,2.97,"Owned","Plantain","Yes","Poultry","Moderate",1702,"No","Major",2021,"No",0,"No","No",3,"No",1.5,4.46,942,4201,916,NA,78.2,"Yes",1303,"MFI","No storage",12.7,"Local market",1.3,NA,"Yes","No","Low"
"GAHS-F1506","Bono East",7.8222,-1.7759,"Female",33,"JHS",5,13,3.37,"Leased","Maize","Yes","Pig","Moderate",981,"No","Major",2021,"No",0,"No","No",1,"No",1.24,4.18,1195,4995,1247,3748,75,"No",NA,"None","Warehouse",23.8,"Local market",4.5,4.7,"Yes","No","Low"
"GAHS-F1507","Ashanti",7.2649,-1.6841,"Male",23,"None",2,4,2.15,"Owned","Plantain","Yes","Goat/Sheep","Moderate",1833,"No","Major",2021,"Yes",70.4,"Yes","Yes",1,"No",3.65,7.85,1101,8643,1274,7369,85.2,"No",NA,"None","No storage",15.9,"Farmgate",6,5.4,"Yes","No","Medium"
"GAHS-F1508","Ahafo",6.6326,-2.8238,"Female",44,"Primary",4,23,2.4,"Sharecrop","Cassava","No","None","Poor",1572,"No","Minor",2021,"No",NA,"Yes","No",2,"No",3.08,7.39,2776,20515,691,19824,95,"Yes",1472,"MFI","On-farm store",14.8,"Farmgate",0.7,3.1,"Yes","No","Low"
"GAHS-F1509","Northern",9.4132,-0.7014,"Female",39,"Primary",7,21,1.55,"Communal","Groundnut","Yes","Goat/Sheep","Good",779,"Yes","Minor",2021,"Yes",91.9,"No","No",3,"No",3.4,5.27,656,3457,951,2506,72.5,"No",NA,"None","Warehouse",10.6,"Local market",2,5.9,"Yes","No","Medium"
"GAHS-F1510","Upper East",10.6562,-0.9901,"Female",40,"Primary",6,28,2.21,"Sharecrop","Millet","No","None","Excellent",714,"No","Major",2022,"Yes",77.8,"Yes","No",4,"Yes",2.67,5.9,1417,8360,1260,7100,84.9,"Yes",3430,"MFI","On-farm store",NA,"Local market",7.8,3.9,"Yes","No","High"
"GAHS-F1511","Eastern",7.0583,0.1458,"Male",32,"JHS",10,18,11.59,"Gift","Plantain","Yes","Poultry","Moderate",1249,"Yes","Minor",2021,"No",0,"Yes","No",3,"No",3.07,35.58,978,34797,4574,30223,86.9,"No",NA,"None","On-farm store",20,"Local market",1.5,4.7,"Yes","No","Medium"
"GAHS-F1512","Northern",9.1273,-0.4817,"Female",36,"Primary",4,15,2.25,"Sharecrop","Maize","Yes","Poultry","Poor",626,"Yes","Minor",2021,"No",0,"No","No",2,"No",NA,6.64,2128,14130,886,13244,93.7,"Yes",4903,"Family","On-farm store",11.6,"Local market",20.4,3.6,"Yes","No","Low"
"GAHS-F1513","Upper East",10.8129,-0.3216,"Male",61,"JHS",5,42,1.18,"Owned","Sorghum","No","None","Moderate",719,"Yes","Major",2021,"Yes",NA,"No","Yes",0,"No",1.69,1.99,1991,3962,766,3196,80.6,"No",NA,"None","No storage",29.2,"Regional market",8.4,5.2,"Yes","Yes","Medium"
"GAHS-F1514","Oti",8.105,0.9016,"Male",72,"Primary",7,55,8.59,"Owned","Cassava","No","None","Poor",1114,"No","Major",2022,"Yes",119.8,"No","No",1,"No",4.47,38.4,1016,39014,5487,33527,85.9,"No",NA,"None","No storage",18.5,"Farmgate",5.5,4.4,"Yes","No","Low"
"GAHS-F1515","Central",4.949,-1.6246,"Male",43,"None",6,24,1.99,"Leased","Plantain","No","None","Moderate",1544,"Yes","Major",2022,"No",0,"Yes","No",2,"No",1.66,3.3,1240,4092,904,3188,77.9,"No",NA,"None","On-farm store",0,"Local market",17.7,4.4,"Yes","No","Low"
"GAHS-F1516","Upper East",10.7213,-0.9821,"Male",33,"None",8,16,10.62,"Sharecrop","Millet","No","None","Moderate",862,"Yes","Major",2022,"Yes",109.2,"No","No",3,"Yes",2,21.24,4888,103821,6441,97380,93.8,"No",NA,"None","No storage",39.8,"Exporter",10.7,4.3,"Yes","Yes","Medium"
"GAHS-F1517","Bono East",8.2944,-1.9815,"Male",28,"JHS",6,13,4.72,"Owned","Maize","No","None","Excellent",619,"Yes","Major",2023,"No",0,"No","No",4,"Yes",2.22,10.48,811,8499,1855,6644,78.2,"Yes",1535,"SACCO","No storage",20.1,"Processor",4.3,4.3,"Yes","Yes","Medium"
"GAHS-F1518","Northern",10.0987,-1.0762,"Male",31,"JHS",4,11,1.79,"Owned","Sorghum","Yes","Poultry","Good",1184,"Yes","Major",2023,"No",0,"No","No",2,"No",3.01,5.39,2046,11028,576,10452,94.8,"No",NA,"None","Rented silo",8,"Cooperative",15.1,4.9,"Yes","No","Low"
"GAHS-F1519","Western",5.1648,-1.5405,"Female",30,"Tertiary",6,11,2.94,"Communal","Cassava","Yes","Mixed","Poor",1088,"No","Minor",2022,"No",0,"No","No",3,"Yes",0.05,0.15,2135,NA,1135,-815,-80,"No",NA,"None","No storage",20.5,"Processor",32.5,5.8,"No","No","Medium"
"GAHS-F1520","Central",5.5787,-1.2213,"Male",54,"SHS",1,34,5.93,"Owned","Cassava","Yes","Poultry","Good",1346,"No","Minor",2021,"Yes",102.7,"Yes","Yes",5,"Yes",2.25,13.34,1232,16435,3523,12912,78.6,"No",NA,"None","On-farm store",19.8,"Regional market",9.3,5.9,"Yes","No","High"
"GAHS-F1521","Savannah",8.6507,-2.14,"Male",52,"JHS",5,32,3.28,"Gift","Maize","Yes","Poultry","Good",838,"Yes","Minor",2023,"No",0,"No","Yes",1,"No",1.85,6.07,2372,14398,1106,NA,92.3,"No",NA,"None","On-farm store",44.5,"Farmgate",42.1,4.1,"Yes","No","Low"
"GAHS-F1522","Bono",7.3774,-1.7403,"Male",69,"JHS",3,53,10.66,"Leased","Maize","No","None","Good",954,"No","Major",2022,"No",0,"No","Yes",2,"No",2.88,30.7,1295,39756,4118,35638,89.6,"No",NA,"None","Warehouse",11.8,"Processor",13.2,4.1,"Yes","No","Low"
"GAHS-F1523","Bono East",8.2683,-2.2232,"Male",48,"Primary",5,31,6.43,"Sharecrop","Yam","No","None","Excellent",534,"No","Major",2022,"No",0,"No","Yes",0,"No",1.48,9.52,3403,32397,2587,29810,92,"Yes",985,"Family","No storage",18,"Exporter",1.5,5.8,"Yes","No","Low"
"GAHS-F1524","Northern",9.1224,-0.2884,"Female",57,"JHS",11,41,1.63,"Owned","Sorghum","Yes","Pig","Excellent",1310,"Yes","Major",2022,"Yes",76.5,"No","Yes",1,"No",2.55,4.16,689,2866,704,2162,75.4,"No",NA,"None","On-farm store",20.9,"Local market",0.9,5.2,"Yes","No","Medium"
"GAHS-F1525","Central",5.3691,-1.3257,"Male",58,"None",4,38,4.35,"Owned","Plantain","No","None","Good",1609,"No","Minor",2021,"Yes",87,"No","No",4,"No",2.28,9.92,1363,13521,2458,11063,81.8,"No",NA,"None","On-farm store",12.6,"Farmgate",1,2.1,"Yes","No","Medium"
"GAHS-F1526","Bono East",7.7121,-1.7393,"Male",50,"JHS",6,28,NA,"Sharecrop","Yam","Yes","Mixed","Good",810,"Yes","Minor",2021,"Yes",127.6,"No","Yes",3,"Yes",3.1,6.88,1794,12343,1558,10785,87.4,"No",NA,"None","On-farm store",13.8,"Regional market",1.9,4.8,"Yes","Yes","High"
"GAHS-F1527","Greater Accra",6.084,-0.457,"Female",45,"JHS",4,27,6.23,"Owned","Pepper","No","None","Moderate",929,"Yes","Major",2022,"No",0,"No","Yes",0,"No",2.89,18,3258,58644,NA,56198,95,"No",NA,"None","On-farm store",21.4,"Regional market",0.5,5.3,"Yes","Yes","Low"
"GAHS-F1528","Eastern",7.1017,-0.2046,"Male",47,"SHS",6,31,0.92,"Owned","Plantain","No","None","Moderate",1510,"No","Major",2022,"No",0,"No","No",2,"No",2.11,1.94,1655,3211,381,2830,88.1,"No",NA,"None","No storage",15.7,"Farmgate",2.6,5.2,"Yes","No","Low"
"GAHS-F1529","Northern",9.8839,-0.5722,"Male",72,"JHS",6,51,13.1,"Owned","Millet","No","None","Excellent",999,"Yes","Major",2023,"Yes",86.9,"No","No",3,"Yes",2.95,38.65,1421,54922,7198,47724,86.9,"No",NA,"None","On-farm store",31.8,"Farmgate",23.5,4.1,"Yes","Yes","Medium"
"GAHS-F1530","Northern",9.5181,-1.332,"Female",22,"Primary",3,0,1.83,"Communal","Millet","No","None","Good",953,"Yes","Major",2022,"No",0,"No","No",0,"Yes",2.36,4.32,1333,5759,1080,4679,81.2,"No",NA,"None","No storage",20.6,"Local market",8,7,"Yes","No","Low"
"GAHS-F1531","Bono",7.642,-2.88,"Male",23,"JHS",7,6,0.85,"Leased","Maize","No","None","Good",881,"Yes","Minor",2022,"Yes",62.1,"No","Yes",5,"No",1.37,1.16,1381,1602,730,872,54.4,"No",NA,"None","Warehouse",7.3,"Farmgate",4.7,6.6,"Yes","No","Medium"
"GAHS-F1532","Upper West",9.7563,-2.2527,"Male",44,"Tertiary",3,27,6.03,"Owned","Cowpea","Yes","Goat/Sheep","Good",1039,"No","Minor",2021,"Yes",NA,"No","No",3,"Yes",3.47,20.92,1337,27970,2647,25323,90.5,"No",NA,"None","On-farm store",11.4,"Processor",31.8,3.5,"Yes","No","Medium"
"GAHS-F1533","Western North",6.1186,-2.1434,"Male",43,"None",9,24,4.63,"Sharecrop","Cassava","Yes","Mixed","Good",1514,"No","Minor",2023,"Yes",120.2,"No","No",0,"No",2.73,12.64,1096,13853,2943,10910,78.7,"No",NA,"None","No storage",11.8,"Local market",2.2,6,"Yes","No","Low"
"GAHS-F1534","Upper East",11.0287,-1.0661,"Male",24,"JHS",5,4,0.62,"Communal","Maize","Yes","Poultry","Poor",1116,"No","Minor",2022,"No",0,"No","No",0,"No",1.21,0.75,1039,779,226,553,70.9,"Yes",2510,"MFI","No storage",NA,"Local market",13.3,5.9,"Yes","No","Low"
"GAHS-F1535","Central",6.0997,-1.5497,"Female",46,"None",6,27,5.3,"Owned","Cocoa","No","None","Moderate",1511,"No","Major",2022,"No",0,"No","No",0,"No",1.64,8.69,2041,17736,2299,15437,87,"No",NA,"None","On-farm store",19.1,"Regional market",9.5,4.7,"Yes","No","Low"
"GAHS-F1536","Western",5.4425,-1.6687,"Female",34,"JHS",6,13,0.96,"Owned","Plantain","No","None","Moderate",1404,"Yes","Major",2023,"Yes",64.9,"No","No",3,"No",2.58,2.48,1314,3259,441,2818,86.4,"Yes",2004,"Bank","No storage",18.9,"Farmgate",0.7,6.4,"Yes","No","Medium"
"GAHS-F1537","Oti",7.5139,0.0801,"Male",45,"Tertiary",4,25,3.42,"Owned","Maize","No","None","Good",923,"Yes","Minor",2022,"Yes",108.4,"No","Yes",10,"Yes",3.54,12.11,2491,30166,2113,28053,93,"No",NA,"None","On-farm store",16.2,"Farmgate",0.7,4.1,"Yes","No","High"
"GAHS-F1538","Northern",9.474,-0.9582,"Female",67,"None",4,51,0.6,"Owned","Groundnut","Yes","Cattle","Good",524,"Yes","Major",2023,"Yes",45.2,"No","No",7,"Yes",2.06,1.24,1929,2392,281,2111,88.2,"No",NA,"None","On-farm store",21.7,"Local market",69.2,4.9,"Yes","No","Medium"
"GAHS-F1539","Bono",7.8905,-2.59,"Female",37,"SHS",2,20,1.12,"Leased","Maize","Yes","Mixed","Excellent",618,"No","Minor",2021,"No",0,"No","Yes",2,"No",3.54,3.96,1510,5980,334,5646,94.4,"No",NA,"None","No storage",26.7,"Farmgate",8.9,6.1,"Yes","No","Low"
"GAHS-F1540","Northern",9.8522,-0.7155,"Male",43,"Primary",6,24,2.08,"Communal","Maize","No","None","Poor",NA,"No","Major",2021,"No",0,"No","Yes",1,"No",2.05,4.26,1161,NA,949,3997,80.8,"No",NA,"None","No storage",24.5,"Local market",12.2,3.9,"Yes","No","Low"
"GAHS-F1541","Ahafo",7.4627,-1.8881,"Female",44,"Tertiary",3,24,2.81,"Owned","Yam","No","None","Moderate",1700,"No","Minor",2021,"Yes",116,"No","No",1,"Yes",1.87,5.25,2480,13020,1660,11360,87.2,"No",NA,"None","Rented silo",9,"Regional market",2.8,3.9,"Yes","No","Medium"
"GAHS-F1542","North East",10.7399,-0.7234,"Female",60,"JHS",6,43,1.73,"Owned","Groundnut","Yes","Pig","Excellent",776,"Yes","Major",2022,"Yes",112.3,"No","Yes",2,"No",3.09,5.35,984,5264,1049,4215,80.1,"No",NA,"None","On-farm store",24,"Farmgate",30.2,6,"Yes","No","Medium"
"GAHS-F1543","Western North",6.9084,-2.8722,"Male",41,"None",7,14,NA,"Sharecrop","Plantain","Yes","Goat/Sheep","Excellent",1726,"No","Major",2023,"No",0,"No","No",4,"No",2.34,4.19,1613,6758,412,6346,93.9,"No",NA,"None","On-farm store",12.8,"Farmgate",4.4,5.3,"Yes","No","Low"
"GAHS-F1544","Eastern",6.0742,0.0065,"Male",26,"SHS",6,13,1.23,"Owned","Oil Palm","Yes","Goat/Sheep","Poor",1434,"Yes","Minor",2022,"No",0,"No","No",3,"No",1.76,2.16,823,1778,272,1506,84.7,"No",NA,"None","Rented silo",NA,"Regional market",0.5,5.4,"Yes","No","Low"
"GAHS-F1545","Oti",7.6592,0.491,"Male",65,"Primary",2,48,1.19,"Sharecrop","Yam","Yes","Poultry","Good",1007,"Yes","Major",2023,"No",0,"No","Yes",0,"Yes",3.46,4.12,3803,15668,757,14911,95,"No",NA,"None","On-farm store",2.6,"Farmgate",17.6,4.4,"Yes","No","Medium"
"GAHS-F1546","Northern",9.8337,-0.3237,"Female",35,"None",7,20,3.97,"Gift","Cowpea","Yes","Poultry","Poor",766,"Yes","Major",2022,"Yes",47.9,"Yes","No",4,"No",3,11.91,4066,48426,1804,46622,95,"Yes",20044,"Family","Warehouse",23,"Regional market",9.7,4.7,"Yes","No","Medium"
"GAHS-F1547","Northern",9.1492,-1.1637,"Male",56,"None",3,40,5.22,"Owned","Sorghum","Yes","Cattle","Good",596,"No","Minor",2022,"No",0,"Yes","Yes",0,"No",2.58,13.47,2219,29890,2074,27816,93.1,"No",NA,"None","Rented silo",3.9,"Farmgate",6.4,3.2,"Yes","No","Medium"
"GAHS-F1548","Ashanti",6.2925,-1.2642,"Female",35,"None",9,16,2.24,"Owned","Plantain","Yes","Cattle","Moderate",1778,"Yes","Major",2021,"No",0,"No","No",1,"Yes",1.38,3.09,4726,14603,703,13900,95,"No",NA,"None","On-farm store",0,"Farmgate",4,4.6,"Yes","No","Low"
"GAHS-F1549","Upper East",11.4204,-0.4824,"Male",57,"JHS",3,40,1.17,"Communal","Millet","Yes","Mixed","Good",1087,"Yes","Major",2023,"Yes",44.8,"No","Yes",9,"No",2.87,3.36,3776,12687,600,12087,95,"Yes",1868,"MFI","On-farm store",24,"Processor",32.3,3.4,"Yes","Yes","Medium"
"GAHS-F1550","Upper West",10.679,-2.4998,"Male",71,"Tertiary",5,55,1.21,"Communal","Millet","Yes","Cattle","Excellent",963,"Yes","Minor",2022,"Yes",51.5,"Yes","No",2,"No",3.41,4.13,2335,9644,883,8761,90.8,"No",NA,"None","On-farm store",17,"Farmgate",15.1,6.4,"Yes","No","Medium"
"GAHS-F1551","Bono",7.1811,-2.5839,"Male",35,"None",5,14,2.95,"Leased","Maize","Yes","Goat/Sheep","Poor",1027,"No","Major",2023,"Yes",72.3,"No","Yes",0,"No",2.75,8.11,1546,12538,1509,11029,88,"No",NA,"None","Warehouse",4.6,"Cooperative",14.3,5.7,"Yes","No","Medium"
"GAHS-F1552","Ahafo",6.8319,-2.3861,"Female",36,"Primary",5,22,1.28,"Owned","Oil Palm","Yes","Cattle","Good",1540,"No","Major",2023,"Yes",129.7,"No","No",5,"Yes",4.45,5.7,1608,9166,757,8409,91.7,"No",NA,"None","On-farm store",17.8,"Cooperative",12.2,5.8,"Yes","No","Medium"
"GAHS-F1553","Northern",9.9871,-0.6909,"Male",33,"Tertiary",7,17,NA,"Communal","Sorghum","No","None","Poor",754,"No","Minor",2021,"Yes",73.4,"No","Yes",2,"No",NA,4.41,1186,5230,851,4379,83.7,"No",NA,"None","No storage",25,"Processor",15.1,5,"Yes","No","Medium"
"GAHS-F1554","Northern",9.3762,-1.2452,"Male",58,"SHS",6,38,3.35,"Sharecrop","Maize","No","None","Excellent",637,"No","Minor",2021,"Yes",68,"No","No",2,"Yes",2.88,9.65,1653,15951,1673,14278,89.5,"No",NA,"None","No storage",17,"Farmgate",37.3,3.5,"Yes","No","Medium"
"GAHS-F1555","Western North",6.7529,-2.2591,"Female",37,"SHS",6,19,6.88,"Leased","Plantain","Yes","Goat/Sheep","Good",1735,"No","Minor",2021,"Yes",78,"No","Yes",4,"Yes",3.61,24.84,1478,36714,4009,32705,89.1,"No",NA,"None","On-farm store",32.5,"Farmgate",9.9,2.9,"Yes","No","High"
"GAHS-F1556","Upper West",10.4629,-2.9921,"Male",46,"Primary",1,26,6.09,"Owned","Cowpea","Yes","Goat/Sheep","Poor",896,"Yes","Minor",2023,"No",0,"No","No",2,"No",2.25,13.7,1225,16782,2402,14380,85.7,"No",NA,"None","On-farm store",16.7,"Processor",22.3,3.4,"Yes","No","Low"
"GAHS-F1557","Ashanti",6.3112,-1.5866,"Female",66,"SHS",4,50,2.85,"Owned","Cocoa","Yes","Cattle","Poor",2029,"Yes","Major",2021,"No",0,"No","No",0,"No",1.19,3.39,3163,10723,1170,9553,89.1,"No",NA,"None","On-farm store",21.4,"Exporter",10.5,3,"Yes","No","Low"
"GAHS-F1558","Central",5.3095,-1.2298,"Male",51,"JHS",7,39,9.28,"Leased","Cassava","No","None","Poor",1751,"No","Minor",2023,"Yes",56.7,"No","Yes",3,"Yes",4.34,40.28,1137,45798,4527,41271,90.1,"No",NA,"None","No storage",8.2,"Cooperative",15.8,4.2,"Yes","No","High"
"GAHS-F1559","Ashanti",6.3461,-1.0954,"Male",36,"Primary",6,19,2.6,"Owned","Cocoa","No","None","Poor",1417,"Yes","Minor",2022,"Yes",90.5,"Yes","Yes",2,"No",4.38,11.39,1352,15399,1538,13861,90,"No",NA,"None","On-farm store",21.7,"Cooperative",6.6,3.7,"Yes","No","Medium"
"GAHS-F1560","Northern",9.1618,-0.523,"Female",40,"JHS",6,21,7.8,"Communal","Maize","Yes","Pig","Poor",1141,"Yes","Major",2021,"Yes",46.4,"No","No",3,"No",3.43,26.75,4266,114116,3767,110349,95,"No",NA,"None","On-farm store",15.8,"Processor",7.7,1.3,"Yes","No","Medium"
"GAHS-F1561","Western North",5.7978,-2.8425,"Male",32,"None",6,16,1.92,"Owned","Cocoa","No","None","Moderate",1410,"No","Major",2021,"No",0,"Yes","Yes",3,"Yes",3.61,6.93,2594,17976,617,17359,95,"Yes",990,"Bank","On-farm store",0,"Local market",1.1,2.5,"Yes","Yes","High"
"GAHS-F1562","Ahafo",7.1356,-1.958,"Male",56,"Primary",3,39,4.35,"Owned","Yam","No","None","Poor",1336,"No","Major",2021,"Yes",85.4,"No","No",2,"Yes",2.34,10.18,1176,NA,2579,9393,78.5,"No",NA,"None","No storage",13.5,"Farmgate",10.3,5.2,"Yes","No","Medium"
"GAHS-F1563","Upper West",10.5572,-2.9853,"Male",61,"Primary",4,47,1.88,"Leased","Groundnut","Yes","Pig","Moderate",1110,"No","Major",2023,"Yes",108.6,"No","Yes",2,"Yes",3.13,5.88,1138,6691,1121,5570,83.2,"Yes",1300,"Bank","On-farm store",1.7,"Local market",12.5,4.8,"Yes","Yes","Medium"
"GAHS-F1564","North East",10.3492,0.263,"Male",39,"SHS",5,22,NA,"Leased","Sorghum","Yes","Cattle","Good",1159,"Yes","Major",2022,"No",0,"Yes","No",3,"No",2.52,5.57,2340,13034,1185,11849,90.9,"Yes",1208,"MFI","No storage",32.4,"Local market",3.7,4.7,"Yes","No","Medium"
"GAHS-F1565","Northern",9.6924,-0.8807,"Female",40,"JHS",7,27,6.49,"Leased","Sorghum","No","None","Good",1133,"Yes","Minor",2021,"No",0,"No","No",4,"Yes",1,6.49,2552,16562,2610,13952,84.2,"No",NA,"None","No storage",23.9,"Farmgate",2.8,5.5,"Yes","No","Medium"
"GAHS-F1566","Western North",5.7738,-2.6011,"Male",55,"JHS",3,40,1.82,"Leased","Maize","Yes","Goat/Sheep","Good",1435,"No","Minor",2021,"Yes",76.9,"No","Yes",5,"No",2.67,4.86,2872,13958,822,NA,94.1,"No",NA,"None","No storage",35.9,"Farmgate",6.4,3.2,"Yes","No","Medium"
"GAHS-F1567","Bono East",7.9775,-1.077,"Male",50,"Primary",3,34,2.3,"Leased","Pepper","Yes","Poultry","Excellent",1150,"No","Major",2021,"No",0,"No","No",2,"Yes",1.12,2.58,4992,12879,643,12236,95,"No",NA,"None","No storage",9.6,"Exporter",1.7,4.4,"Yes","No","Low"
"GAHS-F1568","Western",5.3792,-1.6283,"Male",43,"JHS",1,26,1.32,"Communal","Cocoa","Yes","Goat/Sheep","Moderate",1780,"Yes","Major",2022,"No",0,"Yes","No",5,"No",3.54,4.67,3356,15673,492,15181,95,"No",NA,"None","On-farm store",14,"Processor",8.2,5.7,"Yes","No","Medium"
"GAHS-F1569","Upper East",10.4626,-0.4472,"Female",57,"JHS",4,44,1.98,"Communal","Maize","Yes","Poultry","Excellent",575,"Yes","Major",2023,"No",0,"No","No",3,"Yes",2.16,4.28,2510,10743,700,10043,93.5,"No",NA,"None","On-farm store",12.2,"Farmgate",4,5.4,"Yes","Yes","Medium"
"GAHS-F1570","Western",4.6959,-2.0143,"Female",63,"SHS",1,43,2.05,"Communal","Maize","Yes","Poultry","Poor",2283,"Yes","Minor",2021,"No",0,"No","Yes",1,"No",1.94,3.98,2651,10551,657,9894,93.8,"No",NA,"None","No storage",36.4,"Farmgate",0.5,4.7,"Yes","Yes","Low"
"GAHS-F1571","Western",5.4725,-2.102,"Male",35,"SHS",7,14,8.03,"Communal","Cocoa","Yes","Cattle","Poor",1950,"Yes","Minor",2022,"Yes",35.6,"No","No",4,"No",3.36,26.98,2059,55552,3676,51876,93.4,"Yes",493,"Bank","On-farm store",23.4,"Farmgate",9.2,5,"Yes","No","Medium"
"GAHS-F1572","Upper East",10.4612,-0.7739,"Male",56,"None",5,42,1.52,"Sharecrop","Yam","Yes","Poultry","Good",919,"Yes","Major",2023,"Yes",120.1,"No","No",3,"No",2.6,3.95,2148,8485,761,7724,91,"Yes",1513,"MFI","On-farm store",15.4,"Local market",33.3,3.5,"Yes","No","Medium"
"GAHS-F1573","Ahafo",6.5498,-2.493,"Male",44,"None",11,22,4.56,"Communal","Yam","Yes","Mixed","Moderate",1356,"No","Major",2022,"Yes",147.5,"No","No",0,"No",1.12,5.11,664,3393,3042,351,10.3,"No",NA,"None","No storage",16.4,"Farmgate",4,5,"Yes","No","Low"
"GAHS-F1574","Ashanti",6.9514,-1.9874,"Female",29,"SHS",7,12,2.1,"Owned","Cocoa","No","None","Poor",1034,"No","Major",2022,"No",0,"No","Yes",4,"No",2.25,4.73,933,4413,1275,3138,71.1,"No",NA,"None","No storage",23.3,"Local market",3.8,NA,"Yes","No","Medium"
"GAHS-F1575","Upper West",10.3898,-1.8564,"Female",45,"JHS",4,24,1.23,"Sharecrop","Maize","No","None","Poor",927,"Yes","Major",2022,"Yes",134,"Yes","Yes",3,"No",4.21,5.18,611,3165,674,2491,78.7,"No",NA,"None","On-farm store",10.4,"Farmgate",36.4,6.2,"Yes","No","High"
"GAHS-F1576","Northern",9.7446,-1.4333,"Male",50,"None",1,29,2.11,"Owned","Millet","Yes","Poultry","Moderate",621,"Yes","Minor",2021,"No",0,"Yes","No",1,"No",3.42,7.22,1427,10303,574,9729,94.4,"No",NA,"None","Warehouse",13.8,"Regional market",4.6,1.7,"Yes","No","Low"
"GAHS-F1577","Bono",7.5343,-2.5347,"Male",39,"None",6,26,1.7,"Owned","Pepper","No","None","Good",774,"No","Major",2021,"No",0,"No","No",1,"Yes",1.07,1.82,977,1778,826,952,53.5,"Yes",455,"Family","No storage",23.7,"Farmgate",2.3,3.3,"Yes","No","Low"
"GAHS-F1578","Ashanti",6.8179,-1.0225,"Female",56,"JHS",1,38,0.38,"Gift","Oil Palm","No","None","Excellent",1713,"No","Major",2022,"No",0,"No","No",0,"No",1.56,0.59,1934,1141,545,596,52.2,"Yes",8589,"Bank","Warehouse",0,"Farmgate",2.2,3,"Yes","No","Low"
"GAHS-F1579","Eastern",7.0588,-0.6911,"Female",33,"JHS",4,16,NA,"Owned","Oil Palm","No","None","Excellent",1369,"No","Minor",2022,"No",0,"No","Yes",2,"Yes",1.4,3.63,4396,NA,933,15024,94.1,"No",NA,"None","No storage",14.8,"Farmgate",25.8,4.6,"Yes","Yes","Medium"
"GAHS-F1580","Eastern",6.909,-0.7513,"Female",60,"SHS",4,42,1.19,"Sharecrop","Cocoa","Yes","Mixed","Good",1359,"No","Major",2022,"No",0,"Yes","No",1,"Yes",2.9,3.45,1315,4537,630,3907,86.1,"Yes",1129,"MFI","No storage",26.3,"Exporter",1,5,"Yes","No","Medium"
"GAHS-F1581","Ashanti",6.2711,-1.3222,"Male",57,"SHS",3,41,1.44,"Gift","Yam","Yes","Poultry","Excellent",1472,"Yes","Minor",2023,"No",0,"Yes","Yes",2,"No",2.74,3.95,813,3211,552,2659,82.8,"No",NA,"None","On-farm store",NA,"Regional market",5.7,4.3,"Yes","No","Medium"
"GAHS-F1582","Volta",6.6629,0.6941,"Male",42,"JHS",2,22,5.87,"Sharecrop","Tomato","Yes","Goat/Sheep","Moderate",777,"No","Minor",2022,"Yes",55.8,"No","No",0,"Yes",2.92,17.14,3658,62698,2848,59850,95,"No",NA,"None","On-farm store",36.2,"Farmgate",22.8,5,"Yes","No","Medium"
"GAHS-F1583","Northern",9.6964,-0.3517,"Female",54,"None",5,35,0.62,"Communal","Sorghum","Yes","Mixed","Excellent",615,"No","Minor",2022,"No",0,"No","No",2,"No",1.52,0.94,990,931,100,831,89.2,"No",NA,"None","On-farm store",19.4,"Local market",10.6,4.7,"Yes","No","Low"
"GAHS-F1584","Upper West",9.8259,-3.0265,"Female",53,"JHS",1,32,0.93,"Owned","Maize","Yes","Pig","Moderate",1167,"Yes","Minor",2022,"No",0,"No","No",0,"No",2.02,1.88,5399,10150,459,9691,95,"No",NA,"None","On-farm store",16.3,"Farmgate",3.3,3.4,"Yes","No","Low"
"GAHS-F1585","Western North",6.6622,-3.3485,"Female",50,"SHS",3,33,1.46,"Owned","Oil Palm","No","None","Excellent",1271,"Yes","Major",2022,"Yes",70.4,"No","Yes",3,"No",2.79,4.07,1544,6284,634,5650,89.9,"No",NA,"None","No storage",12.1,"Local market",10.5,5.6,"Yes","No","Medium"
"GAHS-F1586","Volta",7.0647,0.3313,"Male",52,"SHS",7,34,1.16,"Owned","Pepper","No","None","Moderate",1162,"No","Minor",2021,"Yes",56.5,"No","Yes",2,"Yes",3.34,3.87,1431,5538,651,4887,88.2,"No",NA,"None","On-farm store",45.5,"Farmgate",9.9,4.9,"Yes","No","Medium"
"GAHS-F1587","Volta",6.6454,0.6966,"Male",64,"Primary",3,44,16.87,"Owned","Maize","No","None","Moderate",806,"No","Major",2023,"No",0,"No","No",0,"No",2.8,47.24,5466,258214,6890,251324,95,"No",NA,"None","No storage",7.5,"Regional market",0.5,4.4,"Yes","No","Low"
"GAHS-F1588","Western",5.3942,-2.4362,"Male",28,"None",3,14,1.95,"Leased","Oil Palm","No","None","Poor",1685,"Yes","Major",2021,"No",0,"No","No",2,"No",2.2,4.29,1263,5418,846,4572,84.4,"Yes",2206,"MFI","On-farm store",18.8,"Farmgate",17.6,3.5,"Yes","No","Low"
"GAHS-F1589","North East",10.2657,9e-04,"Male",52,"None",7,36,1,"Communal","Sorghum","Yes","Poultry","Good",1007,"Yes","Major",2022,"Yes",81.8,"Yes","Yes",2,"No",4.06,4.06,698,2834,735,2099,74,"No",NA,"None","Rented silo",0.1,"Farmgate",6.8,5.3,"Yes","No","Medium"
"GAHS-F1590","Upper West",10.4154,-2.0396,"Female",47,"None",7,28,7.21,"Communal","Groundnut","Yes","Cattle","Good",747,"Yes","Major",2022,"No",0,"No","Yes",0,"No",2.2,15.86,2290,36319,2796,33523,92.3,"No",NA,"None","On-farm store",26.4,"Farmgate",7.6,4.7,"Yes","No","Low"
"GAHS-F1591","Ashanti",6.583,-1.8054,"Male",49,"JHS",4,36,0.8,"Owned","Maize","Yes","Goat/Sheep","Moderate",1343,"No","Minor",2022,"No",0,"No","Yes",0,"No",3.21,2.57,1051,2701,369,2332,86.3,"No",NA,"None","Warehouse",19.1,"Local market",6.8,5.3,"Yes","No","Low"
"GAHS-F1592","Western",5.4796,-2.331,"Male",54,"None",4,30,1.1,"Owned","Cassava","No","None","Poor",1186,"No","Minor",2022,"Yes",63.1,"No","No",3,"No",1.96,2.16,2073,4478,623,3855,86.1,"Yes",1139,"Bank","On-farm store",23.6,"Local market",37.6,7,"Yes","No","Medium"
"GAHS-F1593","Savannah",9.6384,-1.5131,"Female",28,"Primary",8,12,0.53,"Owned","Groundnut","Yes","Cattle","Good",647,"Yes","Major",2021,"Yes",71.3,"No","Yes",2,"No",3.28,1.74,3954,6880,331,6549,95,"No",NA,"None","No storage",21.8,"Regional market",37.6,4.7,"Yes","No","Medium"
"GAHS-F1594","Western",4.555,-2.4357,"Female",68,"None",2,51,8.9,"Communal","Plantain","Yes","Goat/Sheep","Excellent",1427,"No","Major",2023,"No",0,"No","No",2,"No",1.55,13.8,933,12875,3368,9507,73.8,"Yes",811,"Moneylender","On-farm store",15,"Farmgate",11.2,3.8,"Yes","No","Low"
"GAHS-F1595","Eastern",7.0024,0.1128,"Female",27,"None",7,14,5.79,"Communal","Plantain","Yes","Cattle","Poor",1529,"No","Minor",2021,"Yes",121.4,"No","No",4,"Yes",3.05,17.66,1074,18967,3609,15358,81,"No",NA,"None","On-farm store",9.6,"Local market",0.5,5.6,"Yes","Yes","Medium"
"GAHS-F1596","Upper East",11.2633,-0.9391,"Male",28,"None",6,9,0.92,"Sharecrop","Cowpea","No","None","Moderate",1024,"No","Major",2021,"Yes",90.4,"Yes","Yes",2,"Yes",3.94,3.62,2049,7417,492,6925,93.4,"Yes",3677,"MFI","No storage",17.3,"Farmgate",53.5,NA,"Yes","No","High"
"GAHS-F1597","Ashanti",6.1021,-2.241,"Female",59,"Primary",6,42,3.51,"Leased","Oil Palm","Yes","Goat/Sheep","Excellent",1687,"Yes","Major",2021,"Yes",76.3,"No","Yes",3,"Yes",2.96,10.39,733,7616,1921,5695,74.8,"No",NA,"None","On-farm store",21.7,"Local market",11.4,4.6,"Yes","No","High"
"GAHS-F1598","Oti",7.0933,0.0023,"Female",55,"None",9,37,2.16,"Gift","Cassava","Yes","Goat/Sheep","Moderate",1064,"Yes","Major",2022,"Yes",28.2,"No","No",3,"No",3.66,7.91,793,6273,1103,5170,82.4,"No",NA,"None","No storage",26.8,"Exporter",3.9,1.9,"Yes","No","Medium"
"GAHS-F1599","Ashanti",7.2676,-2.2291,"Male",56,"JHS",8,39,1.27,"Leased","Maize","No","None","Good",1726,"No","Minor",2022,"Yes",NA,"No","No",1,"No",1.99,2.53,1304,3299,532,2767,83.8,"Yes",3149,"Family","Rented silo",12,"Processor",9.2,4.2,"Yes","No","Low"
"GAHS-F1600","Northern",10.0013,-1.4687,"Female",43,"JHS",4,26,0.85,"Communal","Groundnut","No","None","Moderate",1223,"Yes","Major",2022,"Yes",67,"No","Yes",0,"No",2.74,2.33,4369,10180,393,9787,95,"No",NA,"None","On-farm store",20.7,"Cooperative",15.2,4.3,"Yes","No","Medium"
"GAHS-F1601","Northern",10.187,-0.3785,"Male",27,"SHS",7,10,1.2,"Communal","Groundnut","Yes","Poultry","Poor",874,"Yes","Major",2022,"Yes",55.9,"No","No",3,"No",1.53,1.84,921,1695,481,1214,71.6,"No",NA,"None","No storage",26.9,"Farmgate",7.4,4.2,"Yes","No","Medium"
"GAHS-F1602","Bono",7.9709,-2.9779,"Female",51,"None",9,30,3.73,"Leased","Yam","Yes","Poultry","Good",721,"No","Major",2022,"Yes",76.5,"No","Yes",4,"No",3.91,14.58,990,14434,2111,12323,85.4,"Yes",4195,"MFI","On-farm store",22.8,"Regional market",5.1,4.6,"Yes","No","Medium"
"GAHS-F1603","Central",5.0168,-1.4027,"Female",64,"Primary",6,43,1.33,"Communal","Cocoa","No","None","Excellent",1995,"No","Minor",2021,"No",0,"No","No",0,"No",3.17,4.22,1413,5963,540,5423,90.9,"Yes",1156,"MFI","Warehouse",2.2,"Farmgate",2.8,1.9,"Yes","No","Low"
"GAHS-F1604","Upper East",11.1861,-1.4389,"Male",31,"JHS",9,16,1.49,"Owned","Cowpea","No","None","Poor",1005,"Yes","Major",2023,"Yes",97.8,"No","No",6,"Yes",2.41,3.59,3141,11276,684,10592,93.9,"Yes",2119,"MFI","No storage",16.4,"Regional market",13.7,4.4,"Yes","Yes","Medium"
"GAHS-F1605","Bono East",7.5739,-1.3831,"Female",39,"JHS",6,21,3.81,"Owned","Yam","Yes","Poultry","Moderate",1292,"No","Minor",2022,"Yes",67.4,"No","No",1,"No",3.26,12.42,1077,13376,1842,11534,86.2,"Yes",2213,"Moneylender","No storage",29.1,"Local market",6.5,4.3,"Yes","No","Low"
"GAHS-F1606","Ashanti",6.1113,-1.6515,"Female",26,"None",7,18,3.29,"Sharecrop","Maize","Yes","Poultry","Moderate",1589,"No","Minor",2022,"No",NA,"No","Yes",2,"Yes",3.65,12.01,1368,16430,1306,15124,92,"Yes",2674,"Moneylender","Warehouse",25.5,"Regional market",20.1,3.4,"Yes","No","Medium"
"GAHS-F1607","Volta",6.4338,0.0543,"Female",52,"JHS",4,37,0.34,"Sharecrop","Tomato","No","None","Good",1043,"Yes","Minor",2023,"No",0,"No","No",0,"Yes",2.21,0.75,1202,902,279,623,69,"Yes",6246,"Family","On-farm store",21.9,"Local market",3.7,3.9,"Yes","No","Low"
"GAHS-F1608","Eastern",6.0344,-0.0419,"Female",56,"SHS",4,40,1.87,"Communal","Plantain","No","None","Good",1914,"No","Major",2022,"Yes",39.4,"No","No",5,"No",3.45,6.45,2438,15725,669,15056,95,"Yes",1912,"MFI","No storage",32.1,"Farmgate",3.4,4.4,"Yes","No","Medium"
"GAHS-F1609","Volta",7.1928,0.6068,"Female",39,"SHS",2,21,1.99,"Owned","Maize","No","None","Good",725,"No","Major",2023,"No",0,"Yes","Yes",0,"No",2.53,5.03,1984,9980,697,9283,93,"No",NA,"None","On-farm store",0,"Processor",3.1,4.6,"Yes","No","Medium"
"GAHS-F1610","North East",10.6745,-0.9511,"Male",47,"JHS",1,27,0.63,"Communal","Cowpea","Yes","Poultry","Moderate",733,"No","Minor",2023,"No",0,"No","No",2,"No",0.9,0.57,4188,2387,217,2170,90.9,"No",NA,"None","Rented silo",16.9,"Farmgate",3.8,6,"Yes","No","Low"
"GAHS-F1611","Bono",7.8936,-2.468,"Female",37,"Primary",8,20,2.95,"Owned","Tomato","No","None","Good",820,"Yes","Minor",2023,"No",0,"No","No",1,"No",1.29,3.81,780,2972,1251,1721,57.9,"No",NA,"None","No storage",18.7,"Processor",21.1,5.3,"Yes","No","Low"
"GAHS-F1612","Savannah",8.4894,-1.3043,"Female",50,"Primary",9,31,1.84,"Communal","Groundnut","Yes","Mixed","Moderate",643,"No","Major",2021,"No",0,"Yes","No",2,"No",1.89,3.48,5421,18865,703,18162,95,"Yes",1541,"Family","On-farm store",25.7,"Local market",3.4,5.6,"Yes","No","Low"
"GAHS-F1613","Western",5.7199,-2.6292,"Male",27,"JHS",7,3,3.18,"Communal","Oil Palm","No","None","Good",1294,"Yes","Minor",2022,"Yes",81.1,"Yes","No",6,"No",4.03,12.82,3960,50767,1710,49057,95,"Yes",4487,"MFI","No storage",29,"Cooperative",10.9,3.4,"Yes","No","Medium"
"GAHS-F1614","Ahafo",6.9564,-2.4878,"Female",52,"None",6,31,10.06,"Sharecrop","Oil Palm","No","None","Poor",1882,"Yes","Major",2021,"No",0,"Yes","Yes",4,"No",3.28,33,1583,52239,3985,48254,92.4,"No",NA,"None","On-farm store",3.9,"Regional market",5.1,3.5,"Yes","No","Medium"
"GAHS-F1615","Ahafo",7.5075,-1.9534,"Male",34,"None",5,18,3.88,"Sharecrop","Maize","No","None","Poor",1967,"Yes","Major",2022,"Yes",136.4,"No","No",4,"No",2.9,11.25,808,NA,2579,6511,71.6,"No",NA,"None","Warehouse",7.7,"Local market",4.4,3.6,"Yes","Yes","Medium"
"GAHS-F1616","Central",5.6583,-1.4256,"Male",50,"None",4,30,1.15,"Leased","Maize","No","None","Moderate",1848,"No","Minor",2022,"Yes",139.2,"No","No",3,"Yes",3.49,4.01,5591,22420,863,21557,95,"No",NA,"None","No storage",14.7,"Local market",6.2,4.5,"Yes","No","Medium"
"GAHS-F1617","Western North",5.9088,-3.355,"Female",50,"None",3,32,4.36,"Communal","Oil Palm","Yes","Goat/Sheep","Moderate",1535,"No","Major",2021,"Yes",21.6,"No","No",5,"No",2.45,10.68,3055,32627,1972,30655,94,"No",NA,"None","Rented silo",25.1,"Regional market",12.8,6.2,"Yes","No","Medium"
"GAHS-F1618","Eastern",6.9487,0.1765,"Female",40,"JHS",4,20,0.31,"Owned","Cassava","Yes","Mixed","Poor",1381,"No","Minor",2022,"Yes",114,"No","No",4,"No",3.46,1.07,1003,1073,350,723,67.3,"Yes",712,"SACCO","On-farm store",2.6,"Exporter",14.8,2.8,"Yes","Yes","Medium"
"GAHS-F1619","Northern",9.9761,-0.6087,"Male",53,"None",3,37,2.06,"Communal","Sorghum","Yes","Poultry","Moderate",1263,"Yes","Minor",2021,"No",0,"No","No",3,"Yes",1.73,3.56,970,3453,663,2790,80.8,"No",NA,"None","Rented silo",5.4,"Regional market",3.4,6,"Yes","Yes","Medium"
"GAHS-F1620","Northern",9.0628,-1.4635,"Male",27,"JHS",4,9,4.6,"Sharecrop","Sorghum","No","None","Good",985,"Yes","Major",2021,"Yes",80.8,"No","No",2,"No",2.31,10.63,1490,15839,2638,13201,83.3,"Yes",8010,"Moneylender","Rented silo",8.3,"Local market",0.8,3.4,"Yes","No","Low"
"GAHS-F1621","Ashanti",6.0991,-2.1566,"Male",28,"SHS",5,4,0.67,"Owned","Cocoa","Yes","Goat/Sheep","Good",1851,"Yes","Major",2023,"Yes",111.5,"No","No",4,"No",3.92,2.63,1124,2956,418,2538,85.8,"No",NA,"None","No storage",22.8,"Farmgate",15.3,3.1,"Yes","No","Medium"
"GAHS-F1622","Upper East",10.5872,-0.8735,"Male",44,"None",4,30,1.52,"Communal","Groundnut","No","None","Excellent",1056,"No","Minor",2023,"No",NA,"Yes","No",2,"No",1.32,2.01,3069,6169,502,5667,91.8,"Yes",1408,"MFI","On-farm store",15.7,"Farmgate",11.5,2.7,"Yes","No","Low"
"GAHS-F1623","Volta",6.8806,0.0252,"Female",44,"Primary",2,28,2.14,"Owned","Yam","Yes","Cattle","Excellent",846,"Yes","Major",2023,"No",0,"No","No",3,"Yes",NA,3.15,3628,11428,1000,10428,91.2,"Yes",2803,"Moneylender","No storage",10.2,"Processor",5.7,3,"Yes","No","Medium"
"GAHS-F1624","Western",4.8943,-1.7929,"Female",36,"JHS",6,14,2.21,"Owned","Cassava","Yes","Cattle","Excellent",1609,"No","Major",2022,"No",0,"No","No",0,"No",2.24,4.95,1253,6202,855,5347,86.2,"No",NA,"None","No storage",15.3,"Regional market",10,4.4,"Yes","No","Low"
"GAHS-F1625","Western",5.1596,-1.8719,"Male",46,"Primary",7,28,1.01,"Gift","Cassava","No","None","Good",1555,"Yes","Minor",2022,"Yes",NA,"No","No",5,"Yes",2.49,2.51,748,NA,579,1298,69.1,"No",NA,"None","Rented silo",16.5,"Processor",6.3,3.2,"Yes","No","Medium"
"GAHS-F1626","Ahafo",7.2357,-2.8281,"Male",36,"Primary",2,18,6.1,"Owned","Cocoa","No","None","Moderate",1702,"No","Minor",2022,"Yes",63.1,"No","Yes",0,"Yes",3.67,22.39,828,18539,3158,15381,83,"No",NA,"None","On-farm store",21,"Local market",2.4,3.5,"Yes","No","Medium"
"GAHS-F1627","Ahafo",6.752,-2.0562,"Male",41,"JHS",4,21,17.89,"Owned","Oil Palm","Yes","Goat/Sheep","Poor",NA,"Yes","Major",2021,"No",0,"No","Yes",2,"No",3.65,65.3,1624,106047,7383,98664,93,"No",NA,"None","Warehouse",4.2,"Local market",40.8,4,"Yes","No","Low"
"GAHS-F1628","Upper East",10.6991,-1.1833,"Female",42,"JHS",2,24,2.48,"Owned","Cowpea","Yes","Goat/Sheep","Good",848,"Yes","Major",2021,"Yes",75,"Yes","Yes",2,"No",5,12.4,3122,38713,1346,37367,95,"No",NA,"None","On-farm store",13.6,"Farmgate",6.4,4.1,"Yes","No","Medium"
"GAHS-F1629","Volta",7.0504,0.7675,"Female",45,"None",3,27,2.47,"Leased","Maize","Yes","Pig","Good",928,"No","Minor",2023,"No",0,"No","Yes",3,"No",1.7,4.2,2408,10114,1221,8893,87.9,"Yes",2748,"SACCO","No storage",9.6,"Farmgate",17.6,1.9,"Yes","No","Medium"
"GAHS-F1630","Bono East",8.0863,-1.1176,"Male",59,"None",1,36,17.49,"Sharecrop","Maize","Yes","Goat/Sheep","Poor",805,"No","Minor",2021,"No",0,"No","No",0,"Yes",1.32,23.09,1053,24314,7018,17296,71.1,"No",NA,"None","No storage",21.6,"Regional market",4,2.4,"Yes","Yes","Low"
"GAHS-F1631","Western North",6.4845,-2.3189,"Female",42,"None",5,22,8,"Gift","Oil Palm","Yes","Pig","Moderate",1471,"No","Major",2023,"No",0,"No","No",2,"Yes",2.84,22.72,1193,27105,3223,23882,88.1,"Yes",3951,"Moneylender","No storage",14.4,"Farmgate",6.5,4,"Yes","No","Low"
"GAHS-F1632","Northern",9.0639,-0.2837,"Male",41,"None",6,23,0.78,"Leased","Groundnut","No","None","Good",575,"No","Minor",2022,"Yes",62.6,"Yes","Yes",3,"No",3.47,2.71,1821,4935,315,4620,93.6,"No",NA,"None","No storage",21.2,"Farmgate",16.4,5.4,"Yes","No","High"
"GAHS-F1633","Bono",7.2323,-2.261,"Female",59,"Primary",5,40,2.59,"Owned","Cassava","Yes","Goat/Sheep","Good",565,"Yes","Major",2021,"No",0,"No","No",1,"No",2.63,6.81,2209,15043,1384,13659,90.8,"No",NA,"None","Rented silo",17.7,"Farmgate",8.6,4.2,"Yes","No","Low"
"GAHS-F1634","Central",5.8096,-1.0699,"Male",67,"SHS",4,52,0.51,"Leased","Cassava","No","None","Moderate",NA,"No","Major",2021,"Yes",68.6,"No","No",2,"No",2.63,1.34,657,880,179,701,79.6,"Yes",1808,"SACCO","On-farm store",10,"Exporter",0.6,3.7,"Yes","No","Low"
"GAHS-F1635","Bono",8.2997,-2.3716,"Male",36,"SHS",8,18,7.21,"Leased","Maize","Yes","Cattle","Good",1015,"No","Minor",2023,"No",0,"Yes","Yes",4,"No",4.51,32.52,6973,226762,3190,223572,95,"No",NA,"None","On-farm store",14.7,"Local market",0.5,5.1,"Yes","No","Medium"
"GAHS-F1636","Oti",8.1838,-0.2171,"Female",44,"Tertiary",8,26,0.58,"Leased","Cassava","Yes","Poultry","Moderate",990,"Yes","Major",2022,"No",0,"No","Yes",3,"No",NA,0.84,942,791,451,340,42.9,"Yes",908,"Moneylender","No storage",29,"Farmgate",31.8,6.3,"Yes","No","Medium"
"GAHS-F1637","Upper West",9.9844,-3.0454,"Male",42,"SHS",7,17,0.46,"Leased","Maize","Yes","Poultry","Poor",846,"No","Major",2021,"No",0,"No","Yes",2,"No",3.58,1.65,4335,7153,100,7053,95,"Yes",1047,"MFI","On-farm store",26,"Regional market",33.9,5.2,"Yes","No","Low"
"GAHS-F1638","Central",5.5081,-0.6959,"Female",37,"SHS",5,19,NA,"Owned","Cocoa","Yes","Mixed","Excellent",1138,"No","Major",2021,"No",0,"No","No",3,"No",2.46,7.63,1712,13063,NA,11695,89.5,"No",NA,"None","On-farm store",8,"Farmgate",2.6,2.6,"Yes","No","Low"
"GAHS-F1639","Upper East",11.3701,-0.8936,"Male",37,"JHS",5,19,2.72,"Owned","Cowpea","Yes","Cattle","Good",966,"Yes","Major",2022,"Yes",104,"Yes","No",5,"No",3.25,8.84,1428,12624,1662,10962,86.8,"No",NA,"None","Warehouse",17.5,"Farmgate",37.2,6.2,"Yes","No","Medium"
"GAHS-F1640","Upper East",10.4367,-1.0923,"Female",54,"Primary",5,39,3.89,"Sharecrop","Groundnut","No","None","Excellent",653,"No","Major",2022,"No",NA,"No","No",2,"No",1.97,7.66,1678,12853,NA,11314,88,"No",NA,"None","Warehouse",10,"Regional market",7.1,4.5,"Yes","Yes","Low"
"GAHS-F1641","Northern",9.3995,-0.4498,"Female",63,"JHS",5,47,1.29,"Sharecrop","Maize","Yes","Poultry","Excellent",893,"Yes","Minor",2021,"Yes",99.4,"No","No",1,"No",2.12,2.73,998,2725,784,1941,71.2,"Yes",1986,"Bank","No storage",21.3,"Farmgate",18.4,1.9,"Yes","No","Low"
"GAHS-F1642","Eastern",5.8685,0.0239,"Female",63,"SHS",6,46,7.04,"Leased","Cassava","Yes","Mixed","Excellent",2078,"Yes","Major",2021,"No",0,"No","No",3,"No",2.47,17.39,1716,29841,2844,26997,90.5,"Yes",1409,"Bank","Warehouse",14.7,"Regional market",8.7,5.6,"Yes","No","Low"
"GAHS-F1643","Western North",6.0904,-2.4969,"Female",49,"JHS",6,33,1.39,"Leased","Cassava","No","None","Excellent",1425,"No","Minor",2021,"No",0,"No","Yes",0,"Yes",1.68,2.34,625,NA,507,955,65.3,"Yes",1615,"SACCO","No storage",11.9,"Regional market",9.8,2.6,"Yes","No","Medium"
"GAHS-F1644","Western North",5.9694,-2.3408,"Male",57,"JHS",1,39,4.08,"Owned","Oil Palm","No","None","Good",1401,"No","Minor",2021,"Yes",90.8,"Yes","No",1,"No",1.86,7.59,726,5510,2194,3316,60.2,"Yes",435,"Bank","No storage",13.1,"Farmgate",1.8,3,"Yes","No","Medium"
"GAHS-F1645","Volta",6.9565,1.0254,"Male",47,"JHS",7,31,3.95,"Owned","Yam","Yes","Cattle","Moderate",1037,"No","Major",2023,"No",0,"Yes","No",0,"No",1.87,7.39,1586,11721,1562,NA,86.7,"No",NA,"None","No storage",14.1,"Regional market",0.9,4.2,"Yes","No","Low"
"GAHS-F1646","Northern",9.6684,-0.5403,"Male",29,"Primary",5,13,1.11,"Communal","Groundnut","Yes","Cattle","Moderate",456,"No","Major",2021,"No",0,"No","Yes",1,"Yes",1.23,1.37,3534,4842,NA,4623,95,"No",NA,"None","On-farm store",24.1,"Farmgate",51.6,4.2,"Yes","No","Medium"
"GAHS-F1647","Upper East",10.3316,-0.9066,"Male",50,"JHS",1,36,8.18,"Owned","Millet","Yes","Mixed","Poor",525,"Yes","Major",2021,"No",0,"No","No",0,"No",2.08,17.01,1398,23780,3432,20348,85.6,"Yes",317,"SACCO","Warehouse",0.8,"Farmgate",10.7,2.6,"Yes","No","Low"
"GAHS-F1648","Western North",6.358,-3.1366,"Male",24,"Primary",5,9,0.35,"Sharecrop","Cocoa","Yes","Cattle","Moderate",1275,"No","Major",2023,"No",0,"No","No",3,"No",2.27,0.79,5077,4011,161,3850,95,"Yes",11779,"Moneylender","On-farm store",22.5,"Regional market",15.7,NA,"Yes","No","Low"
"GAHS-F1649","Upper East",10.1453,-0.6267,"Male",43,"Primary",7,29,3.9,"Sharecrop","Maize","Yes","Poultry","Moderate",945,"Yes","Minor",2022,"Yes",73.8,"No","Yes",2,"No",2.89,11.27,4208,47424,1717,45707,95,"No",NA,"None","On-farm store",1.7,"Farmgate",1.1,2.2,"Yes","No","Medium"
"GAHS-F1650","Upper East",11.2326,-1.024,"Male",58,"SHS",6,38,3.39,"Leased","Groundnut","Yes","Cattle","Moderate",835,"Yes","Minor",2022,"No",0,"No","No",2,"No",1.1,3.73,861,3212,1112,2100,65.4,"No",NA,"None","No storage",27.5,"Farmgate",30.3,6.2,"Yes","No","Low"
"GAHS-F1651","Western North",6.2444,-2.1738,"Male",48,"SHS",2,36,NA,"Owned","Oil Palm","Yes","Poultry","Good",1205,"No","Minor",2021,"No",0,"Yes","Yes",3,"Yes",3.84,24.31,829,20153,2565,17588,87.3,"No",NA,"None","No storage",16.2,"Processor",10.1,5.2,"Yes","No","High"
"GAHS-F1652","Oti",7.581,0.5312,"Female",50,"JHS",2,33,1.69,"Owned","Pepper","No","None","Excellent",1056,"No","Minor",2021,"No",0,"No","Yes",3,"No",0.61,1.03,5655,5825,542,5283,90.7,"No",NA,"None","On-farm store",13.5,"Processor",26.8,3.1,"Yes","No","Medium"
"GAHS-F1653","Bono East",7.5921,-1.3944,"Female",28,"JHS",6,15,3.65,"Sharecrop","Yam","No","None","Moderate",1234,"No","Minor",2021,"No",0,"No","Yes",2,"No",2.51,9.16,690,6320,1396,4924,77.9,"No",NA,"None","Warehouse",12.9,"Local market",0.6,NA,"Yes","No","Low"
"GAHS-F1654","North East",10.1576,-0.8856,"Male",25,"JHS",7,9,1.28,"Sharecrop","Sorghum","Yes","Poultry","Moderate",780,"Yes","Major",2021,"No",0,"No","Yes",1,"Yes",2.46,3.15,3448,10861,578,10283,94.7,"No",NA,"None","On-farm store",15.8,"Farmgate",69.1,4.2,"Yes","No","Medium"
"GAHS-F1655","Volta",7.0382,0.9006,"Female",54,"None",2,37,8.26,"Owned","Cassava","No","None","Excellent",572,"Yes","Major",2021,"No",0,"No","No",3,"No",1.86,15.36,1671,25667,3440,22227,86.6,"No",NA,"None","No storage",24.7,"Local market",5.9,3.1,"Yes","No","Low"
"GAHS-F1656","Upper West",10.3697,-2.047,"Female",42,"JHS",5,23,0.7,"Gift","Sorghum","Yes","Cattle","Excellent",940,"No","Minor",2023,"No",0,"No","No",4,"No",3.37,2.36,1383,3264,128,3136,95,"Yes",4985,"Moneylender","No storage",20.8,"Processor",41.3,4.7,"Yes","No","Low"
"GAHS-F1657","Upper East",10.5247,-1.4216,"Female",53,"Primary",9,41,5.49,"Communal","Millet","No","None","Moderate",542,"Yes","Major",2022,"Yes",74.8,"Yes","No",4,"No",3.35,18.39,1396,25672,2920,22752,88.6,"No",NA,"None","No storage",36.6,"Exporter",44,6.3,"Yes","No","Medium"
"GAHS-F1658","Western North",5.9195,-3.096,"Female",73,"Primary",6,55,0.8,"Communal","Oil Palm","No","None","Good",1745,"No","Minor",2023,"Yes",77.3,"No","No",2,"Yes",2.41,1.93,1808,3489,142,3347,95,"No",NA,"None","On-farm store",10.7,"Farmgate",5.7,3,"Yes","No","Medium"
"GAHS-F1659","Upper East",10.3031,-0.3298,"Male",71,"JHS",4,55,3.7,"Communal","Groundnut","Yes","Pig","Poor",471,"Yes","Minor",2021,"Yes",126.5,"No","No",1,"No",2.02,7.47,2298,17166,2092,15074,87.8,"No",NA,"None","On-farm store",16.6,"Local market",1.5,4.9,"Yes","No","Low"
"GAHS-F1660","Upper East",11.0012,-0.9466,"Male",44,"JHS",10,22,1.99,"Owned","Maize","No","None","Excellent",1137,"No","Major",2022,"No",0,"Yes","No",4,"No",2.64,5.25,1166,6122,848,5274,86.1,"No",NA,"None","On-farm store",19.2,"Local market",35,3.8,"Yes","No","Medium"
"GAHS-F1661","Upper East",10.7362,-0.4359,"Male",44,"Tertiary",3,24,4.06,"Communal","Maize","No","None","Good",610,"No","Major",2021,"No",NA,"No","No",2,"No",2.91,11.81,7088,83709,1733,81976,95,"No",NA,"None","No storage",24.7,"Exporter",11.5,5.4,"Yes","No","Low"
"GAHS-F1662","Ashanti",6.0783,-1.2977,"Female",52,"None",5,32,0.94,"Owned","Cocoa","No","None","Good",1637,"No","Major",2022,"Yes",129.8,"No","Yes",3,"No",1.74,1.64,5691,9333,642,8691,93.1,"No",NA,"None","No storage",21,"Exporter",1.8,3.5,"Yes","No","Medium"
"GAHS-F1663","Upper East",11.4233,-0.6836,"Female",64,"Primary",3,45,2.47,"Communal","Groundnut","Yes","Cattle","Moderate",787,"Yes","Minor",2023,"Yes",97.2,"No","No",5,"Yes",2.61,6.45,1342,8656,1361,7295,84.3,"No",NA,"None","On-farm store",18.2,"Cooperative",16.2,4.3,"Yes","No","Medium"
"GAHS-F1664","Bono East",8.2027,-0.9534,"Female",51,"JHS",12,35,0.55,"Sharecrop","Maize","Yes","Goat/Sheep","Poor",724,"No","Minor",2023,"Yes",29.3,"No","Yes",3,"No",2.15,1.18,566,668,246,422,63.1,"Yes",4995,"MFI","No storage",22.1,"Local market",3.4,5.4,"Yes","No","Medium"
"GAHS-F1665","Greater Accra",5.7531,-0.3809,"Male",64,"JHS",2,41,2.89,"Leased","Tomato","Yes","Goat/Sheep","Good",907,"No","Minor",2023,"No",0,"No","Yes",2,"No",1.34,3.87,4417,17094,992,16102,94.2,"Yes",1169,"Bank","No storage",24.7,"Farmgate",5,2.9,"Yes","No","Low"
"GAHS-F1666","Western North",5.9705,-2.2481,"Male",65,"Tertiary",6,49,0.69,"Owned","Cocoa","No","None","Excellent",1801,"Yes","Minor",2023,"No",0,"No","No",0,"No",1.87,1.29,742,957,NA,822,85.8,"No",NA,"None","On-farm store",19,"Local market",0.5,4,"Yes","No","Low"
"GAHS-F1667","Western",4.9353,-1.5732,"Female",41,"None",8,23,NA,"Owned","Cocoa","No","None","Moderate",1261,"No","Minor",2021,"Yes",89.9,"No","No",4,"No",3.34,17.43,705,12288,2972,9316,75.8,"Yes",1331,"MFI","Warehouse",10.3,"Farmgate",2.7,3.2,"Yes","No","Medium"
"GAHS-F1668","Ashanti",7.2288,-1.5753,"Female",76,"JHS",5,55,3.02,"Owned","Plantain","No","None","Good",1755,"Yes","Minor",2021,"No",0,"No","Yes",2,"Yes",3.14,9.48,4472,42395,1486,40909,95,"Yes",2607,"Bank","On-farm store",13.7,"Farmgate",5.5,1.7,"Yes","No","Medium"
"GAHS-F1669","Western",5.3968,-2.1464,"Male",37,"SHS",6,17,5.92,"Leased","Oil Palm","No","None","Good",1749,"Yes","Major",2021,"Yes",69,"No","Yes",2,"No",2.56,15.16,1184,17949,3323,14626,81.5,"No",NA,"None","On-farm store",NA,"Regional market",8.1,3.6,"Yes","Yes","Medium"
"GAHS-F1670","Eastern",6.302,-0.4925,"Female",34,"JHS",4,20,NA,"Leased","Maize","No","None","Excellent",1694,"No","Major",2021,"Yes",48.3,"Yes","Yes",1,"Yes",5.22,9.81,2380,23348,1117,22231,95,"Yes",10759,"SACCO","On-farm store",5.7,"Regional market",37.6,3.6,"Yes","No","High"
"GAHS-F1671","Volta",6.6197,0.5593,"Male",29,"JHS",8,13,4.29,"Leased","Tomato","No","None","Good",1195,"No","Major",2021,"No",0,"No","No",1,"No",1.61,6.91,858,5929,1770,4159,70.1,"No",NA,"None","No storage",23.8,"Farmgate",10.6,6.7,"Yes","No","Low"
"GAHS-F1672","Northern",9.594,-1.1442,"Female",48,"JHS",3,31,1.36,"Owned","Maize","Yes","Cattle","Moderate",1021,"Yes","Minor",2021,"Yes",NA,"Yes","No",3,"No",2,2.72,1112,3025,1047,1978,65.4,"No",NA,"None","On-farm store",20,"Local market",35.6,4.7,"Yes","No","Medium"
"GAHS-F1673","Bono",7.9868,-2.2145,"Female",30,"Primary",9,14,0.93,"Owned","Yam","Yes","Poultry","Moderate",939,"No","Minor",2022,"Yes",86.5,"No","No",5,"Yes",2.07,1.93,1594,3076,520,2556,83.1,"No",NA,"None","Warehouse",8.8,"Farmgate",0.9,5.1,"Yes","No","Medium"
"GAHS-F1674","Northern",9.6819,-0.2172,"Male",26,"Primary",4,8,2.42,"Sharecrop","Maize","Yes","Goat/Sheep","Good",NA,"Yes","Major",2023,"No",0,"No","Yes",1,"Yes",2.87,6.95,794,5518,835,4683,84.9,"No",NA,"None","On-farm store",10.8,"Local market",0.5,5.8,"Yes","No","Medium"
"GAHS-F1675","Bono East",8.0577,-1.2993,"Male",41,"None",7,20,2.68,"Sharecrop","Maize","Yes","Poultry","Good",1226,"No","Minor",2023,"No",0,"No","Yes",1,"Yes",2.23,5.98,907,5424,1069,4355,80.3,"No",NA,"None","On-farm store",13,"Farmgate",0.7,3.6,"Yes","No","Medium"
"GAHS-F1676","Volta",6.7738,0.0095,"Male",42,"None",6,16,3.89,"Owned","Cassava","Yes","Poultry","Excellent",999,"No","Minor",2023,"Yes",76.7,"Yes","Yes",4,"Yes",4.47,17.39,1567,27250,2045,25205,92.5,"No",NA,"None","Warehouse",12.5,"Local market",10.2,3.2,"Yes","No","High"
"GAHS-F1677","Northern",9.7915,-0.4235,"Male",38,"Primary",7,25,2.95,"Owned","Sorghum","Yes","Goat/Sheep","Excellent",1003,"Yes","Minor",2022,"No",0,"Yes","Yes",1,"Yes",2.25,6.64,1192,7915,1325,6590,83.2,"Yes",2183,"Bank","On-farm store",23.5,"Local market",15.1,3.3,"Yes","No","Medium"
"GAHS-F1678","Ahafo",7.1915,-2.9742,"Male",37,"JHS",8,22,0.82,"Owned","Oil Palm","Yes","Poultry","Excellent",1528,"Yes","Major",2021,"Yes",104,"No","No",3,"No",3.09,2.53,1255,3175,460,2715,85.5,"Yes",476,"MFI","On-farm store",28.9,"Local market",4.5,4.9,"Yes","No","Medium"
"GAHS-F1679","Upper West",10.3045,-2.8389,"Male",55,"Primary",9,37,2.06,"Communal","Sorghum","Yes","Poultry","Moderate",775,"Yes","Minor",2023,"Yes",105.4,"No","No",1,"No",2.58,5.31,4946,26263,1024,25239,95,"Yes",2389,"SACCO","On-farm store",24.4,"Local market",20,5.2,"Yes","No","Low"
"GAHS-F1680","Oti",7.7205,-0.2844,"Male",39,"Primary",5,18,0.38,"Leased","Maize","No","None","Excellent",1100,"No","Major",2022,"Yes",173.5,"No","Yes",1,"Yes",3.27,1.24,1265,1569,279,1290,82.2,"No",NA,"None","On-farm store",24.6,"Farmgate",2,7,"Yes","Yes","Medium"
"GAHS-F1681","Central",5.1541,-0.8199,"Female",60,"Primary",6,44,2.56,"Sharecrop","Cocoa","Yes","Poultry","Moderate",1044,"Yes","Minor",2023,"No",0,"Yes","No",4,"Yes",1.71,4.38,2594,11362,1088,10274,90.4,"No",NA,"None","On-farm store",20.4,"Local market",11.2,2.1,"Yes","No","Medium"
"GAHS-F1682","Volta",6.4334,0.5316,"Female",45,"JHS",10,24,2.03,"Owned","Rice","Yes","Poultry","Moderate",922,"Yes","Major",2023,"Yes",54.1,"No","No",6,"No",2.88,5.85,5303,31023,1059,29964,95,"Yes",1074,"Family","On-farm store",18.3,"Farmgate",3,4,"Yes","No","Medium"
"GAHS-F1683","Western",5.0421,-1.8679,"Male",30,"Primary",5,15,1.76,"Communal","Plantain","Yes","Poultry","Good",1324,"Yes","Minor",2023,"No",0,"No","No",1,"No",0.4,0.7,1232,862,872,-10,-1.2,"Yes",1703,"Family","No storage",24.6,"Local market",12.9,5.5,"No","No","Low"
"GAHS-F1684","Upper East",10.6561,-0.6063,"Male",60,"JHS",1,32,0.36,"Owned","Sorghum","Yes","Cattle","Good",1103,"No","Major",2023,"Yes",54.2,"Yes","No",4,"No",2.12,0.76,2109,1603,118,1485,92.6,"Yes",6554,"MFI","Rented silo",12.4,"Local market",84.1,2.8,"Yes","No","Medium"
"GAHS-F1685","Northern",8.9443,-0.4079,"Male",40,"JHS",3,19,2.34,"Leased","Sorghum","No","None","Moderate",690,"Yes","Major",2021,"Yes",69.7,"No","No",3,"No",2.87,6.72,808,NA,1282,4148,76.4,"Yes",613,"Moneylender","On-farm store",10.6,"Farmgate",3.3,4.4,"Yes","No","Medium"
"GAHS-F1686","Northern",9.5553,-0.2034,"Male",26,"None",3,9,1.51,"Communal","Groundnut","No","None","Excellent",795,"Yes","Major",2023,"Yes",6.6,"No","No",3,"Yes",3.28,4.95,6192,30650,558,NA,95,"No",NA,"None","On-farm store",NA,"Regional market",2.3,5.1,"Yes","No","Medium"
"GAHS-F1687","Upper East",11.217,-0.5146,"Male",37,"JHS",9,14,1.92,"Owned","Sorghum","Yes","Mixed","Excellent",615,"Yes","Minor",2023,"Yes",NA,"Yes","No",3,"Yes",3.18,6.11,942,5756,922,4834,84,"No",NA,"None","Warehouse",29.1,"Farmgate",24.6,3.2,"Yes","No","High"
"GAHS-F1688","Upper East",10.9913,-1.0692,"Male",31,"JHS",4,15,2.33,"Leased","Cowpea","Yes","Goat/Sheep","Good",1019,"Yes","Minor",2021,"Yes",67,"No","No",1,"No",3.12,7.27,1188,8637,1276,7361,85.2,"Yes",312,"SACCO","No storage",22.8,"Local market",9.8,5.8,"Yes","No","Low"
"GAHS-F1689","Upper West",10.3861,-2.8333,"Male",67,"JHS",6,48,0.98,"Sharecrop","Groundnut","Yes","Poultry","Good",852,"Yes","Major",2021,"Yes",88.3,"Yes","Yes",2,"No",4.43,4.34,2038,8845,878,7967,90.1,"No",NA,"None","On-farm store",17.9,"Regional market",26.3,6.2,"Yes","No","Medium"
"GAHS-F1690","Northern",9.6729,-1.4402,"Male",50,"SHS",6,34,1.92,"Communal","Cowpea","No","None","Good",984,"Yes","Major",2021,"Yes",73,"No","Yes",1,"Yes",1.87,3.59,3084,11072,1149,9923,89.6,"No",NA,"None","No storage",14.6,"Farmgate",6.2,4.1,"Yes","No","Medium"
"GAHS-F1691","Central",5.312,-1.2093,"Male",40,"SHS",5,21,3.17,"Owned","Cocoa","No","None","Good",1613,"Yes","Minor",2021,"No",0,"No","No",4,"No",1.9,6.02,3203,19282,1388,17894,92.8,"Yes",1420,"SACCO","Warehouse",11.7,"Farmgate",2.9,1.7,"Yes","No","Low"
"GAHS-F1692","Western",5.6768,-2.5229,"Male",61,"Primary",1,45,6.29,"Owned","Cassava","Yes","Poultry","Moderate",1217,"Yes","Minor",2022,"Yes",44.7,"No","Yes",4,"No",2.96,18.62,994,18508,2921,15587,84.2,"No",NA,"None","No storage",29.6,"Local market",1.6,4.9,"Yes","No","Medium"
"GAHS-F1693","Upper West",10.0811,-2.7559,"Male",43,"JHS",4,33,0.51,"Communal","Maize","Yes","Mixed","Moderate",660,"No","Major",2023,"No",0,"No","Yes",3,"No",2.1,1.07,1762,NA,100,1785,94.6,"No",NA,"None","Warehouse",11,"Regional market",2.7,4.7,"Yes","No","Medium"
"GAHS-F1694","Bono East",7.783,-1.8828,"Male",42,"JHS",5,26,2.99,"Sharecrop","Maize","Yes","Goat/Sheep","Excellent",669,"Yes","Major",2021,"No",0,"Yes","No",0,"No",1.75,5.23,4167,21793,1242,NA,94.3,"Yes",1191,"MFI","No storage",22.4,"Local market",5.8,5.3,"Yes","No","Low"
"GAHS-F1695","Central",5.6189,-1.2751,"Female",30,"None",6,10,3.98,"Owned","Cassava","No","None","Good",1909,"Yes","Minor",2021,"Yes",32.8,"No","Yes",2,"No",3.62,14.41,1004,14468,2064,12404,85.7,"No",NA,"None","On-farm store",29.6,"Local market",17.7,5.2,"Yes","No","Medium"
"GAHS-F1696","Savannah",8.6337,-1.354,"Female",31,"Tertiary",1,9,2.92,"Communal","Sorghum","Yes","Goat/Sheep","Good",1113,"Yes","Major",2021,"Yes",74.2,"No","No",4,"No",2.27,6.63,1321,8758,1774,NA,79.7,"Yes",2227,"MFI","No storage",10.7,"Local market",18.7,2.5,"Yes","No","Medium"
"GAHS-F1697","Northern",8.911,-0.3889,"Male",67,"JHS",4,43,0.73,"Gift","Cowpea","Yes","Poultry","Good",788,"No","Major",2022,"No",0,"No","No",1,"Yes",NA,1.12,1096,1228,271,957,77.9,"No",NA,"None","On-farm store",24.7,"Local market",NA,5.4,"Yes","No","Low"
"GAHS-F1698","Savannah",9.5793,-1.4955,"Male",49,"None",5,30,5.8,"Leased","Maize","Yes","Pig","Good",618,"Yes","Major",2021,"Yes",120.4,"No","Yes",2,"Yes",4.04,23.43,1527,35778,3535,32243,90.1,"No",NA,"None","Warehouse",21.6,"Local market",2.5,2.7,"Yes","No","Medium"
"GAHS-F1699","Ahafo",6.9117,-2.0923,"Male",52,"None",6,32,3.73,"Leased","Cocoa","No","None","Excellent",1844,"No","Major",2021,"Yes",68.4,"No","Yes",3,"No",4.31,16.08,2159,34717,1732,NA,95,"No",NA,"None","On-farm store",31.6,"Cooperative",25,4.8,"Yes","No","Medium"
"GAHS-F1700","Upper East",11.0616,-0.5945,"Male",56,"SHS",6,38,1.44,"Sharecrop","Maize","Yes","Poultry","Good",403,"Yes","Major",2022,"No",0,"No","No",4,"No",2.69,3.87,2752,10650,710,9940,93.3,"No",NA,"None","No storage",24.8,"Local market",11.5,5.2,"Yes","No","Low"
"GAHS-F1701","Volta",6.7234,0.8557,"Male",37,"Primary",9,16,4.88,"Gift","Tomato","Yes","Goat/Sheep","Good",480,"Yes","Major",2023,"No",0,"No","No",2,"Yes",1.67,8.15,1181,9625,1939,7686,79.8,"No",NA,"None","No storage",7.5,"Farmgate",1.3,3.7,"Yes","No","Low"
"GAHS-F1702","Upper West",10.66,-2.7361,"Male",33,"SHS",8,14,0.66,"Owned","Yam","Yes","Cattle","Excellent",1259,"No","Major",2022,"No",0,"No","No",1,"Yes",2.4,1.58,802,1267,263,1004,79.2,"Yes",6916,"SACCO","On-farm store",16.7,"Processor",14.5,4.3,"Yes","No","Low"
"GAHS-F1703","Eastern",6.9601,-0.2745,"Male",45,"SHS",6,29,5.34,"Leased","Maize","Yes","Poultry","Moderate",1537,"No","Major",2022,"Yes",91.3,"No","No",2,"No",1.44,7.69,1132,8705,2800,5905,67.8,"Yes",373,"MFI","No storage",24.9,"Local market",4.7,3.3,"Yes","No","Low"
"GAHS-F1704","Central",5.6575,-1.1992,"Female",34,"Primary",3,16,0.51,"Owned","Cassava","Yes","Mixed","Poor",2244,"No","Minor",2023,"No",0,"Yes","No",3,"Yes",3.33,1.7,860,1462,219,1243,85,"No",NA,"None","On-farm store",15.4,"Farmgate",3.6,6.5,"Yes","No","Medium"
"GAHS-F1705","Volta",6.8128,0.4004,"Female",49,"SHS",7,30,2.04,"Owned","Maize","No","None","Poor",781,"No","Minor",2022,"No",0,"No","Yes",2,"Yes",0.97,1.98,1597,3162,818,2344,74.1,"No",NA,"None","No storage",27.5,"Farmgate",0.5,5.5,"Yes","No","Medium"
"GAHS-F1706","Ashanti",6.9265,-1.8995,"Male",52,"JHS",3,36,1.68,"Owned","Cocoa","Yes","Cattle","Poor",NA,"No","Minor",2021,"Yes",53.3,"Yes","No",6,"No",4.84,8.13,917,7455,604,6851,91.9,"Yes",1639,"SACCO","On-farm store",14.7,"Local market",5.1,5,"Yes","No","Medium"
"GAHS-F1707","Oti",8.2482,0.7204,"Male",35,"None",8,19,3.15,"Sharecrop","Pepper","Yes","Mixed","Good",665,"Yes","Major",2023,"Yes",NA,"No","No",2,"No",2.7,8.51,3428,29172,1726,27446,94.1,"No",NA,"None","Warehouse",11.6,"Regional market",4.1,4,"Yes","No","Low"
"GAHS-F1708","North East",9.983,-0.6853,"Male",59,"Primary",5,37,2.18,"Communal","Maize","No","None","Good",787,"Yes","Major",2021,"Yes",68.6,"No","Yes",1,"Yes",3.72,8.11,1382,11208,1109,10099,90.1,"No",NA,"None","On-farm store",23.4,"Farmgate",8.5,5.4,"Yes","No","Medium"
"GAHS-F1709","Oti",7.3953,-0.3277,"Male",30,"Primary",7,10,NA,"Leased","Yam","No","None","Moderate",1041,"Yes","Major",2023,"Yes",24.5,"No","No",1,"No",2.86,1.52,1389,2111,409,1702,80.6,"Yes",1930,"Moneylender","On-farm store",6.7,"Regional market",11.8,4,"Yes","No","Low"
"GAHS-F1710","Upper West",10.8887,-2.0987,"Male",50,"SHS",4,38,2.45,"Owned","Maize","Yes","Goat/Sheep","Good",962,"No","Major",2022,"Yes",145.3,"Yes","Yes",3,"Yes",NA,8.97,923,8279,1348,6931,83.7,"No",NA,"None","Warehouse",8,"Exporter",10.5,3.6,"Yes","No","High"
"GAHS-F1711","Northern",10.1616,-1.4881,"Female",48,"Primary",11,26,6.32,"Communal","Sorghum","Yes","Goat/Sheep","Poor",469,"Yes","Minor",2021,"No",0,"No","No",3,"Yes",1.35,8.53,1127,9613,2619,6994,72.7,"Yes",886,"SACCO","No storage",26.9,"Processor",6.5,3.2,"Yes","No","Medium"
"GAHS-F1712","Savannah",8.8034,-1.5222,"Male",34,"None",8,17,2.27,"Leased","Sorghum","Yes","Cattle","Good",1002,"No","Minor",2021,"Yes",83,"No","Yes",4,"No",1.12,2.54,1396,3546,1380,2166,61.1,"No",NA,"None","On-farm store",11.8,"Regional market",4,3,"Yes","No","Medium"
"GAHS-F1713","Upper East",11.245,-1.1924,"Male",56,"None",6,37,1.95,"Communal","Groundnut","Yes","Poultry","Good",789,"No","Major",2022,"Yes",90.1,"No","Yes",3,"No",2.09,4.08,2255,9200,938,8262,89.8,"Yes",2476,"SACCO","No storage",NA,"Processor",20.1,3.9,"Yes","No","Medium"
"GAHS-F1714","Eastern",7.0673,0.1443,"Female",52,"SHS",2,34,1.61,"Owned","Cocoa","No","None","Moderate",933,"No","Major",2021,"No",0,"No","No",4,"No",2.55,4.11,1283,5273,817,4456,84.5,"No",NA,"None","No storage",12.1,"Regional market",0.5,3.4,"Yes","No","Low"
"GAHS-F1715","Northern",9.7039,-1.3786,"Female",45,"SHS",5,28,34.91,"Sharecrop","Cowpea","Yes","Goat/Sheep","Moderate",649,"Yes","Minor",2021,"No",0,"No","No",3,"No",3.08,107.52,2636,283423,14028,269395,95,"No",NA,"None","On-farm store",24.2,"Farmgate",18.2,3.6,"Yes","Yes","Low"
"GAHS-F1716","Savannah",8.9367,-2.1542,"Male",44,"JHS",4,26,1.67,"Owned","Cowpea","No","None","Poor",903,"Yes","Major",2022,"Yes",70.3,"No","No",2,"No",2.18,3.64,5174,18833,949,17884,95,"Yes",1383,"Family","No storage",21.6,"Local market",36.7,4.2,"Yes","No","Low"
"GAHS-F1717","Upper East",10.9556,-0.2789,"Female",59,"JHS",7,44,2.03,"Communal","Sorghum","Yes","Poultry","Moderate",842,"Yes","Major",2023,"No",0,"No","No",0,"No",1.6,3.25,1367,4443,783,3660,82.4,"No",NA,"None","Warehouse",0,"Exporter",11.9,5.6,"Yes","No","Low"
"GAHS-F1718","Eastern",6.6311,0.0405,"Male",28,"None",7,12,1.49,"Owned","Plantain","No","None","Moderate",1635,"No","Minor",2021,"Yes",8,"Yes","No",2,"Yes",3.59,5.35,971,5195,434,4761,91.6,"No",NA,"None","No storage",18.2,"Cooperative",2.7,5.1,"Yes","No","Medium"
"GAHS-F1719","Northern",9.6564,-0.4561,"Female",40,"SHS",4,24,2.59,"Owned","Maize","Yes","Mixed","Moderate",1156,"No","Major",2023,"Yes",126.5,"No","No",7,"No",3.2,8.29,1127,9343,1712,7631,81.7,"Yes",3061,"MFI","No storage",49.5,"Regional market",1.1,4.8,"Yes","No","Medium"
"GAHS-F1720","Bono",7.1162,-1.8989,"Female",55,"JHS",6,43,5.08,"Communal","Maize","Yes","Pig","Poor",632,"No","Major",2023,"No",0,"No","Yes",2,"No",1.96,9.96,1996,19880,1988,17892,90,"Yes",3978,"Bank","On-farm store",28,"Local market",9.5,7,"Yes","Yes","Low"
"GAHS-F1721","Oti",7.1304,0.2699,"Female",56,"JHS",7,37,1.87,"Owned","Maize","Yes","Poultry","Moderate",794,"Yes","Minor",2021,"No",0,"No","Yes",2,"Yes",3.32,6.21,1101,6837,838,5999,87.7,"No",NA,"None","On-farm store",23.5,"Local market",4.2,4.7,"Yes","Yes","Medium"
"GAHS-F1722","Savannah",9.0509,-1.833,"Female",40,"JHS",2,17,7.76,"Leased","Cowpea","Yes","Cattle","Good",967,"No","Major",2021,"No",0,"No","No",1,"No",2.97,23.05,2138,49281,3449,45832,93,"No",NA,"None","No storage",11,"Regional market",6.3,4.4,"Yes","No","Low"
"GAHS-F1723","Northern",9.0726,-0.3835,"Male",64,"None",7,47,1.33,"Leased","Maize","Yes","Cattle","Moderate",810,"Yes","Minor",2021,"No",0,"No","Yes",2,"No",2.11,2.81,945,2655,524,2131,80.2,"No",NA,"None","On-farm store",13.9,"Processor",15,4,"Yes","No","Low"
"GAHS-F1724","Upper East",10.431,-1.2027,"Male",46,"JHS",3,35,21.55,"Leased","Sorghum","No","None","Moderate",721,"No","Minor",2022,"No",0,"No","No",0,"No",2.84,61.2,858,52510,8577,43933,83.7,"Yes",9191,"Bank","Rented silo",6.3,"Farmgate",62,5,"Yes","Yes","Low"
"GAHS-F1725","Western",4.6702,-2.0241,"Female",39,"SHS",7,14,3.55,"Sharecrop","Cassava","Yes","Mixed","Excellent",1709,"No","Minor",2022,"Yes",63.5,"No","Yes",8,"No",3.06,10.86,920,9991,1932,8059,80.7,"Yes",3954,"Family","No storage",NA,"Farmgate",2.7,4.9,"Yes","No","Medium"
"GAHS-F1726","Bono",7.155,-1.9537,"Male",41,"Primary",7,24,3.94,"Leased","Yam","Yes","Poultry","Poor",854,"Yes","Major",2022,"No",0,"No","No",2,"No",1.86,7.33,1406,10306,NA,8555,83,"Yes",1916,"Moneylender","Rented silo",11.4,"Processor",1.1,2.9,"Yes","No","Low"
"GAHS-F1727","Bono",7.4944,-2.929,"Male",41,"Primary",3,29,4.58,"Owned","Tomato","Yes","Poultry","Excellent",791,"Yes","Major",2021,"No",0,"Yes","No",1,"Yes",1.91,8.75,2356,20615,1839,18776,91.1,"Yes",1724,"MFI","No storage",23.9,"Exporter",0.5,3.8,"Yes","No","Medium"
"GAHS-F1728","Upper East",10.6748,-0.7395,"Female",37,"Primary",6,19,4.83,"Gift","Groundnut","No","None","Moderate",1241,"Yes","Minor",2021,"Yes",90.9,"Yes","No",1,"No",3.36,16.23,1218,19768,2495,17273,87.4,"No",NA,"None","Rented silo",11.9,"Local market",11.9,5.7,"Yes","No","Medium"
"GAHS-F1729","Volta",6.9829,0.2887,"Female",46,"JHS",5,26,9.58,"Leased","Cassava","No","None","Moderate",764,"No","Minor",2023,"Yes",145.7,"No","No",3,"No",4.18,40.04,2573,103023,6308,96715,93.9,"No",NA,"None","Warehouse",22.3,"Regional market",6.6,5.2,"Yes","No","Medium"
"GAHS-F1730","Upper West",10.4694,-1.866,"Male",40,"Primary",6,23,2.33,"Gift","Millet","Yes","Mixed","Excellent",1003,"Yes","Major",2022,"No",0,"Yes","Yes",3,"Yes",3.18,7.41,2288,16954,773,NA,95,"No",NA,"None","No storage",4.6,"Farmgate",4.8,5.3,"Yes","No","High"
"GAHS-F1731","Upper East",10.2574,-0.8144,"Male",33,"SHS",1,17,2.22,"Owned","Millet","Yes","Poultry","Good",1004,"Yes","Minor",2022,"No",0,"No","No",4,"No",NA,4.71,2293,10800,739,10061,93.1,"No",NA,"None","No storage",1.8,"Farmgate",16.7,5.1,"Yes","No","Low"
"GAHS-F1732","Bono East",8.0891,-1.3609,"Male",52,"SHS",5,32,3.07,"Communal","Cassava","Yes","Cattle","Good",992,"Yes","Minor",2023,"Yes",106.1,"No","No",6,"No",2.82,8.66,1049,9084,1774,7310,80.5,"Yes",1357,"SACCO","On-farm store",10.1,"Local market",3.1,3.7,"Yes","No","Medium"
"GAHS-F1733","Eastern",6.1789,-0.8195,"Male",27,"SHS",2,12,0.39,"Leased","Cassava","Yes","Goat/Sheep","Excellent",1313,"No","Major",2022,"No",0,"No","No",1,"No",0.73,0.28,1746,489,100,389,79.4,"No",NA,"None","On-farm store",23.2,"Farmgate",NA,5,"Yes","No","Low"
"GAHS-F1734","Bono",8.0371,-2.5613,"Male",57,"JHS",10,37,4.73,"Sharecrop","Cassava","Yes","Goat/Sheep","Good",718,"No","Minor",2023,"No",0,"Yes","No",2,"Yes",1.59,7.52,2455,18462,1917,16545,89.6,"No",NA,"None","Warehouse",19.7,"Farmgate",5.4,3.7,"Yes","No","Medium"
"GAHS-F1735","Western North",6.8108,-3.102,"Female",31,"JHS",9,14,2.53,"Leased","Cocoa","No","None","Excellent",1646,"No","Major",2021,"Yes",119.8,"Yes","Yes",2,"No",3.67,9.29,1206,11204,1633,NA,85.4,"No",NA,"None","No storage",22.4,"Cooperative",3.5,5.5,"Yes","No","Medium"
"GAHS-F1736","Savannah",9.5788,-2.3896,"Female",41,"Primary",2,26,5.8,"Sharecrop","Sorghum","Yes","Goat/Sheep","Good",693,"Yes","Major",2021,"Yes",79.4,"Yes","Yes",2,"Yes",3.88,22.5,4334,97515,3174,94341,95,"Yes",903,"MFI","No storage",7,"Exporter",54.8,2.2,"Yes","No","High"
"GAHS-F1737","Ashanti",6.8181,-2.2731,"Male",60,"JHS",2,40,3.9,"Owned","Cassava","Yes","Poultry","Moderate",1702,"Yes","Minor",2021,"No",0,"No","Yes",1,"Yes",2.6,10.14,5357,54320,1666,52654,95,"Yes",2070,"MFI","Warehouse",27,"Regional market",8.7,3.5,"Yes","Yes","Medium"
"GAHS-F1738","Northern",9.9581,-1.3818,"Male",65,"Primary",8,46,8.58,"Communal","Millet","Yes","Cattle","Moderate",931,"No","Major",2023,"Yes",33.5,"No","No",2,"No",4.61,39.55,2516,NA,3923,95585,95,"Yes",5633,"Bank","On-farm store",16.7,"Farmgate",54.1,3.6,"Yes","No","Low"
"GAHS-F1739","Western North",6.509,-3.2685,"Male",63,"Tertiary",5,42,1.48,"Owned","Cassava","Yes","Goat/Sheep","Moderate",1669,"No","Major",2023,"No",0,"Yes","No",4,"No",3.4,5.03,1823,9170,613,8557,93.3,"No",NA,"None","On-farm store",13.3,"Processor",2.6,4.5,"Yes","No","Medium"
"GAHS-F1740","Ahafo",7.347,-2.599,"Male",51,"JHS",2,31,2.76,"Owned","Cocoa","No","None","Moderate",1700,"No","Minor",2022,"No",0,"No","No",1,"Yes",3.86,10.65,4345,46274,1053,45221,95,"No",NA,"None","Rented silo",9.7,"Farmgate",12.9,3.3,"Yes","No","Low"
"GAHS-F1741","Western",5.0127,-1.8494,"Male",36,"None",8,14,0.61,"Owned","Plantain","Yes","Cattle","Poor",1477,"No","Major",2021,"Yes",NA,"No","No",3,"No",3.01,1.84,5924,10900,332,10568,95,"No",NA,"None","Warehouse",10,"Local market",1.3,2.9,"Yes","No","Medium"
"GAHS-F1742","Ashanti",7.1666,-1.378,"Male",41,"SHS",7,25,17.51,"Gift","Plantain","No","None","Excellent",1511,"No","Major",2023,"Yes",104.3,"No","No",3,"Yes",2.9,50.78,1159,58854,10100,48754,82.8,"Yes",4822,"MFI","No storage",NA,"Exporter",15,3.9,"Yes","Yes","Medium"
"GAHS-F1743","Bono",7.9042,-2.7502,"Male",52,"JHS",4,37,0.82,"Leased","Maize","Yes","Poultry","Moderate",1253,"Yes","Minor",2023,"No",0,"No","Yes",2,"Yes",1.41,1.16,4310,5000,294,4706,94.1,"No",NA,"None","On-farm store",6.9,"Local market",0.8,4,"Yes","No","Medium"
"GAHS-F1744","Bono",7.5481,-2.6628,"Male",59,"Primary",7,40,1.54,"Leased","Yam","No","None","Good",1144,"No","Minor",2022,"Yes",104.2,"No","No",1,"No",2.57,3.96,5125,20295,821,19474,95,"No",NA,"None","Warehouse",18.3,"Regional market",11,3.6,"Yes","No","Low"
"GAHS-F1745","Ashanti",6.7838,-0.9786,"Male",66,"SHS",9,45,7.27,"Owned","Oil Palm","No","None","Moderate",1628,"Yes","Major",2022,"No",0,"No","Yes",5,"No",2.07,15.05,2426,36511,3021,33490,91.7,"Yes",861,"SACCO","No storage",24.8,"Exporter",3.1,NA,"Yes","No","Medium"
"GAHS-F1746","Volta",7.0247,1.0729,"Male",54,"Tertiary",3,38,5.89,"Gift","Cassava","Yes","Cattle","Moderate",741,"Yes","Major",2023,"No",0,"No","No",4,"Yes",0.96,5.65,1416,8000,2269,5731,71.6,"Yes",2970,"Bank","No storage",14.6,"Farmgate",2.1,4.1,"Yes","No","Medium"
"GAHS-F1747","Western North",6.2728,-3.2983,"Male",59,"None",6,43,8.13,"Owned","Cocoa","No","None","Good",1635,"No","Minor",2021,"No",0,"No","Yes",1,"Yes",3.07,24.96,4842,120856,3276,117580,95,"No",NA,"None","No storage",24.6,"Farmgate",1.9,4.4,"Yes","No","Medium"
"GAHS-F1748","North East",10.06,-0.3225,"Female",70,"SHS",5,51,2.5,"Communal","Maize","Yes","Cattle","Good",672,"No","Major",2021,"No",0,"No","No",3,"No",1.43,3.57,3400,12138,726,11412,94,"No",NA,"None","No storage",NA,"Exporter",13.9,5.3,"Yes","No","Low"
"GAHS-F1749","Ahafo",6.7079,-2.3919,"Male",39,"Tertiary",1,21,NA,"Owned","Cocoa","Yes","Pig","Poor",1560,"No","Minor",2023,"Yes",82.1,"No","No",2,"Yes",2.81,12.84,2930,37621,2448,NA,93.5,"No",NA,"None","On-farm store",12.8,"Regional market",27,4.5,"Yes","No","Medium"
"GAHS-F1750","Northern",10.1305,-0.5988,"Male",61,"Primary",4,44,1.84,"Gift","Millet","Yes","Goat/Sheep","Moderate",935,"No","Major",2023,"No",NA,"No","No",1,"Yes",2.21,4.07,707,2877,1056,1821,63.3,"No",NA,"None","No storage",28.6,"Farmgate",11.2,6.1,"Yes","No","Low"
"GAHS-F1751","Volta",6.481,0.6257,"Male",34,"Tertiary",8,14,1.74,"Owned","Tomato","No","None","Moderate",834,"Yes","Minor",2021,"No",0,"No","No",5,"Yes",1.33,2.31,905,2091,739,1352,64.6,"Yes",15035,"Bank","No storage",6.7,"Regional market",5.8,7,"Yes","No","Medium"
"GAHS-F1752","Bono East",7.9128,-1.4082,"Female",65,"JHS",2,55,2.75,"Communal","Rice","Yes","Goat/Sheep","Poor",719,"No","Major",2021,"No",0,"Yes","Yes",1,"No",1.41,3.88,4141,16067,1098,14969,93.2,"Yes",1635,"Moneylender","No storage",6.6,"Regional market",9.4,1.3,"Yes","No","Medium"
"GAHS-F1753","Central",4.8991,-1.5776,"Male",57,"SHS",4,42,4.18,"Owned","Plantain","No","None","Good",1395,"No","Major",2023,"No",0,"No","No",6,"No",3.33,13.92,1619,22536,1799,20737,92,"No",NA,"None","Rented silo",NA,"Local market",22.2,4.4,"Yes","No","Low"
"GAHS-F1754","Western North",6.6349,-2.9964,"Male",48,"SHS",5,32,6.05,"Gift","Cassava","No","None","Poor",NA,"Yes","Minor",2022,"Yes",27.8,"No","No",5,"Yes",1.99,12.04,2152,25910,2911,22999,88.8,"No",NA,"None","Warehouse",5.7,"Farmgate",1.4,4.5,"Yes","No","Medium"
"GAHS-F1755","Northern",9.2593,-0.61,"Male",58,"Primary",6,39,3.33,"Sharecrop","Maize","Yes","Goat/Sheep","Poor",929,"No","Major",2023,"No",0,"No","No",2,"Yes",0.89,2.96,746,2208,1064,1144,51.8,"No",NA,"None","Warehouse",8.4,"Local market",24.5,4.8,"Yes","No","Low"
"GAHS-F1756","Northern",9.8086,-1.0628,"Male",52,"SHS",5,31,10.76,"Communal","Maize","No","None","Good",926,"Yes","Major",2023,"No",0,"No","Yes",3,"Yes",2.41,25.93,634,16440,4111,12329,75,"Yes",1479,"SACCO","Warehouse",14.7,"Farmgate",NA,4.9,"Yes","Yes","Medium"
"GAHS-F1757","Ashanti",6.5942,-1.1163,"Male",55,"None",4,37,4.66,"Communal","Cocoa","Yes","Cattle","Good",1809,"No","Minor",2022,"No",0,"Yes","No",2,"Yes",2.4,11.18,2021,22595,1624,20971,92.8,"No",NA,"None","No storage",NA,"Local market",8.3,2.8,"Yes","No","Medium"
"GAHS-F1758","Bono East",8.0154,-1.0975,"Male",45,"JHS",3,24,0.8,"Sharecrop","Tomato","Yes","Goat/Sheep","Good",787,"No","Minor",2022,"Yes",50.6,"Yes","No",5,"No",3.7,2.96,1980,5861,352,5509,94,"Yes",1757,"Moneylender","No storage",14.7,"Farmgate",21.4,3.7,"Yes","No","Medium"
"GAHS-F1759","Savannah",9.3483,-1.614,"Male",32,"JHS",7,15,3.45,"Leased","Yam","Yes","Pig","Excellent",1034,"Yes","Major",2022,"Yes",77.3,"No","No",3,"No",2.86,9.87,1737,17144,1886,15258,89,"Yes",1631,"Family","No storage",28.6,"Regional market",16.6,3.1,"Yes","No","Medium"
"GAHS-F1760","Upper East",10.2013,-0.5293,"Male",37,"SHS",4,18,NA,"Communal","Groundnut","Yes","Goat/Sheep","Excellent",510,"Yes","Major",2022,"Yes",117.7,"No","No",5,"No",2.38,5.21,2468,12858,NA,11567,90,"No",NA,"None","No storage",22.6,"Cooperative",4.3,4.8,"Yes","No","Medium"
"GAHS-F1761","Ashanti",6.279,-1.46,"Female",52,"JHS",10,31,3.9,"Owned","Cassava","Yes","Cattle","Good",2027,"No","Minor",2021,"Yes",110.2,"No","No",2,"No",2.2,8.58,1874,16079,2532,13547,84.2,"No",NA,"None","On-farm store",18.3,"Local market",3.6,3.9,"Yes","No","Low"
"GAHS-F1762","Bono East",7.1813,-1.0933,"Male",70,"None",5,51,1.57,"Owned","Maize","No","None","Good",1167,"No","Minor",2022,"Yes",43.9,"No","No",6,"Yes",2.24,3.52,1065,3749,698,3051,81.4,"Yes",1482,"MFI","No storage",24.6,"Processor",3.3,2.9,"Yes","No","Medium"
"GAHS-F1763","Northern",9.5591,-0.542,"Female",55,"None",5,33,3.71,"Gift","Cowpea","Yes","Poultry","Good",777,"No","Minor",2021,"Yes",48.4,"Yes","No",6,"No",2.54,9.42,2342,22062,1764,20298,92,"Yes",1126,"SACCO","On-farm store",24.3,"Local market",4.9,3.5,"Yes","No","Medium"
"GAHS-F1764","Northern",9.9245,-0.2324,"Female",44,"Primary",5,29,9.4,"Leased","Groundnut","Yes","Goat/Sheep","Excellent",1011,"No","Minor",2022,"Yes",99.7,"No","No",4,"Yes",2.72,25.57,2343,59911,5480,54431,90.9,"No",NA,"None","On-farm store",23.9,"Cooperative",1.2,5.7,"Yes","No","Medium"
"GAHS-F1765","North East",9.9681,-0.8462,"Male",31,"SHS",7,14,8.64,"Sharecrop","Yam","No","None","Good",628,"No","Major",2023,"No",0,"No","No",3,"No",2.09,18.06,730,13184,3502,9682,73.4,"Yes",726,"SACCO","On-farm store",9.4,"Regional market",5.4,2.9,"Yes","No","Low"
"GAHS-F1766","Bono",7.8104,-1.8149,"Female",61,"Primary",6,44,3.11,"Communal","Yam","No","None","Poor",1275,"No","Major",2023,"No",0,"No","Yes",0,"No",3.31,10.29,3346,NA,1516,32914,95,"No",NA,"None","No storage",8.8,"Processor",6,4.9,"Yes","No","Low"
"GAHS-F1767","Eastern",6.1574,-0.9918,"Female",52,"Tertiary",6,40,4.87,"Leased","Cocoa","No","None","Poor",1855,"Yes","Minor",2023,"No",0,"No","Yes",3,"No",2.57,12.52,851,10655,2000,8655,81.2,"No",NA,"None","No storage",23.5,"Processor",6.5,4.8,"Yes","No","Medium"
"GAHS-F1768","Oti",8.3479,0.2039,"Male",31,"Primary",4,17,10.24,"Owned","Cassava","No","None","Good",981,"No","Minor",2023,"No",0,"No","No",1,"No",NA,20.99,2063,43302,NA,39410,91,"Yes",3600,"Moneylender","On-farm store",15.4,"Farmgate",6.5,3.3,"Yes","No","Low"
"GAHS-F1769","Bono",7.022,-2.3657,"Female",50,"Primary",7,36,0.45,"Owned","Maize","Yes","Goat/Sheep","Poor",868,"No","Minor",2022,"No",0,"Yes","No",3,"No",1.59,0.72,1411,1016,238,778,76.5,"No",NA,"None","Warehouse",14.6,"Farmgate",6.5,2.5,"Yes","No","Medium"
"GAHS-F1770","North East",10.1736,-0.921,"Female",62,"JHS",2,47,3.13,"Leased","Cowpea","No","None","Excellent",819,"No","Minor",2021,"No",0,"No","No",2,"No",3.84,12.02,1444,17357,768,16589,95,"No",NA,"None","On-farm store",23.2,"Cooperative",6.2,5.7,"Yes","No","Low"
"GAHS-F1771","Ashanti",6.9404,-2.076,"Male",45,"None",4,27,0.47,"Sharecrop","Plantain","Yes","Goat/Sheep","Good",1423,"Yes","Major",2021,"Yes",104.4,"No","Yes",2,"Yes",1.49,0.7,1332,932,281,651,69.8,"Yes",1452,"MFI","On-farm store",24.2,"Farmgate",3.8,4.3,"Yes","No","Medium"
"GAHS-F1772","Oti",7.4447,0.2866,"Male",57,"JHS",4,38,2.74,"Sharecrop","Pepper","No","None","Excellent",NA,"Yes","Minor",2021,"Yes",22.4,"Yes","No",1,"No",2.96,8.11,1049,8507,1412,7095,83.4,"No",NA,"None","On-farm store",18.7,"Exporter",0.5,5.1,"Yes","No","Medium"
"GAHS-F1773","Greater Accra",5.1083,-0.223,"Male",51,"Tertiary",5,35,0.91,"Sharecrop","Cassava","No","None","Moderate",818,"No","Major",2022,"Yes",87.9,"Yes","No",4,"No",2.78,2.53,964,2439,494,1945,79.7,"No",NA,"None","Rented silo",9.5,"Farmgate",6.7,3.8,"Yes","No","Medium"
"GAHS-F1774","Western",5.4459,-1.9934,"Male",20,"JHS",5,0,2.53,"Communal","Cocoa","Yes","Mixed","Moderate",1371,"Yes","Major",2022,"No",0,"Yes","Yes",0,"No",NA,8.5,1225,10412,965,9447,90.7,"No",NA,"None","No storage",17.7,"Farmgate",4.4,4.6,"Yes","No","Medium"
"GAHS-F1775","Ashanti",6.4476,-2.0618,"Male",69,"SHS",3,47,5.02,"Sharecrop","Cassava","No","None","Excellent",1415,"No","Minor",2022,"No",0,"No","No",2,"Yes",2,10.04,884,8875,1936,6939,78.2,"Yes",1069,"Moneylender","No storage",7.1,"Regional market",19.1,2.6,"Yes","No","Low"
"GAHS-F1776","Volta",6.3795,0.594,"Female",62,"JHS",7,38,4.45,"Owned","Cassava","No","None","Poor",852,"Yes","Minor",2023,"Yes",81.8,"Yes","Yes",4,"No",3.5,15.58,1390,21656,2336,19320,89.2,"No",NA,"None","Warehouse",12.7,"Farmgate",17.3,5.5,"Yes","No","High"
"GAHS-F1777","Savannah",8.5389,-1.9727,"Male",43,"JHS",7,25,1.63,"Gift","Maize","Yes","Pig","Poor",720,"Yes","Minor",2022,"Yes",159.8,"No","No",2,"No",1.69,2.75,2072,5698,1221,4477,78.6,"Yes",3410,"SACCO","On-farm store",18.2,"Regional market",5.8,5.3,"Yes","No","Low"
"GAHS-F1778","Central",5.8875,-0.6128,"Male",38,"None",4,20,1.04,"Sharecrop","Maize","Yes","Pig","Moderate",1392,"No","Major",2021,"No",0,"Yes","Yes",3,"Yes",1.45,1.51,1223,1847,338,1509,81.7,"No",NA,"None","On-farm store",11.4,"Farmgate",7.8,3.2,"Yes","No","High"
"GAHS-F1779","Oti",7.6039,-0.2872,"Male",60,"None",2,44,1.14,"Gift","Rice","No","None","Good",1137,"No","Minor",2022,"No",0,"No","No",2,"Yes",3,3.42,1320,4514,419,4095,90.7,"No",NA,"None","Rented silo",10.7,"Farmgate",28,5.7,"Yes","Yes","Low"
"GAHS-F1780","Upper West",10.2784,-2.568,"Female",48,"None",6,34,1.83,"Communal","Cowpea","Yes","Goat/Sheep","Good",526,"Yes","Major",2022,"No",0,"No","No",0,"No",3.03,5.54,1303,7219,770,6449,89.3,"Yes",8705,"MFI","On-farm store",35.2,"Farmgate",NA,3.5,"Yes","No","Low"
"GAHS-F1781","Upper East",10.2405,-1.2081,"Male",30,"Tertiary",5,13,0.48,"Leased","Maize","Yes","Pig","Moderate",NA,"Yes","Minor",2022,"Yes",66.8,"Yes","Yes",4,"No",1.95,0.94,762,716,100,616,85.9,"Yes",1580,"Family","No storage",21.7,"Local market",38.4,3.7,"Yes","No","High"
"GAHS-F1782","Upper East",10.1431,-0.7511,"Female",46,"None",6,30,0.83,"Owned","Groundnut","Yes","Goat/Sheep","Good",714,"No","Minor",2021,"Yes",58.3,"No","No",3,"Yes",1.9,1.58,1926,3043,205,2838,93.2,"No",NA,"None","No storage",38,"Local market",12.4,5.6,"Yes","No","Medium"
"GAHS-F1783","Central",5.8253,-0.7862,"Male",35,"SHS",8,17,4.84,"Sharecrop","Cocoa","Yes","Goat/Sheep","Excellent",1652,"No","Minor",2023,"No",0,"Yes","No",2,"Yes",2.93,14.18,2218,31451,2146,29305,93.2,"Yes",1497,"Moneylender","No storage",37.9,"Farmgate",15,4.1,"Yes","No","Medium"
"GAHS-F1784","Upper East",10.6913,-0.8949,"Male",39,"Primary",10,16,NA,"Sharecrop","Maize","Yes","Goat/Sheep","Poor",1041,"No","Major",2022,"Yes",52.1,"No","No",3,"Yes",2.72,2.72,828,2252,628,1624,72.1,"Yes",200,"Bank","No storage",15.9,"Farmgate",8.2,NA,"Yes","No","Medium"
"GAHS-F1785","Oti",7.4552,0.9114,"Male",45,"JHS",3,31,1.07,"Communal","Cassava","No","None","Poor",760,"No","Minor",2022,"Yes",63.7,"Yes","Yes",2,"No",3.8,4.07,762,3101,552,2549,82.2,"Yes",1957,"SACCO","No storage",28.7,"Regional market",10.6,2.9,"Yes","No","Medium"
"GAHS-F1786","Central",5.2643,-1.6262,"Male",36,"None",1,12,2.48,"Sharecrop","Cocoa","Yes","Cattle","Moderate",1725,"No","Minor",2022,"Yes",106,"No","Yes",0,"No",4.14,10.27,1931,19831,1230,18601,93.8,"No",NA,"None","Warehouse",14.4,"Local market",5.6,5.6,"Yes","No","Medium"
"GAHS-F1787","Western North",6.4116,-2.3949,"Male",64,"Primary",5,47,0.84,"Owned","Cocoa","No","None","Moderate",1422,"No","Minor",2022,"Yes",93.4,"No","Yes",4,"Yes",1.95,1.64,2363,3875,569,3306,85.3,"Yes",2022,"Moneylender","No storage",19.2,"Regional market",0.6,4.5,"Yes","No","High"
"GAHS-F1788","Western",4.8765,-1.9493,"Male",48,"None",7,29,1.43,"Leased","Plantain","Yes","Cattle","Good",1126,"No","Major",2023,"Yes",143.8,"No","No",0,"No",1.71,2.45,1522,3729,724,3005,80.6,"No",NA,"None","On-farm store",12,"Farmgate",6.8,4,"Yes","No","Low"
"GAHS-F1789","Eastern",6.655,-0.3532,"Female",48,"Primary",7,32,0.8,"Leased","Oil Palm","Yes","Pig","Moderate",1519,"No","Major",2022,"No",0,"No","No",1,"No",1.72,1.38,966,1333,382,951,71.3,"Yes",2470,"MFI","Warehouse",7.6,"Cooperative",14.1,4.3,"Yes","No","Low"
"GAHS-F1790","Ashanti",7.1285,-1.4657,"Male",47,"None",1,30,2.47,"Owned","Oil Palm","No","None","Moderate",1736,"Yes","Minor",2022,"No",0,"No","No",2,"No",2.79,6.89,2600,17914,805,17109,95,"No",NA,"None","On-farm store",16.5,"Farmgate",9,4.5,"Yes","No","Low"
"GAHS-F1791","Eastern",6.9969,-0.2408,"Male",41,"Primary",6,25,1.39,"Sharecrop","Cassava","No","None","Poor",1401,"No","Minor",2021,"Yes",115,"No","Yes",7,"Yes",2.75,3.82,3256,12438,863,11575,93.1,"No",NA,"None","On-farm store",19.7,"Local market",6.1,5.3,"Yes","No","High"
"GAHS-F1792","Northern",9.3867,-1.4178,"Male",51,"SHS",8,34,5.74,"Sharecrop","Groundnut","Yes","Pig","Moderate",1114,"Yes","Major",2023,"No",0,"No","No",5,"No",3.22,18.48,3926,72552,2313,70239,95,"No",NA,"None","On-farm store",20.5,"Regional market",NA,4.1,"Yes","No","Low"
"GAHS-F1793","Volta",6.9851,0.0725,"Female",60,"Tertiary",7,40,2.8,"Leased","Pepper","Yes","Poultry","Good",987,"Yes","Major",2021,"Yes",42.5,"Yes","No",3,"No",3.48,9.74,1497,14581,1300,13281,91.1,"No",NA,"None","Warehouse",5.6,"Local market",0.5,5,"Yes","No","Medium"
"GAHS-F1794","Bono",8.194,-2.151,"Male",52,"Tertiary",3,34,0.46,"Owned","Cassava","Yes","Goat/Sheep","Moderate",675,"No","Minor",2023,"Yes",26.5,"Yes","Yes",3,"Yes",3.55,1.63,1110,1809,280,1529,84.5,"Yes",5501,"Moneylender","No storage",29.3,"Farmgate",6,5.2,"Yes","No","High"
"GAHS-F1795","Western North",6.009,-2.8977,"Male",30,"JHS",5,17,2.32,"Leased","Cocoa","Yes","Goat/Sheep","Good",1705,"No","Major",2022,"Yes",108.6,"No","Yes",0,"No",3.7,8.58,1394,11961,1240,10721,89.6,"No",NA,"None","On-farm store",16.6,"Processor",14.3,4.3,"Yes","Yes","Medium"
"GAHS-F1796","North East",10.3174,0.0083,"Male",30,"SHS",7,12,0.73,"Owned","Maize","Yes","Cattle","Good",867,"No","Minor",2022,"Yes",84,"No","No",1,"No",2.52,1.84,1293,2379,NA,1986,83.4,"Yes",1007,"MFI","No storage",22.4,"Regional market",45.3,6,"Yes","No","Low"
"GAHS-F1797","Ashanti",6.7946,-1.2876,"Male",47,"JHS",5,32,5.11,"Leased","Cocoa","Yes","Poultry","Excellent",1935,"No","Major",2022,"No",0,"No","No",2,"No",2.72,13.9,1127,15665,1919,13746,87.7,"No",NA,"None","No storage",35.7,"Cooperative",9.2,3.5,"Yes","No","Low"
"GAHS-F1798","Northern",9.8612,-0.5677,"Male",37,"None",7,16,2.63,"Leased","Cowpea","No","None","Moderate",655,"Yes","Major",2022,"No",0,"No","No",1,"No",1.73,4.55,1505,6848,786,NA,88.5,"Yes",1913,"MFI","On-farm store",9.9,"Processor",3.2,1.7,"Yes","No","Low"
"GAHS-F1799","Bono",7.002,-2.5084,"Female",35,"JHS",1,19,0.74,"Sharecrop","Maize","Yes","Poultry","Moderate",1255,"Yes","Major",2023,"No",0,"No","No",0,"Yes",2.28,1.69,1703,2878,443,2435,84.6,"No",NA,"None","No storage",11.3,"Local market",3.9,5.2,"Yes","No","Low"
"GAHS-F1800","Upper West",9.6983,-3.0267,"Male",45,"SHS",8,20,0.74,"Leased","Cowpea","Yes","Mixed","Good",1078,"No","Major",2021,"Yes",129.1,"No","No",5,"No",1.97,1.46,5643,8239,663,7576,91.9,"No",NA,"None","Warehouse",18.7,"Regional market",12.7,4.6,"Yes","No","Medium"
"GAHS-F1801","Western",5.3437,-2.4615,"Female",29,"None",10,10,4.26,"Communal","Cocoa","Yes","Poultry","Good",1828,"No","Minor",2023,"Yes",79.1,"No","No",3,"No",1.81,7.71,1435,11064,2301,8763,79.2,"Yes",471,"SACCO","No storage",18.7,"Farmgate",16.4,2.4,"Yes","No","Medium"
"GAHS-F1802","Central",5.6762,-1.0998,"Male",35,"SHS",9,14,3.84,"Leased","Plantain","No","None","Moderate",1307,"No","Minor",2021,"Yes",49,"Yes","No",3,"No",3.56,13.67,4098,56020,1902,54118,95,"Yes",2620,"Family","Warehouse",19.4,"Cooperative",5.7,4.1,"Yes","No","Medium"
"GAHS-F1803","Ashanti",6.4936,-1.315,"Female",44,"Primary",7,25,7.44,"Owned","Cassava","No","None","Poor",1506,"Yes","Major",2023,"No",0,"No","Yes",2,"No",3.18,23.66,1162,27493,3100,24393,88.7,"Yes",1432,"Bank","Warehouse",10.5,"Farmgate",0.5,4.1,"Yes","No","Low"
"GAHS-F1804","Volta",7.4117,0.0651,"Female",43,"JHS",3,20,NA,"Owned","Yam","Yes","Goat/Sheep","Excellent",1151,"No","Major",2023,"No",0,"No","No",3,"Yes",3.21,8.63,1241,10710,997,NA,90.7,"Yes",886,"SACCO","Warehouse",24.9,"Local market",0.5,4.2,"Yes","No","Medium"
"GAHS-F1805","Western North",5.8243,-3.1921,"Male",67,"SHS",9,46,2.39,"Owned","Plantain","Yes","Mixed","Excellent",1097,"No","Major",2021,"No",0,"Yes","Yes",1,"Yes",3.68,8.8,767,6750,967,5783,85.7,"No",NA,"None","Rented silo",6.3,"Farmgate",30.3,5.4,"Yes","No","Medium"
"GAHS-F1806","Ashanti",6.2364,-1.8629,"Male",57,"JHS",7,39,4.95,"Owned","Cocoa","Yes","Goat/Sheep","Moderate",1883,"No","Minor",2021,"No",NA,"No","No",1,"No",1.99,9.85,788,7762,1841,5921,76.3,"No",NA,"None","Warehouse",3.7,"Local market",0.5,3.9,"Yes","No","Low"
"GAHS-F1807","Upper West",10.4793,-2.4856,"Male",58,"None",2,39,2.18,"Sharecrop","Sorghum","Yes","Goat/Sheep","Moderate",1097,"No","Minor",2023,"No",0,"No","No",3,"No",1.56,3.4,3346,11376,812,10564,92.9,"No",NA,"None","No storage",26.4,"Farmgate",6,3.8,"Yes","No","Low"
"GAHS-F1808","Savannah",9.426,-1.7286,"Female",72,"None",7,54,1.51,"Communal","Cowpea","Yes","Goat/Sheep","Moderate",730,"Yes","Major",2022,"No",0,"No","No",2,"Yes",1.19,1.8,3748,6746,760,5986,88.7,"No",NA,"None","Warehouse",NA,"Processor",33.9,5.9,"Yes","No","Low"
"GAHS-F1809","Savannah",8.7311,-1.6192,"Male",56,"Primary",7,35,1.21,"Sharecrop","Groundnut","No","None","Poor",849,"No","Major",2022,"No",0,"No","Yes",0,"Yes",1.44,1.74,1635,NA,834,2011,70.7,"No",NA,"None","No storage",11.4,"Exporter",82.7,5.5,"Yes","Yes","Medium"
"GAHS-F1810","Upper East",10.3424,-0.722,"Male",64,"Primary",7,45,2.66,"Communal","Sorghum","Yes","Mixed","Moderate",1347,"Yes","Minor",2021,"Yes",110.5,"No","No",1,"No",2.11,5.61,1802,10109,1546,8563,84.7,"No",NA,"None","On-farm store",16.8,"Farmgate",33.9,3.7,"Yes","No","Low"
"GAHS-F1811","Ahafo",7.5707,-2.3355,"Female",30,"Primary",3,14,0.7,"Owned","Plantain","Yes","Pig","Moderate",1579,"Yes","Major",2023,"No",0,"No","No",0,"Yes",2.22,1.55,1293,2004,201,1803,89.9,"No",NA,"None","On-farm store",24.2,"Farmgate",4.4,3.6,"Yes","No","Low"
"GAHS-F1812","Northern",9.4356,-0.8404,"Female",28,"SHS",8,15,6.18,"Leased","Maize","Yes","Goat/Sheep","Moderate",1190,"Yes","Minor",2021,"No",0,"No","No",4,"Yes",3.52,21.75,1011,21989,NA,19578,89,"Yes",1699,"Bank","Warehouse",12.2,"Local market",76.2,4,"Yes","No","Medium"
"GAHS-F1813","Western North",6.45,-2.0694,"Male",28,"JHS",5,3,0.97,"Owned","Oil Palm","Yes","Goat/Sheep","Excellent",1703,"Yes","Minor",2023,"Yes",136,"No","No",1,"Yes",2.66,2.58,986,2544,405,2139,84,"No",NA,"None","On-farm store",16,"Local market",2.9,5.6,"Yes","No","Medium"
"GAHS-F1814","Upper East",10.2465,-0.3324,"Female",51,"JHS",7,35,4.94,"Gift","Cowpea","No","None","Good",1161,"Yes","Major",2021,"No",NA,"No","No",0,"No",1.25,6.18,1727,NA,1940,8733,81.8,"No",NA,"None","No storage",6,"Regional market",1,3.8,"Yes","No","Low"
"GAHS-F1815","Upper East",10.5786,-1.3625,"Female",42,"Tertiary",6,20,0.45,"Leased","Maize","Yes","Pig","Good",823,"No","Major",2023,"Yes",91.8,"No","Yes",6,"Yes",2.29,1.03,3542,3648,543,3105,85.1,"Yes",1530,"Bank","On-farm store",20.9,"Regional market",4.7,2.2,"Yes","No","High"
"GAHS-F1816","Western",4.5423,-2.5959,"Male",66,"SHS",7,43,1.3,"Owned","Cocoa","No","None","Moderate",1120,"Yes","Minor",2021,"No",0,"No","Yes",5,"No",3.92,5.1,1490,7599,351,7248,95,"Yes",1860,"SACCO","Warehouse",17.2,"Exporter",14.4,3.5,"Yes","No","Medium"
"GAHS-F1817","Ashanti",6.4286,-1.4432,"Male",67,"None",5,45,2.26,"Owned","Oil Palm","Yes","Goat/Sheep","Good",1273,"No","Major",2022,"Yes",18,"Yes","No",0,"Yes",2.4,5.42,4329,23463,NA,22468,95,"Yes",616,"Family","No storage",17.8,"Local market",26.4,4.5,"Yes","No","Medium"
"GAHS-F1818","Northern",9.6989,-0.5418,"Female",59,"Primary",4,42,1.48,"Communal","Groundnut","No","None","Moderate",1014,"Yes","Minor",2021,"No",0,"No","Yes",3,"Yes",3.3,4.88,1293,6310,500,5810,92.1,"Yes",2779,"MFI","No storage",16,"Farmgate",30.3,5.2,"Yes","No","Medium"
"GAHS-F1819","Savannah",9.4305,-1.2367,"Female",36,"JHS",4,17,1.99,"Owned","Maize","No","None","Moderate",1301,"No","Major",2023,"No",0,"No","Yes",1,"No",2.83,5.63,1617,9104,570,8534,93.7,"No",NA,"None","On-farm store",24.7,"Regional market",3.3,3.9,"Yes","No","Low"
"GAHS-F1820","Bono East",7.7857,-1.7163,"Male",46,"SHS",8,27,4.43,"Owned","Maize","Yes","Poultry","Good",NA,"No","Minor",2023,"No",0,"Yes","No",4,"No",2.53,11.21,762,8542,1718,6824,79.9,"Yes",343,"Bank","On-farm store",23.8,"Local market",0.5,1.7,"Yes","No","Medium"
"GAHS-F1821","Eastern",6.524,-0.4976,"Male",25,"JHS",2,4,0.77,"Gift","Cocoa","Yes","Mixed","Moderate",NA,"No","Major",2022,"Yes",78.7,"No","No",4,"No",3.92,3.02,1298,3920,307,3613,92.1,"No",NA,"None","On-farm store",17.6,"Local market",0.8,6.4,"Yes","No","Medium"
"GAHS-F1822","Ahafo",7.358,-3.0916,"Female",38,"SHS",4,13,2.15,"Owned","Cocoa","No","None","Good",1974,"Yes","Minor",2023,"No",0,"No","No",5,"No",1.86,4,1825,7300,834,NA,88.6,"No",NA,"None","On-farm store",5.6,"Local market",1.5,4.1,"Yes","No","Low"
"GAHS-F1823","Northern",9.5509,-1.3724,"Male",56,"JHS",2,43,5.29,"Communal","Millet","Yes","Poultry","Excellent",746,"No","Major",2022,"No",0,"Yes","No",0,"No",2.31,12.22,1361,16631,2090,14541,87.4,"No",NA,"None","No storage",17.3,"Cooperative",45.3,4.1,"Yes","No","Low"
"GAHS-F1824","Volta",6.432,0.3898,"Male",32,"JHS",5,17,4.57,"Leased","Yam","Yes","Goat/Sheep","Good",1024,"Yes","Minor",2023,"Yes",62.3,"No","No",3,"Yes",1.75,8,737,5896,2366,3530,59.9,"No",NA,"None","No storage",35.5,"Processor",9.2,5.8,"Yes","Yes","Medium"
"GAHS-F1825","Bono East",8.3592,-1.7513,"Female",66,"None",4,51,2.45,"Communal","Maize","Yes","Poultry","Moderate",964,"No","Major",2023,"Yes",5,"No","Yes",7,"No",1.71,4.19,1347,5644,1050,4594,81.4,"Yes",567,"Family","On-farm store",18.2,"Farmgate",10.1,7.1,"Yes","No","Medium"
"GAHS-F1826","Ahafo",6.4121,-2.0722,"Female",36,"SHS",5,18,1.05,"Sharecrop","Oil Palm","Yes","Goat/Sheep","Moderate",1495,"Yes","Minor",2022,"Yes",111.2,"No","Yes",6,"Yes",3.06,3.21,1788,5739,335,5404,94.1,"No",NA,"None","Rented silo",13.3,"Regional market",8,3.7,"Yes","No","High"
"GAHS-F1827","Northern",10.0097,-0.5228,"Male",51,"Primary",2,33,0.83,"Communal","Maize","No","None","Moderate",853,"No","Minor",2022,"No",0,"No","No",1,"Yes",2.13,1.77,1163,2059,185,1874,91,"Yes",842,"Bank","No storage",18.8,"Farmgate",3.6,1.5,"Yes","No","Low"
"GAHS-F1828","Volta",6.9915,0.7584,"Male",35,"SHS",7,19,0.22,"Communal","Pepper","No","None","Good",838,"No","Minor",2021,"Yes",108,"No","No",4,"No",3.05,0.67,3507,2350,100,2250,95,"No",NA,"None","On-farm store",21.7,"Regional market",0.5,5.3,"Yes","Yes","Medium"
"GAHS-F1829","Upper East",11.035,-0.5,"Female",36,"JHS",8,18,1.26,"Leased","Yam","Yes","Mixed","Good",525,"Yes","Minor",2022,"Yes",80,"No","Yes",5,"No",2.95,3.72,1998,7433,491,6942,93.4,"No",NA,"None","On-farm store",16.5,"Exporter",2.6,2.8,"Yes","No","Medium"
"GAHS-F1830","Savannah",8.9853,-2.0246,"Female",43,"JHS",5,26,4.16,"Communal","Cowpea","Yes","Goat/Sheep","Good",516,"No","Major",2022,"Yes",94.7,"No","No",3,"Yes",2.75,11.44,3350,38324,2367,35957,93.8,"No",NA,"None","On-farm store",32.6,"Regional market",4.9,4.8,"Yes","Yes","Medium"
"GAHS-F1831","Bono",7.2768,-2.7314,"Male",52,"None",11,37,4.56,"Owned","Maize","Yes","Mixed","Good",1068,"No","Major",2022,"Yes",77,"Yes","Yes",4,"Yes",3.28,14.96,785,11744,2408,9336,79.5,"No",NA,"None","No storage",24.6,"Regional market",3.3,4,"Yes","No","High"
"GAHS-F1832","Savannah",8.8652,-1.4146,"Male",39,"SHS",5,25,2.58,"Leased","Yam","Yes","Poultry","Moderate",784,"No","Minor",2023,"No",0,"No","No",6,"No",1.7,4.39,3846,16884,1325,15559,92.1,"No",NA,"None","On-farm store",9.1,"Regional market",1,3.5,"Yes","Yes","Low"
"GAHS-F1833","Western North",6.7416,-3.3222,"Female",54,"Primary",4,34,6.9,"Leased","Oil Palm","Yes","Pig","Excellent",1425,"No","Major",2022,"No",0,"No","No",2,"No",2.68,18.49,2133,39439,2838,36601,92.8,"No",NA,"None","On-farm store",14.9,"Farmgate",0.5,3.4,"Yes","No","Low"
"GAHS-F1834","Western North",5.6831,-2.1096,"Female",57,"None",1,38,1.22,"Owned","Plantain","Yes","Poultry","Good",1218,"Yes","Minor",2023,"No",0,"No","No",2,"Yes",NA,1.67,5295,8843,630,8213,92.9,"No",NA,"None","No storage",11.8,"Processor",0.5,6.7,"Yes","No","Low"
"GAHS-F1835","Upper East",10.8233,-1.1456,"Male",41,"JHS",3,20,3.64,"Owned","Sorghum","No","None","Moderate",829,"Yes","Minor",2022,"Yes",58.8,"No","No",1,"Yes",2.48,9.03,714,6447,1999,4448,69,"No",NA,"None","No storage",NA,"Farmgate",8.5,4.2,"Yes","No","Medium"
"GAHS-F1836","Bono East",7.8995,-1.6454,"Male",28,"Primary",4,12,4.07,"Communal","Maize","Yes","Mixed","Good",698,"Yes","Major",2022,"Yes",73.1,"No","Yes",2,"No",3.14,12.78,539,6888,1902,4986,72.4,"No",NA,"None","No storage",NA,"Processor",6.5,7.3,"Yes","Yes","Medium"
"GAHS-F1837","Volta",6.6495,1.0542,"Male",30,"None",10,18,0.48,"Owned","Maize","Yes","Cattle","Good",1072,"No","Major",2023,"Yes",60.2,"No","No",3,"No",1.63,0.78,1006,785,211,574,73,"No",NA,"None","On-farm store",28.7,"Exporter",9.2,5.3,"Yes","No","Medium"
"GAHS-F1838","Northern",9.1065,-0.7636,"Male",51,"None",4,31,1.89,"Communal","Yam","No","None","Moderate",840,"No","Major",2021,"Yes",76.1,"No","No",4,"No",3.6,6.8,4661,31695,946,30749,95,"No",NA,"None","Warehouse",2,"Processor",57.5,3.6,"Yes","No","Medium"
"GAHS-F1839","Western North",6.7641,-3.3217,"Female",51,"Primary",6,32,1.52,"Leased","Cocoa","No","None","Moderate",1301,"No","Minor",2023,"Yes",63,"No","No",2,"No",2.64,4.01,1224,4908,999,3909,79.6,"Yes",941,"Bank","Warehouse",0,"Local market",18.2,2.7,"Yes","No","Low"
"GAHS-F1840","Ashanti",6.2288,-1.9908,"Female",38,"SHS",7,24,2.43,"Owned","Cocoa","Yes","Pig","Poor",1872,"Yes","Major",2023,"No",0,"No","No",3,"No",2.95,7.17,3108,22284,893,21391,95,"No",NA,"None","Warehouse",9.4,"Cooperative",22.5,4.1,"Yes","No","Low"
"GAHS-F1841","Eastern",7.0769,-0.5001,"Female",39,"SHS",4,23,15.6,"Leased","Cassava","Yes","Goat/Sheep","Good",1785,"Yes","Minor",2023,"No",0,"No","Yes",4,"No",2.6,40.56,5082,206126,6289,199837,95,"No",NA,"None","No storage",29.2,"Farmgate",1.7,4.1,"Yes","Yes","Medium"
"GAHS-F1842","Northern",10.0962,-0.617,"Male",63,"SHS",7,47,1.21,"Sharecrop","Groundnut","Yes","Goat/Sheep","Moderate",987,"No","Major",2021,"No",0,"No","No",2,"Yes",1.39,1.68,3394,5702,416,5286,92.7,"Yes",5668,"Moneylender","Warehouse",21.3,"Farmgate",86.5,2.1,"Yes","No","Low"
"GAHS-F1843","Bono East",8.0174,-1.5037,"Male",21,"SHS",3,0,3.47,"Owned","Tomato","Yes","Poultry","Good",1268,"No","Major",2022,"Yes",36.9,"No","No",1,"No",NA,6.32,888,5612,1858,3754,66.9,"Yes",11545,"Moneylender","No storage",15.7,"Regional market",11,5.5,"Yes","No","Low"
"GAHS-F1844","Ashanti",6.3129,-1.8312,"Male",26,"SHS",1,10,8.26,"Leased","Oil Palm","Yes","Goat/Sheep","Moderate",1601,"No","Major",2021,"No",0,"No","No",5,"Yes",NA,18.17,2515,45698,3603,42095,92.1,"No",NA,"None","On-farm store",25.1,"Processor",7,6.3,"Yes","Yes","Medium"
"GAHS-F1845","Upper East",11.1123,-1.1914,"Female",30,"SHS",9,14,0.96,"Sharecrop","Cowpea","Yes","Goat/Sheep","Excellent",1080,"Yes","Minor",2022,"Yes",45.9,"No","No",3,"No",2.46,2.36,812,1916,339,1577,82.3,"Yes",1582,"Family","Warehouse",7.9,"Regional market",20.3,3,"Yes","Yes","Medium"
"GAHS-F1846","Upper East",10.8166,-1.1237,"Female",53,"SHS",1,38,3.02,"Communal","Groundnut","Yes","Pig","Moderate",673,"Yes","Major",2022,"Yes",129.9,"No","Yes",6,"No",2.72,8.21,2742,22512,1893,20619,91.6,"No",NA,"None","On-farm store",24.6,"Local market",44.1,5.8,"Yes","No","Medium"
"GAHS-F1847","Savannah",9.6867,-1.2644,"Male",74,"None",7,54,11.59,"Leased","Groundnut","No","None","Poor",1030,"No","Minor",2023,"Yes",75.2,"No","No",3,"No",2.45,28.4,779,22124,6310,15814,71.5,"No",NA,"None","On-farm store",30.1,"Regional market",19.7,5.2,"Yes","No","Medium"
"GAHS-F1848","Bono",7.4156,-2.0203,"Male",50,"JHS",7,35,0.75,"Owned","Tomato","No","None","Excellent",634,"No","Minor",2021,"No",0,"No","Yes",0,"No",2.79,2.09,1305,2727,341,2386,87.5,"Yes",2120,"Family","Warehouse",11.3,"Regional market",6.7,4,"Yes","Yes","Low"
"GAHS-F1849","Ashanti",6.4808,-1.9618,"Male",30,"SHS",5,14,1.35,"Owned","Plantain","No","None","Moderate",2156,"Yes","Minor",2023,"No",0,"No","Yes",3,"No",2.65,3.58,1142,4088,614,3474,85,"No",NA,"None","No storage",14.7,"Regional market",6.9,3.9,"Yes","No","Medium"
"GAHS-F1850","Oti",7.2757,0.2993,"Male",49,"Tertiary",6,34,0.95,"Sharecrop","Maize","Yes","Goat/Sheep","Good",1080,"No","Major",2023,"No",0,"No","No",2,"Yes",1.95,1.85,1381,2555,510,2045,80,"Yes",947,"Family","On-farm store",9.6,"Farmgate",2.5,3.3,"Yes","No","Low"
"GAHS-F1851","Northern",9.7562,-0.52,"Male",62,"Primary",6,43,3.07,"Communal","Groundnut","Yes","Poultry","Moderate",873,"No","Major",2021,"Yes",47.9,"No","No",3,"Yes",2.03,6.23,2650,16510,1528,14982,90.7,"Yes",1155,"Bank","No storage",13.9,"Local market",4.8,3.1,"Yes","No","Medium"
"GAHS-F1852","Central",4.8578,-1.5253,"Female",36,"None",5,19,10.11,"Leased","Cassava","No","None","Poor",1456,"No","Minor",2021,"Yes",120.8,"No","Yes",1,"No",4.42,44.69,1416,63281,6427,56854,89.8,"No",NA,"None","No storage",16.9,"Local market",9.4,3.3,"Yes","Yes","Medium"
"GAHS-F1853","Ahafo",6.3573,-2.3775,"Female",71,"SHS",4,52,1.04,"Sharecrop","Cocoa","Yes","Cattle","Moderate",1679,"No","Minor",2022,"Yes",36.1,"No","Yes",0,"Yes",3.6,3.74,829,3100,629,2471,79.7,"No",NA,"None","No storage",24.8,"Processor",20.8,3.7,"Yes","Yes","Medium"
"GAHS-F1854","Western",5.2785,-1.7044,"Male",52,"SHS",4,30,3.1,"Communal","Cocoa","No","None","Moderate",1313,"Yes","Major",2021,"Yes",152,"Yes","No",4,"No",3,9.3,981,9123,1878,7245,79.4,"Yes",1280,"SACCO","No storage",26,"Regional market",0.8,5.5,"Yes","No","Medium"
"GAHS-F1855","Western North",6.8457,-2.4862,"Female",45,"Primary",8,28,4.19,"Gift","Yam","No","None","Moderate",1575,"No","Minor",2023,"No",0,"No","No",1,"No",2.31,9.68,1107,10716,1921,8795,82.1,"No",NA,"None","No storage",9.7,"Farmgate",5.8,5.5,"Yes","No","Low"
"GAHS-F1856","Western North",5.9691,-2.1853,"Male",54,"Primary",8,35,4.46,"Sharecrop","Cocoa","No","None","Good",1762,"No","Minor",2022,"No",0,"No","Yes",3,"No",2.17,9.68,6129,59329,1707,57622,95,"No",NA,"None","No storage",5.5,"Exporter",6.2,2.5,"Yes","No","Medium"
"GAHS-F1857","Upper West",9.8745,-2.6458,"Female",37,"SHS",5,18,2.41,"Owned","Yam","Yes","Poultry","Good",949,"No","Minor",2023,"Yes",122.1,"No","No",4,"Yes",2.67,6.43,1128,7253,NA,5692,78.5,"No",NA,"None","No storage",23.5,"Exporter",NA,2.5,"Yes","No","Medium"
"GAHS-F1858","Greater Accra",5.2964,-0.8139,"Female",43,"JHS",9,28,1.5,"Leased","Maize","No","None","Good",763,"No","Major",2021,"Yes",63,"No","No",2,"No",3.56,5.34,1425,NA,885,6725,88.4,"No",NA,"None","On-farm store",26.2,"Regional market",3.4,4.1,"Yes","No","Low"
"GAHS-F1859","Northern",9.5266,-0.614,"Male",44,"None",3,24,1.56,"Communal","Groundnut","Yes","Goat/Sheep","Poor",792,"Yes","Major",2023,"No",0,"No","No",1,"No",1.6,2.5,758,1895,926,969,51.1,"No",NA,"None","No storage",11.3,"Regional market",5.1,4.7,"Yes","Yes","Low"
"GAHS-F1860","Eastern",6.9014,-0.1149,"Male",44,"SHS",4,23,1.69,"Communal","Cocoa","No","None","Moderate",1278,"No","Major",2023,"Yes",92.9,"Yes","No",2,"No",2.72,4.6,1362,6265,554,5711,91.1,"Yes",2497,"Bank","Warehouse",15,"Farmgate",2.8,3.6,"Yes","No","Medium"
"GAHS-F1861","Western",5.2216,-1.6888,"Male",28,"JHS",5,8,1.94,"Sharecrop","Cocoa","No","None","Poor",1568,"No","Major",2023,"No",0,"No","No",2,"Yes",2.61,5.06,1588,8035,568,7467,92.9,"No",NA,"None","No storage",9.8,"Regional market",5.5,4.5,"Yes","No","Low"
"GAHS-F1862","Greater Accra",6.2326,-0.2129,"Male",69,"Tertiary",5,50,1.6,"Sharecrop","Yam","No","None","Poor",783,"No","Major",2023,"No",0,"Yes","No",5,"No",2.75,4.4,783,3445,757,2688,78,"Yes",1983,"MFI","Rented silo",17.1,"Regional market",4.5,3.4,"Yes","No","Medium"
"GAHS-F1863","North East",10.6842,-0.1058,"Male",35,"Tertiary",2,14,0.56,"Leased","Groundnut","No","None","Good",776,"Yes","Minor",2021,"No",0,"No","Yes",3,"Yes",1.87,1.05,1650,1732,265,1467,84.7,"Yes",1179,"Bank","No storage",33.4,"Local market",11.9,4.4,"Yes","Yes","Medium"
"GAHS-F1864","Northern",9.4664,-0.8072,"Female",47,"JHS",8,25,NA,"Owned","Groundnut","Yes","Poultry","Good",822,"Yes","Major",2022,"Yes",47.9,"No","Yes",2,"No",4.27,3.12,2129,6642,328,6314,95,"Yes",3657,"SACCO","On-farm store",NA,"Local market",35.1,2.2,"Yes","No","Medium"
"GAHS-F1865","Ashanti",7.024,-1.2118,"Female",47,"JHS",5,31,1.03,"Owned","Yam","Yes","Goat/Sheep","Poor",1886,"Yes","Major",2021,"Yes",90.9,"No","Yes",3,"No",5.25,5.41,2206,NA,535,11399,95,"No",NA,"None","No storage",13.9,"Cooperative",5.1,4,"Yes","No","Medium"
"GAHS-F1866","Upper East",10.3831,-0.4743,"Male",31,"None",9,11,7.54,"Owned","Maize","Yes","Poultry","Excellent",580,"Yes","Minor",2023,"No",0,"No","Yes",4,"Yes",2.47,18.62,2351,43776,3081,40695,93,"Yes",1079,"Family","No storage",15,"Exporter",17,3.3,"Yes","Yes","Medium"
"GAHS-F1867","Northern",9.4366,-1.0836,"Male",39,"None",4,21,2.39,"Leased","Groundnut","Yes","Poultry","Good",780,"Yes","Minor",2022,"Yes",54.8,"Yes","No",4,"No",0.84,2.01,812,NA,1271,361,22.1,"No",NA,"None","Rented silo",2.6,"Farmgate",0.5,4.5,"Yes","No","Medium"
"GAHS-F1868","Volta",7.4909,0.664,"Female",47,"SHS",5,32,5.95,"Owned","Maize","Yes","Goat/Sheep","Excellent",1015,"No","Minor",2022,"No",0,"No","No",2,"Yes",2.07,12.32,2940,36221,2397,33824,93.4,"Yes",9724,"Moneylender","No storage",20.1,"Farmgate",4.2,4.9,"Yes","No","Low"
"GAHS-F1869","North East",10.5602,-0.222,"Female",39,"None",8,22,3.57,"Communal","Maize","No","None","Poor",716,"Yes","Minor",2021,"No",0,"No","Yes",1,"No",2.97,10.6,2923,30984,1443,29541,95,"Yes",1723,"Bank","No storage",15.1,"Farmgate",9.2,2.6,"Yes","No","Low"
"GAHS-F1870","Bono East",8.343,-1.0749,"Female",38,"JHS",8,21,7.36,"Owned","Pepper","Yes","Poultry","Good",742,"No","Minor",2022,"No",0,"No","No",2,"No",1.43,10.52,1646,17316,NA,14378,83,"Yes",1675,"Family","No storage",16.2,"Local market",0.6,4.2,"Yes","No","Low"
"GAHS-F1871","Northern",9.3046,-1.1261,"Male",30,"JHS",6,14,NA,"Owned","Sorghum","Yes","Poultry","Poor",1067,"No","Major",2022,"Yes",NA,"Yes","No",1,"Yes",3.32,1.93,698,1347,444,903,67,"Yes",11353,"Bank","No storage",30.4,"Local market",58.8,5.9,"Yes","No","Medium"
"GAHS-F1872","Upper East",11.1815,-0.5423,"Male",48,"SHS",3,28,10.8,"Leased","Groundnut","Yes","Mixed","Excellent",803,"No","Minor",2022,"No",0,"Yes","Yes",2,"No",3.51,37.91,3089,NA,4117,112987,95,"No",NA,"None","On-farm store",23.8,"Cooperative",11.1,6.3,"Yes","No","Medium"
"GAHS-F1873","Western",4.8624,-1.8764,"Female",35,"None",5,20,8.64,"Sharecrop","Maize","Yes","Goat/Sheep","Poor",1370,"No","Major",2023,"No",0,"No","Yes",3,"Yes",2.26,19.53,2519,49196,3420,45776,93,"No",NA,"None","Warehouse",3.6,"Cooperative",0.6,NA,"Yes","Yes","Medium"
"GAHS-F1874","Eastern",5.989,0.1529,"Male",32,"Tertiary",6,16,6.18,"Owned","Cocoa","Yes","Cattle","Good",2048,"No","Major",2023,"No",NA,"No","No",2,"No",1.92,11.87,1340,15906,2276,13630,85.7,"No",NA,"None","Rented silo",NA,"Farmgate",0.9,4.1,"Yes","No","Low"
"GAHS-F1875","Bono",7.0024,-2.8829,"Female",51,"JHS",5,33,1.97,"Communal","Maize","Yes","Cattle","Moderate",731,"Yes","Minor",2023,"No",0,"Yes","No",1,"No",NA,4.79,883,4230,881,NA,79.2,"Yes",2402,"SACCO","On-farm store",NA,"Farmgate",0.5,4.1,"Yes","No","Low"
"GAHS-F1876","Eastern",7.0594,-0.9874,"Female",37,"SHS",6,18,3.31,"Owned","Cassava","Yes","Cattle","Good",1545,"Yes","Major",2022,"Yes",99.9,"No","No",4,"Yes",3.3,10.92,774,8452,2046,6406,75.8,"No",NA,"None","On-farm store",29.7,"Local market",8.9,5.2,"Yes","No","Medium"
"GAHS-F1877","Ashanti",6.6162,-2.0009,"Female",33,"JHS",2,14,4.82,"Sharecrop","Cassava","Yes","Poultry","Excellent",1586,"No","Major",2023,"Yes",46.4,"No","No",1,"No",2.67,12.87,1250,16087,2348,13739,85.4,"Yes",3580,"Moneylender","Warehouse",4.4,"Farmgate",1.5,4.5,"Yes","No","Low"
"GAHS-F1878","Western North",6.4305,-2.6337,"Male",52,"JHS",3,32,4.72,"Leased","Maize","No","None","Excellent",1946,"No","Major",2022,"No",0,"No","No",1,"No",1.22,5.76,1424,8202,2069,6133,74.8,"No",NA,"None","No storage",4.8,"Cooperative",1.2,3.1,"Yes","No","Low"
"GAHS-F1879","Western",4.9525,-2.5774,"Male",35,"None",7,14,1.44,"Sharecrop","Cocoa","No","None","Moderate",1838,"No","Minor",2021,"No",0,"Yes","Yes",1,"Yes",NA,4.16,574,2388,666,NA,72.1,"Yes",1381,"MFI","Warehouse",7.2,"Farmgate",10.2,2.8,"Yes","No","Medium"
"GAHS-F1880","Volta",7.327,0.7375,"Male",51,"SHS",4,34,9.08,"Sharecrop","Maize","No","None","Moderate",1080,"Yes","Major",2021,"No",0,"Yes","No",4,"No",2.59,23.52,1882,44265,3711,40554,91.6,"Yes",4035,"Family","Rented silo",0.9,"Farmgate",13.8,3.6,"Yes","No","Medium"
"GAHS-F1881","Western",4.6238,-2.5987,"Male",36,"JHS",6,14,2.75,"Owned","Cassava","No","None","Good",1355,"No","Major",2021,"No",0,"No","No",0,"Yes",NA,5.39,1006,5422,815,4607,85,"No",NA,"None","No storage",15.7,"Farmgate",1.2,4.5,"Yes","No","Low"
"GAHS-F1882","Western",5.3849,-1.7891,"Female",40,"Primary",6,23,2.67,"Owned","Maize","Yes","Poultry","Excellent",1664,"No","Major",2021,"No",0,"No","Yes",0,"No",3.24,8.65,1275,NA,663,10366,94,"No",NA,"None","No storage",NA,"Processor",3.8,6.9,"Yes","Yes","Low"
"GAHS-F1883","Volta",7.6086,-0.0198,"Male",38,"SHS",3,19,3.49,"Owned","Yam","No","None","Excellent",754,"No","Major",2023,"No",0,"Yes","Yes",0,"Yes",3.11,10.85,1439,15613,1409,NA,91,"No",NA,"None","On-farm store",20.4,"Exporter",11.8,5.7,"Yes","Yes","Medium"
"GAHS-F1884","Northern",9.749,-1.1825,"Male",42,"JHS",4,21,0.8,"Owned","Groundnut","No","None","Good",520,"No","Major",2023,"No",0,"No","No",2,"Yes",1.33,1.06,1165,1235,222,1013,82,"No",NA,"None","Warehouse",23.5,"Regional market",19.2,1.4,"Yes","No","Low"
"GAHS-F1885","Savannah",8.8871,-1.5539,"Male",40,"None",4,19,2.6,"Communal","Maize","Yes","Poultry","Moderate",592,"Yes","Major",2023,"No",NA,"No","No",1,"No",0.34,0.88,1291,1136,NA,186,16.4,"No",NA,"None","Warehouse",1.7,"Regional market",27.1,6.4,"Yes","No","Low"
"GAHS-F1886","Eastern",5.8598,-1.0941,"Female",27,"JHS",6,10,3.8,"Owned","Maize","Yes","Mixed","Good",1609,"No","Minor",2021,"Yes",74.6,"No","No",3,"Yes",1.54,5.85,1559,9120,2091,7029,77.1,"No",NA,"None","No storage",9.5,"Farmgate",5.7,6.3,"Yes","No","Medium"
"GAHS-F1887","Upper East",10.3345,-0.4242,"Female",22,"SHS",2,3,0.45,"Owned","Sorghum","Yes","Poultry","Moderate",1106,"No","Major",2023,"Yes",46.2,"No","Yes",8,"No",2.99,1.35,1925,2599,209,2390,91.9,"Yes",1082,"MFI","Warehouse",3.7,"Regional market",14.6,4.1,"Yes","No","Medium"
"GAHS-F1888","Ashanti",7.2858,-1.1072,"Male",45,"Primary",8,29,8.94,"Sharecrop","Maize","No","None","Good",1712,"No","Major",2023,"No",0,"Yes","Yes",1,"Yes",NA,30.84,984,30347,3523,NA,88.4,"No",NA,"None","No storage",23.2,"Exporter",0.5,4.2,"Yes","No","Medium"
"GAHS-F1889","Western North",6.5696,-2.4784,"Male",38,"None",2,21,6.66,"Owned","Maize","Yes","Goat/Sheep","Good",1778,"Yes","Major",2022,"No",0,"No","No",3,"No",2.37,15.78,1463,23086,2644,20442,88.5,"No",NA,"None","No storage",31,"Local market",NA,3.8,"Yes","No","Low"
"GAHS-F1890","Volta",6.4644,0.3515,"Female",27,"None",3,14,1.48,"Leased","Maize","Yes","Goat/Sheep","Poor",850,"No","Major",2023,"Yes",98.9,"No","No",2,"No",1.47,2.18,876,NA,1067,843,44.1,"No",NA,"None","No storage",15,"Farmgate",0.5,5.7,"Yes","No","Low"
"GAHS-F1891","North East",10.7561,-0.5757,"Female",36,"None",4,21,1.64,"Owned","Yam","Yes","Cattle","Poor",938,"Yes","Minor",2022,"No",0,"No","No",1,"No",2.71,4.44,4036,NA,591,17329,95,"No",NA,"None","No storage",41.8,"Farmgate",36,4.9,"Yes","No","Low"
"GAHS-F1892","Greater Accra",5.5991,-0.4181,"Male",58,"None",5,41,4.53,"Owned","Rice","No","None","Good",645,"Yes","Major",2021,"Yes",89.3,"No","No",2,"Yes",3.48,15.76,949,14956,2606,12350,82.6,"No",NA,"None","Warehouse",6.6,"Cooperative",0.5,4.9,"Yes","No","Medium"
"GAHS-F1893","North East",10.6695,-0.5567,"Male",69,"None",5,52,1.41,"Communal","Groundnut","Yes","Goat/Sheep","Poor",932,"Yes","Major",2022,"No",0,"No","No",2,"Yes",1.91,2.69,1778,4783,461,4322,90.3,"Yes",1719,"MFI","On-farm store",25.4,"Farmgate",3.5,5.1,"Yes","No","Low"
"GAHS-F1894","Eastern",6.3244,-0.9116,"Male",30,"SHS",2,19,4.04,"Owned","Plantain","Yes","Poultry","Poor",1335,"Yes","Minor",2022,"No",0,"Yes","Yes",0,"No",2.26,9.13,1454,13275,1454,11821,89,"No",NA,"None","No storage",NA,"Local market",5.3,3.9,"Yes","No","Medium"
"GAHS-F1895","Eastern",6.6826,0.1538,"Male",53,"SHS",2,40,0.86,"Sharecrop","Cassava","Yes","Poultry","Moderate",2167,"No","Minor",2021,"No",NA,"No","No",0,"No",1.78,1.53,4868,7448,425,7023,94.3,"No",NA,"None","On-farm store",8.9,"Farmgate",36.9,4.4,"Yes","No","Low"
"GAHS-F1896","Eastern",6.1763,-0.3868,"Male",30,"SHS",5,10,4.52,"Owned","Plantain","Yes","Goat/Sheep","Poor",1439,"No","Minor",2023,"No",0,"No","Yes",4,"No",2.54,11.48,1634,18758,2234,16524,88.1,"No",NA,"None","Warehouse",20.4,"Regional market",8.2,6.1,"Yes","No","Medium"
"GAHS-F1897","Upper East",10.6625,-0.7392,"Female",29,"JHS",1,10,NA,"Leased","Sorghum","No","None","Moderate",1077,"No","Major",2021,"Yes",92.9,"Yes","No",1,"No",4.28,85.77,3108,266573,11236,255337,95,"No",NA,"None","No storage",12.4,"Local market",48.4,NA,"Yes","No","Medium"
"GAHS-F1898","Western",5.0888,-1.7172,"Male",41,"SHS",5,22,1.11,"Leased","Oil Palm","No","None","Moderate",2029,"No","Major",2023,"Yes",95.9,"No","Yes",3,"Yes",2.84,3.15,2027,6385,368,6017,94.2,"No",NA,"None","Rented silo",17.7,"Farmgate",22.9,5.1,"Yes","No","High"
"GAHS-F1899","Central",5.3477,-1.2783,"Male",41,"Tertiary",5,24,1.2,"Owned","Plantain","Yes","Poultry","Excellent",NA,"Yes","Major",2022,"No",0,"No","Yes",1,"No",3.32,3.98,2840,11303,259,11044,95,"Yes",1748,"SACCO","No storage",16.9,"Regional market",10.5,2.5,"Yes","Yes","Low"
"GAHS-F1900","Ahafo",6.4722,-2.7947,"Female",41,"Primary",8,27,0.91,"Sharecrop","Plantain","Yes","Pig","Good",1572,"No","Major",2021,"Yes",70.2,"No","Yes",0,"Yes",5.15,4.69,3778,NA,484,NA,95,"No",NA,"None","On-farm store",21.5,"Farmgate",11.7,NA,"Yes","Yes","Medium"
"GAHS-F1901","Ahafo",6.5952,-1.9969,"Male",38,"SHS",2,22,2.26,"Owned","Plantain","Yes","Pig","Excellent",1638,"No","Major",2021,"Yes",14.3,"No","No",3,"No",2.8,6.33,1832,11597,953,10644,91.8,"No",NA,"None","On-farm store",24.2,"Local market",2.9,3.7,"Yes","No","Medium"
"GAHS-F1902","Eastern",6.1621,-0.361,"Male",44,"SHS",4,25,3.52,"Gift","Oil Palm","No","None","Poor",1442,"No","Major",2022,"Yes",74.6,"No","No",1,"No",NA,10.81,1140,NA,2128,10195,82.7,"No",NA,"None","Warehouse",11.9,"Local market",8.7,5.9,"Yes","No","Low"
"GAHS-F1903","Ahafo",6.6957,-2.1033,"Female",32,"Primary",6,18,1.94,"Owned","Plantain","Yes","Mixed","Excellent",1683,"Yes","Major",2022,"No",0,"No","No",2,"No",2.34,4.54,1068,4849,714,NA,85.3,"No",NA,"None","Warehouse",21.5,"Cooperative",14.9,3.7,"Yes","No","Low"
"GAHS-F1904","Eastern",5.9311,-0.74,"Male",61,"SHS",4,42,1,"Leased","Yam","No","None","Poor",1116,"No","Major",2023,"No",0,"No","Yes",0,"Yes",1.95,1.95,1273,2482,451,2031,81.8,"No",NA,"None","On-farm store",12.7,"Cooperative",0.7,4.6,"Yes","No","Medium"
"GAHS-F1905","Volta",7.3086,0.6602,"Female",53,"None",5,35,4.97,"Owned","Yam","No","None","Good",900,"No","Major",2023,"No",0,"Yes","No",0,"No",2.31,11.48,4878,55999,1924,54075,95,"Yes",493,"SACCO","No storage",39.5,"Local market",2.5,2.1,"Yes","No","Low"
"GAHS-F1906","Bono East",7.3384,-0.9977,"Male",40,"Tertiary",8,25,1.33,"Communal","Yam","Yes","Cattle","Excellent",989,"No","Major",2021,"Yes",58.9,"No","No",4,"No",2.97,3.95,2530,9994,608,9386,93.9,"No",NA,"None","On-farm store",29.1,"Exporter",8.1,3.6,"Yes","No","Medium"
"GAHS-F1907","Ashanti",6.4833,-2.1212,"Male",60,"Tertiary",8,40,0.71,"Owned","Oil Palm","No","None","Excellent",1687,"No","Minor",2023,"Yes",88.6,"Yes","No",1,"No",3.91,2.78,961,2672,336,2336,87.4,"Yes",1042,"Moneylender","On-farm store",NA,"Processor",0.5,2.4,"Yes","No","Medium"
"GAHS-F1908","Volta",7.296,0.1499,"Male",33,"Primary",5,14,0.85,"Leased","Maize","Yes","Cattle","Good",991,"No","Major",2021,"Yes",51.8,"Yes","Yes",3,"No",2.5,2.12,1573,3335,698,2637,79,"No",NA,"None","No storage",18,"Local market",1,5.6,"Yes","No","High"
"GAHS-F1909","Volta",6.4992,0.0783,"Female",43,"JHS",9,24,1.22,"Gift","Maize","Yes","Goat/Sheep","Moderate",1250,"No","Major",2021,"No",0,"No","Yes",2,"No",3.92,4.78,3785,18092,407,17685,95,"Yes",2509,"Family","No storage",17.1,"Processor",17,2.4,"Yes","No","Low"
"GAHS-F1910","Oti",8.187,0.1855,"Female",47,"JHS",3,28,12.06,"Sharecrop","Pepper","No","None","Excellent",1283,"No","Minor",2022,"Yes",75.7,"No","Yes",2,"No",3.4,41,1339,54899,6529,48370,88.1,"Yes",1147,"SACCO","No storage",22.8,"Farmgate",12.6,3.8,"Yes","No","Medium"
"GAHS-F1911","Savannah",9.0812,-2.2364,"Male",49,"None",9,28,1.24,"Gift","Sorghum","Yes","Cattle","Good",1020,"Yes","Minor",2021,"Yes",103.8,"Yes","Yes",3,"No",3.18,3.94,4305,16962,645,16317,95,"No",NA,"None","No storage",16,"Farmgate",20.8,4.4,"Yes","No","High"
"GAHS-F1912","Western",5.5771,-1.5725,"Female",60,"JHS",3,43,0.51,"Leased","Plantain","Yes","Goat/Sheep","Good",1883,"Yes","Major",2023,"No",0,"No","No",3,"Yes",2.57,1.31,925,1212,140,1072,88.4,"No",NA,"None","Warehouse",6.9,"Farmgate",6,4.1,"Yes","No","Medium"
"GAHS-F1913","Western",5.6827,-1.6841,"Male",58,"JHS",8,39,0.56,"Sharecrop","Maize","No","None","Good",962,"No","Major",2021,"No",0,"No","No",2,"No",2.3,1.29,3389,4372,145,4227,95,"No",NA,"None","Warehouse",NA,"Local market",3.3,5.8,"Yes","No","Low"
"GAHS-F1914","Ahafo",7.003,-2.0144,"Male",28,"JHS",3,10,3.32,"Communal","Yam","Yes","Poultry","Excellent",1111,"Yes","Major",2023,"Yes",101.1,"No","Yes",3,"No",3.39,11.25,601,6761,1768,4993,73.8,"No",NA,"None","On-farm store",9.3,"Local market",4.3,4.4,"Yes","No","Medium"
"GAHS-F1915","Eastern",6.1108,-0.8666,"Male",73,"JHS",5,55,1.08,"Communal","Oil Palm","No","None","Good",1481,"Yes","Major",2022,"Yes",52.8,"No","Yes",2,"No",3.24,3.5,856,2996,487,2509,83.7,"Yes",2395,"Moneylender","No storage",8.6,"Farmgate",33.3,4.5,"Yes","No","Medium"
"GAHS-F1916","Central",5.9505,-1.2429,"Female",55,"None",6,31,4.82,"Sharecrop","Cocoa","No","None","Moderate",1169,"No","Minor",2022,"No",0,"No","No",2,"No",2.69,12.97,735,9533,1834,7699,80.8,"No",NA,"None","On-farm store",25,"Farmgate",NA,4.2,"Yes","No","Low"
"GAHS-F1917","Upper West",10.489,-1.9795,"Male",26,"SHS",7,8,3.68,"Owned","Cowpea","Yes","Poultry","Good",738,"Yes","Minor",2022,"No",0,"Yes","Yes",3,"Yes",2.29,8.43,2119,17863,1467,16396,91.8,"Yes",853,"SACCO","Rented silo",12,"Farmgate",91.7,4.7,"Yes","No","High"
"GAHS-F1918","Eastern",6.9695,0.1735,"Male",24,"SHS",7,5,5.4,"Owned","Oil Palm","Yes","Poultry","Moderate",1618,"No","Minor",2022,"No",0,"No","No",1,"Yes",1.15,6.21,1289,8005,2168,5837,72.9,"No",NA,"None","No storage",22.8,"Regional market",4.4,5.4,"Yes","Yes","Low"
"GAHS-F1919","Bono",7.543,-2.1736,"Male",50,"JHS",4,26,NA,"Communal","Maize","No","None","Poor",745,"No","Minor",2023,"Yes",104.3,"No","Yes",7,"Yes",2.52,8.22,3056,25120,1998,23122,92,"No",NA,"None","Rented silo",NA,"Exporter",2.3,6.1,"Yes","Yes","High"
"GAHS-F1920","Volta",6.7329,0.2903,"Male",56,"Primary",8,40,3.73,"Sharecrop","Tomato","Yes","Mixed","Moderate",845,"No","Minor",2021,"Yes",84.8,"Yes","No",2,"No",2.48,9.25,4435,41024,1782,39242,95,"No",NA,"None","No storage",17.6,"Exporter",1.2,5.2,"Yes","No","Medium"
"GAHS-F1921","Savannah",9.5989,-2.0177,"Male",52,"Primary",8,37,3.77,"Leased","Maize","No","None","Excellent",NA,"No","Minor",2022,"No",0,"No","No",2,"No",2.16,8.14,1207,9825,1253,8572,87.2,"No",NA,"None","On-farm store",24.3,"Farmgate",10.7,5.1,"Yes","No","Low"
"GAHS-F1922","North East",10.3344,-0.5006,"Female",51,"SHS",5,35,3.91,"Owned","Maize","Yes","Mixed","Moderate",932,"Yes","Major",2021,"No",0,"No","Yes",1,"Yes",1.45,5.67,715,4054,1541,2513,62,"Yes",1527,"Bank","On-farm store",17.3,"Regional market",NA,3.8,"Yes","No","Medium"
"GAHS-F1923","Upper East",11.2901,-1.2119,"Male",60,"Primary",2,43,1.83,"Communal","Maize","Yes","Goat/Sheep","Good",864,"Yes","Major",2023,"Yes",53.3,"No","No",4,"No",2.97,5.44,4851,26389,1001,25388,95,"No",NA,"None","On-farm store",13.9,"Processor",29.6,4.3,"Yes","No","Medium"
"GAHS-F1924","Upper West",10.2334,-1.8902,"Male",43,"JHS",9,25,0.45,"Communal","Maize","No","None","Moderate",1027,"No","Minor",2023,"No",0,"Yes","Yes",1,"Yes",3.25,1.46,1936,2827,218,2609,92.3,"Yes",3723,"MFI","No storage",16.7,"Processor",5.1,3.8,"Yes","No","Medium"
"GAHS-F1925","Bono",7.0416,-2.9318,"Female",35,"None",3,16,2.61,"Gift","Yam","Yes","Mixed","Good",1011,"Yes","Major",2023,"No",0,"No","Yes",0,"No",NA,4.91,1192,5853,1113,4740,81,"No",NA,"None","On-farm store",10.7,"Local market",NA,4.8,"Yes","No","Low"
"GAHS-F1926","Eastern",6.5104,0.1287,"Female",47,"None",6,31,1.85,"Owned","Cocoa","No","None","Poor",1474,"No","Major",2023,"Yes",78.2,"No","No",0,"No",2.27,4.2,5044,21185,987,20198,95,"Yes",892,"Family","No storage",33.9,"Regional market",0.5,5.1,"Yes","No","Low"
"GAHS-F1927","Ahafo",6.577,-2.8564,"Male",47,"None",3,30,NA,"Leased","Cocoa","Yes","Poultry","Moderate",1911,"No","Minor",2022,"No",0,"No","No",2,"Yes",2.38,14.92,4787,71422,2734,68688,95,"No",NA,"None","Rented silo",22,"Farmgate",4.5,5.5,"Yes","Yes","Low"
"GAHS-F1928","Oti",8.3262,0.6033,"Male",69,"Primary",5,51,4.3,"Owned","Rice","Yes","Goat/Sheep","Excellent",683,"Yes","Major",2021,"Yes",68.1,"No","No",2,"Yes",3.2,13.76,1881,25883,2031,23852,92.1,"No",NA,"None","No storage",25.2,"Farmgate",7.1,4,"Yes","No","Medium"
"GAHS-F1929","Greater Accra",5.2456,-0.8272,"Male",49,"SHS",7,34,1.45,"Owned","Maize","No","None","Good",756,"Yes","Major",2023,"Yes",37.7,"No","No",0,"No",2.4,3.48,1394,4851,568,4283,88.3,"No",NA,"None","On-farm store",21.1,"Processor",20.7,5,"Yes","No","Low"
"GAHS-F1930","Savannah",8.566,-2.0507,"Male",27,"Tertiary",3,11,2.37,"Communal","Sorghum","Yes","Cattle","Good",807,"No","Major",2022,"No",0,"No","No",4,"Yes",2.48,5.88,1653,9720,943,8777,90.3,"Yes",7997,"MFI","No storage",9.4,"Processor",43.7,2.6,"Yes","No","Medium"
"GAHS-F1931","Greater Accra",6.174,-0.2272,"Male",45,"Primary",3,26,2,"Sharecrop","Rice","Yes","Goat/Sheep","Moderate",1016,"Yes","Major",2021,"No",0,"Yes","No",2,"Yes",3.41,6.82,1183,8068,998,7070,87.6,"Yes",919,"Bank","No storage",14.9,"Exporter",26.4,4.3,"Yes","No","Medium"
"GAHS-F1932","Savannah",8.9579,-1.5423,"Male",50,"None",5,28,1.4,"Communal","Yam","Yes","Cattle","Excellent",1119,"No","Minor",2022,"No",0,"Yes","Yes",1,"No",3.29,4.61,1169,5389,487,4902,90.9,"No",NA,"None","No storage",21.7,"Local market",28.6,2.2,"Yes","No","Medium"
"GAHS-F1933","Eastern",6.9349,-0.2056,"Female",36,"JHS",8,21,2.97,"Leased","Yam","No","None","Good",1637,"Yes","Major",2022,"No",0,"No","Yes",3,"No",3.02,8.97,1944,17438,1068,16370,93.9,"No",NA,"None","No storage",21.1,"Farmgate",0.5,5.6,"Yes","No","Medium"
"GAHS-F1934","Upper East",10.6663,-0.3453,"Female",55,"Tertiary",3,38,1.57,"Sharecrop","Sorghum","Yes","Cattle","Good",NA,"No","Major",2022,"No",0,"No","Yes",2,"No",NA,2.09,1526,3189,588,2601,81.5,"No",NA,"None","No storage",19.7,"Farmgate",2.5,4.1,"Yes","No","Low"
"GAHS-F1935","Upper East",11.4216,-1.1206,"Male",61,"SHS",6,45,4.24,"Leased","Millet","Yes","Cattle","Moderate",1127,"Yes","Minor",2023,"No",0,"Yes","Yes",4,"Yes",2.98,12.64,837,10580,1883,8697,82.2,"Yes",5438,"SACCO","No storage",20.2,"Local market",4.2,3.5,"Yes","Yes","High"
"GAHS-F1936","Northern",9.2088,-1.0877,"Male",34,"None",5,13,2.16,"Leased","Yam","Yes","Goat/Sheep","Good",400,"Yes","Major",2022,"No",0,"No","No",0,"No",2.07,4.47,730,3263,NA,2343,71.8,"No",NA,"None","No storage",17.2,"Local market",21.7,4.7,"Yes","No","Low"
"GAHS-F1937","Upper East",10.4588,-0.9404,"Male",53,"Primary",6,33,0.81,"Leased","Groundnut","No","None","Poor",1040,"No","Minor",2023,"Yes",106.2,"No","No",0,"No",3.26,2.64,843,2226,388,1838,82.5,"Yes",8197,"Moneylender","No storage",25.6,"Local market",47,3,"Yes","No","Low"
"GAHS-F1938","Northern",9.3261,-1.3945,"Male",25,"Tertiary",5,6,0.75,"Owned","Maize","Yes","Poultry","Good",957,"Yes","Minor",2022,"Yes",67.8,"No","Yes",3,"No",1.03,0.77,1502,1157,205,952,82.2,"Yes",3305,"Family","No storage",25.4,"Farmgate",77.2,3.7,"Yes","No","Medium"
"GAHS-F1939","Savannah",9.6294,-1.7666,"Male",37,"SHS",7,17,2.97,"Sharecrop","Maize","No","None","Poor",418,"Yes","Minor",2021,"No",NA,"No","No",3,"Yes",NA,4.78,974,4656,1386,3270,70.2,"Yes",4327,"SACCO","Rented silo",27.5,"Regional market",7.2,6,"Yes","No","Medium"
"GAHS-F1940","Upper East",11.0109,-0.68,"Male",53,"SHS",7,33,NA,"Owned","Maize","Yes","Pig","Excellent",957,"No","Major",2023,"No",0,"No","Yes",5,"No",2.54,0.94,1092,1026,472,554,53.9,"No",NA,"None","On-farm store",28.2,"Regional market",28.5,7,"Yes","Yes","Medium"
"GAHS-F1941","Upper West",9.9107,-2.723,"Male",54,"Primary",5,38,1.87,"Gift","Sorghum","No","None","Moderate",760,"Yes","Minor",2023,"Yes",90.8,"No","Yes",3,"Yes",3.17,5.93,2521,14950,963,NA,93.6,"No",NA,"None","No storage",21.7,"Processor",41.5,4.1,"Yes","No","High"
"GAHS-F1942","Eastern",6.8698,-0.2042,"Female",27,"SHS",3,10,6.03,"Owned","Cassava","Yes","Pig","Good",1575,"No","Major",2021,"No",0,"No","Yes",4,"No",1.86,11.22,819,9189,NA,6770,73.7,"No",NA,"None","No storage",24.5,"Farmgate",1.3,3.3,"Yes","No","Medium"
"GAHS-F1943","Upper East",11.0521,-1.4596,"Male",63,"JHS",4,48,1.35,"Gift","Sorghum","No","None","Good",792,"Yes","Minor",2021,"No",0,"Yes","Yes",1,"No",3,4.05,5799,23486,587,22899,95,"No",NA,"None","No storage",22,"Processor",32.5,4,"Yes","No","Medium"
"GAHS-F1944","Oti",7.1241,0.6645,"Male",60,"None",8,46,1.11,"Owned","Tomato","No","None","Moderate",1295,"No","Major",2022,"Yes",68.4,"No","No",3,"Yes",1.76,1.95,859,1675,430,1245,74.3,"Yes",788,"Moneylender","On-farm store",35.7,"Local market",4.8,1.9,"Yes","No","Medium"
"GAHS-F1945","Upper West",10.2497,-2.1234,"Male",50,"JHS",6,33,NA,"Communal","Groundnut","No","None","Excellent",931,"No","Minor",2022,"Yes",53.6,"Yes","Yes",3,"Yes",3.42,10.33,1477,15257,1246,NA,91.8,"No",NA,"None","On-farm store",10.6,"Local market",5.6,NA,"Yes","Yes","High"
"GAHS-F1946","Western North",6.1323,-2.5824,"Male",35,"None",2,19,2.3,"Leased","Cocoa","Yes","Poultry","Moderate",1539,"No","Major",2022,"No",NA,"Yes","No",1,"Yes",3.03,6.97,894,6231,977,5254,84.3,"No",NA,"None","On-farm store",14.8,"Processor",5.7,5.1,"Yes","No","Medium"
"GAHS-F1947","Volta",6.5538,0.5573,"Male",45,"JHS",4,20,3.81,"Sharecrop","Cassava","No","None","Moderate",1036,"Yes","Major",2023,"Yes",122,"No","Yes",3,"No",3.14,11.96,1024,12247,2217,10030,81.9,"No",NA,"None","No storage",28.7,"Regional market",7.5,4.6,"Yes","No","Medium"
"GAHS-F1948","Ashanti",6.5365,-1.0855,"Female",73,"Primary",1,55,0.76,"Owned","Cocoa","Yes","Goat/Sheep","Moderate",1724,"No","Minor",2021,"No",0,"Yes","No",3,"No",2.41,1.83,1475,2699,338,2361,87.4,"Yes",2045,"MFI","No storage",19,"Regional market",6.9,8,"Yes","No","Medium"
"GAHS-F1949","Savannah",8.5533,-2.3128,"Male",48,"SHS",11,26,0.61,"Sharecrop","Sorghum","Yes","Mixed","Good",903,"Yes","Minor",2022,"No",0,"Yes","No",0,"No",3.69,2.25,1181,NA,388,2269,85.4,"Yes",1099,"Bank","No storage",NA,"Farmgate",21.6,5,"Yes","No","Low"
"GAHS-F1950","Western",4.8759,-1.7241,"Female",38,"Primary",1,23,2.16,"Gift","Yam","Yes","Cattle","Good",2043,"No","Major",2021,"Yes",40.6,"Yes","Yes",2,"Yes",3.91,8.45,1424,12033,1420,10613,88.2,"No",NA,"None","No storage",27.2,"Local market",27.5,3.2,"Yes","No","High"
"GAHS-F1951","Central",5.3419,-0.5482,"Female",38,"Tertiary",11,24,2.26,"Leased","Cassava","No","None","Moderate",1345,"Yes","Minor",2021,"Yes",76.3,"No","No",3,"No",1.6,3.62,824,2983,1305,1678,56.2,"Yes",1645,"Moneylender","No storage",29.2,"Processor",0.5,2.7,"Yes","No","Medium"
"GAHS-F1952","Volta",7.2483,0.8439,"Female",50,"SHS",3,36,3.75,"Owned","Cassava","Yes","Goat/Sheep","Good",770,"No","Major",2022,"Yes",110.5,"No","No",2,"No",3.09,11.59,730,8461,2344,6117,72.3,"No",NA,"None","On-farm store",22.4,"Regional market",16.3,3.1,"Yes","No","Low"
"GAHS-F1953","Central",5.732,-0.9444,"Male",51,"None",4,41,1.03,"Owned","Oil Palm","Yes","Goat/Sheep","Moderate",989,"No","Major",2023,"No",0,"No","No",0,"No",0.78,0.8,2618,2094,487,1607,76.7,"No",NA,"None","No storage",32.7,"Processor",6.9,4.2,"Yes","No","Low"
"GAHS-F1954","Greater Accra",6.11,-0.7449,"Male",39,"Primary",9,24,7.92,"Leased","Tomato","Yes","Cattle","Moderate",966,"Yes","Major",2021,"No",0,"Yes","No",0,"No",2.28,18.06,2186,39479,2986,36493,92.4,"Yes",787,"SACCO","On-farm store",19.9,"Processor",6.6,3.2,"Yes","No","Low"
"GAHS-F1955","Upper East",10.5874,-0.9394,"Male",44,"JHS",6,27,0.96,"Sharecrop","Millet","No","None","Good",507,"Yes","Major",2023,"No",0,"No","No",1,"No",1.89,1.81,1488,2693,382,2311,85.8,"Yes",1477,"SACCO","Warehouse",12.3,"Local market",25.2,5.1,"Yes","No","Low"
"GAHS-F1956","Oti",7.3671,0.9007,"Female",49,"None",6,31,0.48,"Owned","Maize","Yes","Mixed","Excellent",1199,"No","Minor",2023,"No",0,"No","Yes",2,"No",2.69,1.29,1543,NA,100,1890,94.9,"No",NA,"None","Warehouse",15.3,"Local market",1,3.9,"Yes","No","Low"
"GAHS-F1957","Bono East",7.9129,-1.1674,"Female",31,"Primary",4,7,3.4,"Owned","Cassava","No","None","Moderate",817,"No","Major",2021,"Yes",64.4,"No","No",2,"Yes",2.25,7.65,934,7145,1828,5317,74.4,"No",NA,"None","Rented silo",9.5,"Farmgate",26.2,3,"Yes","Yes","Medium"
"GAHS-F1958","Ahafo",6.3132,-2.8951,"Male",49,"JHS",7,31,0.72,"Owned","Cassava","Yes","Poultry","Good",1949,"No","Major",2022,"Yes",125.8,"No","No",3,"Yes",3.26,2.35,873,2052,NA,1552,75.6,"No",NA,"None","Rented silo",14.7,"Farmgate",27.3,NA,"Yes","No","Medium"
"GAHS-F1959","Eastern",6.8648,-0.3192,"Female",31,"Primary",8,11,1.23,"Leased","Plantain","No","None","Poor",1707,"No","Minor",2021,"No",0,"No","Yes",3,"No",3.89,4.78,1360,6501,572,5929,91.2,"No",NA,"None","On-farm store",16.9,"Processor",19.6,3.9,"Yes","No","Medium"
"GAHS-F1960","Bono",7.4325,-2.9117,"Male",48,"JHS",8,25,5.41,"Owned","Maize","No","None","Good",1050,"No","Major",2023,"No",0,"No","Yes",3,"Yes",1.4,7.57,1431,10833,2103,8730,80.6,"Yes",3444,"Bank","No storage",25.1,"Processor",10.6,NA,"Yes","Yes","Medium"
"GAHS-F1961","Ashanti",6.5776,-1.8993,"Male",32,"JHS",2,23,2.37,"Communal","Cocoa","Yes","Cattle","Poor",1230,"Yes","Minor",2022,"Yes",101.8,"No","No",7,"No",1.98,4.69,1340,6285,1487,4798,76.3,"No",NA,"None","Warehouse",16,"Local market",5,4.4,"Yes","No","Medium"
"GAHS-F1962","Volta",6.4059,0.027,"Male",51,"SHS",6,32,NA,"Owned","Yam","Yes","Poultry","Good",1120,"Yes","Minor",2023,"Yes",83.2,"No","No",3,"Yes",2.1,6.47,5332,34498,1713,32785,95,"No",NA,"None","No storage",9.4,"Local market",1.5,2.5,"Yes","No","Medium"
"GAHS-F1963","Central",5.4904,-0.9641,"Female",41,"Primary",5,21,9.47,"Owned","Cocoa","Yes","Goat/Sheep","Good",1455,"No","Major",2023,"Yes",81.7,"No","No",1,"No",3.54,33.52,530,17766,5121,12645,71.2,"No",NA,"None","On-farm store",22.4,"Local market",10.7,4.3,"Yes","No","Low"
"GAHS-F1964","Western",4.6673,-1.9949,"Male",44,"JHS",5,25,2.85,"Owned","Plantain","Yes","Poultry","Good",1375,"Yes","Major",2023,"No",0,"Yes","No",2,"No",2.05,5.84,1982,11575,944,10631,91.8,"No",NA,"None","On-farm store",20.7,"Local market",3.7,6,"Yes","No","Low"
"GAHS-F1965","North East",10.1179,-0.6296,"Male",41,"SHS",7,24,1.63,"Communal","Millet","Yes","Goat/Sheep","Moderate",864,"No","Minor",2023,"No",0,"No","No",4,"Yes",0.55,0.9,1630,1467,703,764,52,"Yes",1234,"Moneylender","On-farm store",13.8,"Regional market",6.6,4.2,"Yes","No","Medium"
"GAHS-F1966","Greater Accra",5.1036,-0.5562,"Male",39,"SHS",2,19,0.5,"Owned","Maize","No","None","Moderate",1118,"No","Minor",2023,"Yes",33.5,"No","No",1,"No",2.5,1.25,1435,1794,525,1269,70.7,"No",NA,"None","On-farm store",22.3,"Local market",0.8,5.3,"Yes","No","Low"
"GAHS-F1967","North East",10.0426,-0.984,"Male",55,"Tertiary",5,40,2.65,"Leased","Maize","Yes","Goat/Sheep","Poor",NA,"No","Minor",2021,"No",0,"No","Yes",3,"No",2.54,6.73,2827,19026,NA,17914,94.2,"Yes",7167,"Moneylender","No storage",21.9,"Regional market",97.6,4.1,"Yes","No","Medium"
"GAHS-F1968","Upper West",10.3663,-2.9102,"Male",56,"JHS",2,42,4.35,"Sharecrop","Maize","No","None","Good",NA,"Yes","Major",2022,"Yes",73.4,"No","Yes",1,"Yes",2.72,11.83,1738,20561,2357,18204,88.5,"No",NA,"None","Warehouse",16.8,"Regional market",8.8,4.1,"Yes","Yes","Medium"
"GAHS-F1969","Upper East",11.0413,-1.0715,"Female",62,"JHS",4,43,1.34,"Leased","Groundnut","Yes","Poultry","Moderate",949,"No","Minor",2021,"Yes",101.9,"Yes","No",6,"No",1.81,2.43,3219,7822,571,7251,92.7,"No",NA,"None","On-farm store",8.7,"Regional market",29.3,5.2,"Yes","No","Medium"
"GAHS-F1970","Volta",7.0691,0.013,"Female",35,"None",5,21,3.19,"Communal","Tomato","Yes","Poultry","Good",840,"No","Major",2022,"No",0,"Yes","No",1,"No",2.39,7.62,1333,10157,1332,8825,86.9,"No",NA,"None","On-farm store",13.8,"Regional market",2.1,4.6,"Yes","No","Low"
"GAHS-F1971","Western North",6.7553,-2.8835,"Male",53,"None",9,37,2.22,"Owned","Maize","No","None","Good",1635,"No","Major",2021,"No",0,"No","No",0,"Yes",1.87,4.15,2423,10055,NA,9221,91.7,"No",NA,"None","No storage",24.3,"Exporter",0.5,3.5,"Yes","Yes","Low"
"GAHS-F1972","Bono East",7.2198,-1.8172,"Female",41,"JHS",5,26,NA,"Sharecrop","Yam","Yes","Goat/Sheep","Poor",778,"No","Minor",2023,"Yes",75.4,"No","Yes",3,"No",4.06,14.41,886,12767,1698,11069,86.7,"Yes",2645,"Bank","No storage",14.1,"Cooperative",6.6,3.8,"Yes","No","Medium"
"GAHS-F1973","Bono",7.796,-2.0415,"Male",31,"Primary",3,15,0.52,"Communal","Yam","Yes","Poultry","Moderate",427,"No","Major",2022,"No",0,"No","No",1,"No",0.38,0.2,532,106,265,-159,-80,"No",NA,"None","Rented silo",14.3,"Farmgate",31,3.6,"No","No","Low"
"GAHS-F1974","Upper East",11.2441,-1.3101,"Female",54,"JHS",8,38,1.1,"Leased","Groundnut","No","None","Moderate",724,"No","Minor",2023,"No",0,"No","No",3,"Yes",1.73,1.9,3395,6450,283,6167,95,"Yes",7418,"SACCO","Warehouse",26.4,"Processor",18,3.6,"Yes","Yes","Medium"
"GAHS-F1975","Northern",9.9483,-0.3911,"Female",71,"SHS",7,55,2.71,"Communal","Groundnut","Yes","Cattle","Moderate",1220,"Yes","Major",2022,"Yes",59.1,"No","No",4,"No",1.87,5.07,1353,6860,1430,5430,79.1,"No",NA,"None","On-farm store",12.8,"Local market",3.6,2.5,"Yes","No","Medium"
"GAHS-F1976","Central",5.8962,-1.3101,"Male",23,"SHS",6,1,2.6,"Leased","Oil Palm","Yes","Goat/Sheep","Good",1697,"No","Minor",2022,"Yes",13.8,"No","Yes",0,"No",3.32,8.63,936,NA,924,7154,88.6,"No",NA,"None","No storage",20.4,"Local market",7.7,4.4,"Yes","No","Medium"
"GAHS-F1977","Volta",6.832,0.0543,"Male",53,"SHS",3,34,2.07,"Communal","Maize","Yes","Poultry","Moderate",608,"Yes","Minor",2022,"Yes",46.3,"No","Yes",7,"No",3.04,6.29,1457,9165,1116,8049,87.8,"No",NA,"None","On-farm store",23.9,"Regional market",0.5,6.2,"Yes","No","Medium"
"GAHS-F1978","Northern",10.0528,-0.723,"Male",39,"Tertiary",6,17,5.87,"Leased","Millet","Yes","Cattle","Poor",881,"Yes","Major",2021,"Yes",94.1,"No","No",6,"No",2.52,14.79,1377,20366,3407,16959,83.3,"No",NA,"None","No storage",17.7,"Regional market",43.5,3.7,"Yes","No","Medium"
"GAHS-F1979","Bono East",7.2162,-1.5683,"Female",52,"SHS",3,36,1.07,"Sharecrop","Maize","Yes","Mixed","Good",979,"Yes","Minor",2022,"No",0,"No","No",2,"No",1.98,2.12,1268,2688,379,2309,85.9,"No",NA,"None","On-farm store",15.4,"Processor",11.5,2.2,"Yes","No","Low"
"GAHS-F1980","North East",10.8318,-0.3933,"Female",41,"None",7,16,1.39,"Owned","Sorghum","Yes","Poultry","Moderate",836,"Yes","Major",2022,"Yes",114.9,"No","Yes",3,"Yes",3.03,4.21,1336,5625,624,5001,88.9,"Yes",396,"Moneylender","On-farm store",11.8,"Farmgate",5.2,4.8,"Yes","No","High"
"GAHS-F1981","Upper East",10.5682,-0.4783,"Male",63,"Tertiary",4,45,2.79,"Owned","Groundnut","No","None","Moderate",982,"No","Minor",2022,"Yes",96.9,"No","No",3,"Yes",1.73,4.83,4311,20822,1586,19236,92.4,"No",NA,"None","On-farm store",NA,"Regional market",26,5.3,"Yes","No","Medium"
"GAHS-F1982","Western North",6.0425,-2.5383,"Male",72,"Primary",2,51,0.92,"Leased","Yam","No","None","Good",2030,"Yes","Major",2022,"No",NA,"No","No",2,"No",1.49,1.37,1297,1777,100,1677,94.3,"No",NA,"None","Rented silo",NA,"Farmgate",1.1,3.5,"Yes","No","Low"
"GAHS-F1983","Upper West",9.8543,-2.1602,"Male",62,"None",7,46,1.67,"Sharecrop","Sorghum","No","None","Good",NA,"No","Major",2021,"Yes",73.8,"No","Yes",4,"Yes",2.64,4.41,2912,12842,863,11979,93.3,"Yes",256,"SACCO","On-farm store",21.7,"Local market",43.7,3.9,"Yes","No","High"
"GAHS-F1984","Eastern",6.9097,-1.0129,"Female",39,"None",4,16,6.35,"Communal","Oil Palm","Yes","Mixed","Moderate",1134,"No","Major",2021,"Yes",59.8,"No","Yes",3,"No",4.05,25.72,3054,78549,2980,75569,95,"Yes",4529,"SACCO","On-farm store",13.8,"Farmgate",5,3.9,"Yes","No","Medium"
"GAHS-F1985","Volta",6.8422,0.7231,"Female",41,"Primary",5,24,4.65,"Owned","Yam","No","None","Good",1073,"No","Minor",2023,"No",0,"Yes","No",0,"Yes",1.81,8.42,835,7031,1981,5050,71.8,"Yes",3595,"SACCO","Warehouse",NA,"Processor",4.5,3.6,"Yes","Yes","Medium"
"GAHS-F1986","Ashanti",6.5785,-2.094,"Male",33,"None",6,13,1.02,"Owned","Maize","No","None","Moderate",1792,"Yes","Minor",2022,"Yes",102.6,"Yes","No",3,"No",3.11,3.17,1882,5966,422,5544,92.9,"No",NA,"None","No storage",31.1,"Local market",19.6,6.1,"Yes","No","Medium"
"GAHS-F1987","Northern",9.0812,-0.6756,"Male",49,"JHS",8,21,2.3,"Leased","Groundnut","Yes","Goat/Sheep","Good",1060,"Yes","Minor",2022,"Yes",81.8,"No","No",4,"No",1.72,3.96,1466,5805,1655,NA,71.5,"No",NA,"None","Rented silo",13.7,"Local market",37.5,5,"Yes","No","Medium"
"GAHS-F1988","Bono East",8.1845,-1.918,"Female",51,"Tertiary",5,30,3.7,"Gift","Maize","Yes","Poultry","Good",994,"No","Minor",2023,"No",0,"No","Yes",0,"Yes",2.47,9.14,1368,12504,1364,11140,89.1,"No",NA,"None","No storage",25.7,"Regional market",26.4,5.3,"Yes","No","Medium"
"GAHS-F1989","Northern",9.7077,-0.5295,"Male",31,"Primary",4,11,1.69,"Leased","Millet","Yes","Goat/Sheep","Good",877,"Yes","Minor",2023,"No",0,"No","No",1,"No",1.69,2.86,4825,13800,717,13083,94.8,"Yes",2950,"Moneylender","No storage",37.3,"Exporter",11.5,NA,"Yes","No","Low"
"GAHS-F1990","Northern",9.0388,-0.924,"Female",56,"Tertiary",6,39,3.56,"Owned","Groundnut","No","None","Good",982,"No","Major",2021,"No",0,"No","Yes",3,"No",2.98,10.61,2956,31363,1369,29994,95,"Yes",4068,"Bank","Warehouse",15.9,"Farmgate",15.9,5.2,"Yes","No","Medium"
"GAHS-F1991","Northern",9.3205,-0.3844,"Female",38,"Tertiary",1,19,2.05,"Communal","Maize","No","None","Moderate",570,"Yes","Major",2023,"Yes",57.7,"No","No",7,"No",1.03,2.11,5602,11820,1151,10669,90.3,"No",NA,"None","On-farm store",35,"Regional market",8,4.2,"Yes","No","Medium"
"GAHS-F1992","Eastern",6.6342,-0.4905,"Male",62,"SHS",3,42,1.13,"Sharecrop","Cocoa","Yes","Poultry","Good",1832,"Yes","Minor",2021,"Yes",88.9,"No","Yes",1,"Yes",1.58,1.79,2012,3601,806,2795,77.6,"No",NA,"None","No storage",19.6,"Regional market",2.4,2.9,"Yes","No","Medium"
"GAHS-F1993","Central",6.0573,-0.9114,"Male",47,"Tertiary",7,32,1.28,"Communal","Cocoa","No","None","Good",1309,"Yes","Major",2023,"No",0,"No","Yes",3,"Yes",1.61,2.06,2930,6036,604,5432,90,"Yes",3379,"Family","No storage",11.8,"Farmgate",2.9,2.5,"Yes","No","Medium"
"GAHS-F1994","Bono",7.6237,-2.7208,"Male",45,"Tertiary",8,27,1.61,"Owned","Tomato","No","None","Excellent",1074,"Yes","Minor",2023,"Yes",58.9,"No","No",5,"Yes",3.13,5.04,1282,6461,849,5612,86.8,"No",NA,"None","Warehouse",8.4,"Farmgate",3.3,3.6,"Yes","No","Medium"
"GAHS-F1995","Ahafo",6.6057,-1.9084,"Male",41,"JHS",4,25,0.61,"Owned","Cocoa","No","None","Moderate",1753,"No","Minor",2023,"No",0,"Yes","Yes",1,"No",0.36,0.22,1998,440,153,287,65.1,"Yes",1069,"Bank","No storage",27.5,"Local market",15.6,6.7,"Yes","No","Medium"
"GAHS-F1996","Upper West",10.1094,-2.6773,"Male",59,"Tertiary",4,42,0.46,"Communal","Yam","No","None","Good",1005,"Yes","Minor",2021,"Yes",46.4,"No","Yes",2,"Yes",3.07,1.41,769,1084,171,913,84.1,"No",NA,"None","No storage",32.9,"Cooperative",4.8,NA,"Yes","Yes","Medium"
"GAHS-F1997","Upper West",9.8148,-2.4369,"Female",56,"SHS",3,36,1.82,"Communal","Maize","No","None","Good",1022,"Yes","Major",2021,"Yes",45.3,"No","No",7,"No",2.02,3.68,1311,4824,711,4113,85.2,"No",NA,"None","Warehouse",2.2,"Local market",89.1,5.5,"Yes","No","Medium"
"GAHS-F1998","Western North",6.684,-2.4223,"Female",46,"SHS",9,31,1.39,"Communal","Plantain","No","None","Excellent",1168,"No","Major",2021,"No",0,"Yes","Yes",3,"No",2.49,3.46,1947,6737,682,6055,89.9,"Yes",1117,"Bank","Rented silo",21.4,"Regional market",3.3,3.1,"Yes","No","Medium"
"GAHS-F1999","Bono East",7.8492,-2.199,"Female",39,"JHS",1,23,6.69,"Communal","Cassava","No","None","Good",886,"Yes","Major",2022,"Yes",60.5,"No","No",2,"Yes",2.18,14.58,3785,55185,3585,51600,93.5,"Yes",912,"SACCO","Warehouse",NA,"Farmgate",0.8,3.9,"Yes","No","Medium"
"GAHS-F2000","Oti",7.5876,0.1484,"Female",50,"Tertiary",3,25,7.15,"Owned","Tomato","Yes","Mixed","Good",1043,"No","Major",2023,"No",0,"No","No",3,"Yes",2.09,14.94,1550,23157,2834,20323,87.8,"No",NA,"None","Warehouse",18.2,"Exporter",6.4,2.2,"Yes","No","Medium"
