"Student_ID","School_ID","Region","Latitude","Longitude","Sex","Age","Form_Level","Residence_Type","Parent_Education","Parent_Occupation","HH_Income_Band","HH_Size","Orphan_Status","English_Score","Mathematics_Score","Science_Score","Social_Studies_Score","Overall_Average","Attendance_Rate_Pct","Study_Hours_Day","Participates_in_Club","Has_Textbooks_All","Internet_Access_School","Bullying_Experienced","Teacher_Support_Score","School_Meals","Passed_Core","Perf_Band","Dropout_Risk_Score"
"GESS-S0001","SCH-008","Greater Accra",6.0556,-0.3475,"Male",16,"SHS 2-3","Day","Primary","Unemployed","Mid (GHS 800-2000)",2,"Both parents",87,82,55,78,75.5,84.4,3,"Yes","Yes","No","Sometimes",7.4,"Daily","Yes","Excellent",0
"GESS-S0002","SCH-067","Eastern",6.583,-0.4331,"Male",13,"JHS 1-2","Boarding","SHS","Farmer","Mid (GHS 800-2000)",8,"Single parent",65,74,60,64,65.8,94.2,3.2,"Yes","Yes","No","Never",7.7,"Never","Yes","Good",3.3
"GESS-S0003","SCH-017","Volta",7.1665,0.2517,"Male",17,"SHS 2-3","Boarding","SHS","Farmer","Mid (GHS 800-2000)",8,"Both parents",78,86,75,73,78,98.2,3.9,"No","Yes","Yes","Never",4.7,"Daily","Yes","Excellent",0.8
"GESS-S0004","SCH-065","Bono",7.2839,-2.5339,"Female",15,"JHS 3-SHS 1","Day","SHS","Farmer","Low (<GHS 800)",2,"Both parents",66,63,66,69,66,72.8,1.3,"No","No","Yes","Never",7.4,"Never","Yes","Good",3.5
"GESS-S0005","SCH-078","Eastern",6.3213,-0.6396,"Female",17,"SHS 2-3","Boarding","Tertiary","Artisan","High (>GHS 2000)",5,"Both parents",55,27,36,37,38.8,100,3.9,"No","Yes","Yes","Never",5.3,"Daily","No","Below Average",3.6
"GESS-S0006","SCH-015","North East",10.3023,-0.2154,"Male",17,"SHS 2-3","Day","Tertiary","Artisan","Low (<GHS 800)",6,"Both parents",86,70,69,90,78.8,63.8,0.8,"No","No","No","Sometimes",7.4,"Daily","Yes","Excellent",NA
"GESS-S0007","SCH-098","Ashanti",7.1189,-1.3273,"Female",15,"JHS 3-SHS 1","Day","JHS","Artisan","Mid (GHS 800-2000)",4,"Both parents",54,57,43,40,48.5,76,3.7,"No","No","No","Sometimes",5.5,"Daily","No","Average",4.3
"GESS-S0008","SCH-076","Savannah",8.7375,-1.7603,"Male",14,"JHS 3-SHS 1","Day","Primary","Farmer","Low (<GHS 800)",3,"Orphan",60,42,55,50,51.8,63.4,1.6,"No","No","No","Never",7.5,"Sometimes","Yes","Average",3.9
"GESS-S0009","SCH-079","Savannah",9.0078,-2.4002,"Male",14,"JHS 3-SHS 1","Boarding","Primary","Farmer","Low (<GHS 800)",1,"Both parents",98,90,100,100,97,88.9,3.5,"No","No","No","Sometimes",NA,"Daily","Yes","Excellent",0
"GESS-S0010","SCH-031","Bono",7.5492,-2.7494,"Female",17,"SHS 2-3","Day","JHS","Farmer",NA,9,"Both parents",57,43,50,57,51.8,91.1,1.4,"No","Yes","Yes","Sometimes",3.8,"Daily","Yes","Average",2.7
"GESS-S0011","SCH-012","Ashanti",6.9124,-2.0131,"Male",18,"SHS 3+","Day","None","Trader","High (>GHS 2000)",5,"Both parents",76,66,64,69,68.8,75.8,4.4,"No","No","Yes","Never",3,"Daily","Yes","Good",2.6
"GESS-S0012","SCH-012","Greater Accra",5.6553,0.2421,"Male",14,"JHS 3-SHS 1","Day","None","Artisan","Mid (GHS 800-2000)",8,"Both parents",88,55,64,76,70.8,95.1,2.9,"No","Yes","No","Never",9.9,"Daily","Yes","Excellent",2.2
"GESS-S0013","SCH-086","Greater Accra",5.8898,0.2243,"Female",18,"SHS 3+","Boarding","Primary","Artisan","Low (<GHS 800)",2,"Single parent",57,55,49,68,57.2,76.6,3.5,"No","No","No","Sometimes",5.6,"Daily","Yes","Good",1.7
"GESS-S0014","SCH-063","Western",5.6381,-2.6631,"Female",12,"JHS 1-2","Boarding","Primary","Professional","Low (<GHS 800)",3,"Both parents",72,94,62,84,78,67,NA,"Yes","No","No","Never",5.7,"Never","Yes","Excellent",2.3
"GESS-S0015","SCH-098","Greater Accra",6.0585,-0.5988,"Female",18,"SHS 3+","Day","Primary",NA,NA,3,"Both parents",42,42,NA,60,46.5,92,0.6,"No","Yes","No","Never",8.8,"Sometimes","No","Average",2.3
"GESS-S0016","SCH-068","Eastern",6.8186,-0.9348,"Male",17,"SHS 2-3","Day","None","Trader","Low (<GHS 800)",7,"Both parents",71,71,75,85,75.5,74.2,4.5,"Yes","Yes","No","Never",6.7,"Never","Yes","Excellent",2.2
"GESS-S0017","SCH-094","Ahafo",6.3383,-2.5903,"Female",12,"JHS 1-2","Day","SHS","Artisan","Low (<GHS 800)",1,"Both parents",60,NA,44,46,51.2,NA,2.9,"No","Yes","Yes","Sometimes",7.6,"Sometimes","Yes","Average",2
"GESS-S0018","SCH-086","North East",10.8017,-0.4461,"Male",17,"SHS 2-3","Boarding","SHS","Farmer","Mid (GHS 800-2000)",6,"Both parents",59,50,55,55,54.8,82.2,2.9,"Yes","No","No","Never",6,"Sometimes","Yes","Average",2
"GESS-S0019","SCH-076","North East",10.9226,-0.9064,"Female",15,"JHS 3-SHS 1","Day","Primary","Unemployed","Mid (GHS 800-2000)",7,"Both parents",60,62,71,58,62.8,66.5,3.8,"Yes","No","No","Never",5.2,"Daily","Yes","Good",4
"GESS-S0020","SCH-050","Greater Accra",6.1202,-0.2524,"Male",16,"SHS 2-3","Day","JHS","Unemployed","High (>GHS 2000)",6,"Single parent",50,42,60,60,53,91.3,2.6,"Yes","No","No","Never",5,"Daily","Yes","Average",2.2
"GESS-S0021","SCH-009","Savannah",9.0693,-1.6621,"Male",11,"JHS 1-2","Day","JHS","Unemployed","Mid (GHS 800-2000)",3,"Single parent",40,49,NA,50,46,83.4,3.8,"Yes","Yes","No","Often",2.4,"Sometimes","No","Average",4.5
"GESS-S0022","SCH-079","Ashanti",6.4238,-1.8813,"Male",13,"JHS 1-2","Day","JHS","Trader","Low (<GHS 800)",7,"Single parent",28,21,20,15,21,75.1,NA,"No","Yes","No","Never",9.3,"Never","No","Below Average",4.3
"GESS-S0023","SCH-030","Eastern",6.5591,-0.317,"Female",13,"JHS 1-2","Boarding","SHS","Professional","Low (<GHS 800)",10,"Both parents",55,49,72,55,57.8,100,3.2,"Yes","Yes","No","Never",9.2,"Daily","Yes","Good",2.5
"GESS-S0024","SCH-014","Greater Accra",5.7791,-0.3674,"Female",20,"SHS 3+","Day","SHS","Farmer","Low (<GHS 800)",8,"Both parents",58,62,79,62,65.2,83.4,4.7,"No","No","No","Often",5.9,"Never","Yes","Good",2.3
"GESS-S0025","SCH-008","Ashanti",7.1007,-1.6752,"Male",19,"SHS 3+","Day","None","Farmer","High (>GHS 2000)",7,"Single parent",73,NA,75,76,72.8,93.6,4.6,"No","Yes","No","Never",2.5,"Daily","Yes","Excellent",1.3
"GESS-S0026","SCH-037","Bono East",7.7321,-1.578,"Female",13,"JHS 1-2","Day","Primary","Trader","Mid (GHS 800-2000)",2,"Both parents",64,79,54,55,63,99.3,3,"No","No","No","Never",7.8,"Daily","Yes","Good",2.4
"GESS-S0027","SCH-040","Greater Accra",5.0151,-0.2839,"Male",15,"JHS 3-SHS 1","Day","SHS","Trader","Mid (GHS 800-2000)",5,"Both parents",69,NA,77,78,72.8,83.8,1.9,"Yes","No","No","Often",4.9,"Sometimes","Yes","Excellent",1.2
"GESS-S0028","SCH-093","Ashanti",6.982,-2.0409,"Male",15,"JHS 3-SHS 1","Day","SHS","Farmer","Low (<GHS 800)",9,"Both parents",22,NA,34,29,29,72.7,NA,"Yes","No","No","Never",6,"Never","No","Below Average",5.1
"GESS-S0029","SCH-066","Western",5.2622,-1.5533,"Female",17,"SHS 2-3","Day","Primary","Farmer","Low (<GHS 800)",5,"Orphan",31,30,33,39,33.2,66.3,3.6,"No","No","No","Sometimes",4.4,"Sometimes","No","Below Average",3.9
"GESS-S0030","SCH-040","Ashanti",7.1457,-1.093,"Female",14,"JHS 3-SHS 1","Day","Tertiary","Trader","Low (<GHS 800)",6,"Both parents",53,60,57,65,58.8,88.8,4.4,"No","No","No","Often",NA,"Never","Yes","Good",1.8
"GESS-S0031","SCH-077","Volta",6.7916,1.0471,"Female",17,"SHS 2-3","Day","SHS","Farmer","Low (<GHS 800)",3,"Both parents",64,79,85,66,73.5,67.4,2.8,"No","Yes","No","Sometimes",7.1,"Never","Yes","Excellent",1.2
"GESS-S0032","SCH-023","Greater Accra",5.9925,-0.1439,"Female",15,"JHS 3-SHS 1","Day","JHS","Farmer","Low (<GHS 800)",4,"Both parents",75,81,66,85,76.8,82.4,4.1,"No","No","No","Often",9.1,"Never","Yes","Excellent",0
"GESS-S0033","SCH-025","Greater Accra",5.0997,-0.4838,"Female",12,"JHS 1-2","Day","JHS","Unemployed","Low (<GHS 800)",5,"Both parents",53,58,NA,63,58.2,98.2,5.2,"Yes","Yes","No","Never",6.7,"Never","Yes","Good",3.2
"GESS-S0034","SCH-090","Eastern",6.3636,-0.0452,"Male",14,"JHS 3-SHS 1","Day","None","Artisan","Low (<GHS 800)",4,"Single parent",48,59,48,64,54.8,80.3,1.5,"No","No","No","Sometimes",6.1,"Daily","Yes","Average",5.1
"GESS-S0035","SCH-014","Bono",7.1473,-2.2022,"Female",14,"JHS 3-SHS 1","Day","Primary","Farmer","Low (<GHS 800)",8,"Both parents",81,54,58,59,63,71.6,3.5,"No","No","No","Never",8.7,"Sometimes","Yes","Good",2.9
"GESS-S0036","SCH-033","Northern",9.6299,-1.3067,"Female",17,"SHS 2-3","Day","SHS","Trader","Mid (GHS 800-2000)",5,"Both parents",55,49,NA,60,54,63.7,4.6,"Yes","Yes","No","Sometimes",5.8,"Daily","Yes","Average",3.3
"GESS-S0037","SCH-003","Savannah",9.042,-1.4827,"Female",16,"SHS 2-3","Day","SHS","Farmer","Mid (GHS 800-2000)",5,"Both parents",85,55,52,76,67,99.6,4.9,"Yes","No","No","Sometimes",6.5,"Never","Yes","Good",1
"GESS-S0038","SCH-021","Ashanti",7.1592,-1.633,"Female",11,"JHS 1-2","Boarding","Primary","Artisan","Mid (GHS 800-2000)",3,"Both parents",64,55,61,52,58,64.9,3.2,"Yes","No","Yes","Never",7.9,"Daily","Yes","Good",2.9
"GESS-S0039","SCH-025","Ashanti",6.959,-1.4437,"Male",16,"SHS 2-3","Boarding","Tertiary","Unemployed","Mid (GHS 800-2000)",4,"Both parents",54,53,37,51,48.8,90.4,3.9,"No","No","Yes","Never",9,"Sometimes","No","Average",2.6
"GESS-S0040","SCH-009","Central",6.032,-1.1679,"Female",17,"SHS 2-3","Day","SHS","Artisan","Mid (GHS 800-2000)",9,"Both parents",31,23,52,34,35,87.2,2.5,"No","No","Yes","Never",4.7,"Sometimes","No","Below Average",4.5
"GESS-S0041","SCH-076","Savannah",9.1802,-1.5137,"Male",17,"SHS 2-3","Day","None","Civil Servant","High (>GHS 2000)",3,"Both parents",56,55,NA,58,58,58.4,NA,"No","No","No","Never",6.6,"Never","Yes","Good",3.3
"GESS-S0042","SCH-086","Oti",7.8883,0.5357,"Female",20,"SHS 3+","Day","SHS","Artisan","Mid (GHS 800-2000)",1,"Single parent",59,54,45,51,52.2,90.2,2.7,"No","No","No","Often",4.2,"Sometimes","Yes","Average",3.3
"GESS-S0043","SCH-005","Ashanti",6.8211,-2.1325,"Male",14,"JHS 3-SHS 1","Boarding","JHS","Civil Servant","Mid (GHS 800-2000)",6,"Both parents",61,59,74,87,70.2,79.1,3,"No","Yes","Yes","Never",4.4,"Daily","Yes","Excellent",2.1
"GESS-S0044","SCH-088","Greater Accra",5.9615,0.3311,"Female",15,"JHS 3-SHS 1","Day","SHS","Artisan","Mid (GHS 800-2000)",6,"Single parent",55,50,50,47,50.5,89.5,3.3,"No","No","No","Never",5.5,"Never","Yes","Average",3.8
"GESS-S0045","SCH-024","Savannah",9.344,-1.5804,"Female",17,"SHS 2-3","Boarding","SHS","Artisan","Low (<GHS 800)",6,"Both parents",52,33,58,63,51.5,63.1,5,"Yes","No","No","Never",9,"Never","Yes","Average",1.4
"GESS-S0046","SCH-024","Eastern",6.1854,-0.5509,"Male",16,"SHS 2-3","Boarding","None","Professional","Low (<GHS 800)",2,"Both parents",47,38,46,55,46.5,NA,NA,"Yes","Yes","Yes","Never",5.6,"Sometimes","No","Average",3.2
"GESS-S0047","SCH-015","Greater Accra",5.7171,0.1888,"Male",15,"JHS 3-SHS 1","Day","Primary","Trader","High (>GHS 2000)",5,"Both parents",82,68,68,64,70.5,48.4,2,"No","No","No","Never",5.2,"Never","Yes","Excellent",2
"GESS-S0048","SCH-071","North East",10.0921,-0.516,"Female",17,"SHS 2-3","Day","Primary","Professional","Mid (GHS 800-2000)",7,"Both parents",64,77,69,57,66.8,69.5,1.9,"No","No","No","Never",7.5,"Never","Yes","Good",3.4
"GESS-S0049","SCH-055","Greater Accra",5.9807,-0.6922,"Male",11,"JHS 1-2","Day","Primary","Farmer","Mid (GHS 800-2000)",4,"Both parents",59,56,NA,61,58.5,79.3,2.9,"No","Yes","Yes","Never",7.9,"Sometimes","Yes","Good",2.9
"GESS-S0050","SCH-042","Bono",8.0868,-2.4279,"Female",14,"JHS 3-SHS 1","Day","SHS","Farmer","High (>GHS 2000)",5,"Both parents",56,58,44,57,53.8,39.1,4.2,"No","Yes","No","Never",7.2,"Sometimes","Yes","Average",4.4
"GESS-S0051","SCH-084","Greater Accra",5.457,-0.6153,"Female",12,"JHS 1-2","Day","Tertiary","Civil Servant","Mid (GHS 800-2000)",4,"Both parents",73,61,88,68,72.5,100,3.7,"Yes","No","Yes","Often",5.7,"Daily","Yes","Excellent",3.3
"GESS-S0052","SCH-048","Ashanti",6.855,-1.437,"Male",17,"SHS 2-3","Day","JHS","Farmer","High (>GHS 2000)",4,"Both parents",66,46,46,58,54,85.1,2.4,"No","No","Yes","Never",8,"Daily","Yes","Average",1.7
"GESS-S0053","SCH-070","Western",5.5481,-1.8268,"Female",11,"JHS 1-2","Boarding","SHS","Trader","Mid (GHS 800-2000)",7,"Both parents",79,60,58,77,68.5,82.3,3.6,"Yes","No","No","Never",6.7,"Never","Yes","Good",1.1
"GESS-S0054","SCH-028","Ashanti",6.8534,-1.09,"Female",17,"SHS 2-3","Day","Tertiary","Farmer","High (>GHS 2000)",5,"Both parents",61,71,68,67,66.8,79,2.9,"No","Yes","No","Sometimes",6.1,"Daily","Yes","Good",1.5
"GESS-S0055","SCH-022","Ashanti",7.1287,-1.2282,"Male",15,"JHS 3-SHS 1","Boarding","SHS","Unemployed","Low (<GHS 800)",2,"Both parents",67,50,48,43,52,93.6,4.4,"No","No","No","Often",8,"Never","Yes","Average",2.7
"GESS-S0056","SCH-070","North East",9.9748,-0.8826,"Male",12,"JHS 1-2","Boarding","None","Civil Servant","Low (<GHS 800)",7,"Both parents",33,58,36,46,43.2,80.1,2.7,"No","No","No","Never",10,"Never","No","Average",3.9
"GESS-S0057","SCH-040","Ashanti",6.5151,-1.931,"Male",17,"SHS 2-3","Day","SHS","Artisan","High (>GHS 2000)",6,"Both parents",96,NA,89,95,92.2,94.9,2,"No","Yes","No","Sometimes",9.6,"Sometimes","Yes","Excellent",1.3
"GESS-S0058","SCH-020","Ashanti",6.9226,-1.8315,"Female",16,"SHS 2-3","Boarding","None","Artisan","High (>GHS 2000)",4,"Both parents",88,46,80,65,69.8,84.9,3,"No","No","Yes","Never",6.6,"Sometimes","Yes","Good",NA
"GESS-S0059","SCH-062","Ashanti",6.5408,-1.347,"Female",15,"JHS 3-SHS 1","Day","Primary","Professional","Mid (GHS 800-2000)",3,"Both parents",76,85,79,86,81.5,71,6.1,"Yes","Yes","Yes","Never",5,"Daily","Yes","Excellent",2.6
"GESS-S0060","SCH-095","Greater Accra",5.8216,0.045,"Female",15,"JHS 3-SHS 1","Boarding","None","Artisan","Low (<GHS 800)",2,"Both parents",60,42,53,56,52.8,68.1,3.6,"Yes","No","No","Never",9.7,"Sometimes","Yes","Average",3.4
"GESS-S0061","SCH-091","Western",5.1129,-1.6728,"Female",14,"JHS 3-SHS 1","Boarding","JHS","Artisan","Mid (GHS 800-2000)",7,"Both parents",32,32,NA,26,32.2,82.7,3.4,"Yes","No","Yes","Never",3.8,"Daily","No","Below Average",5.4
"GESS-S0062","SCH-084","Greater Accra",5.6744,-0.0622,"Female",19,"SHS 3+","Day","SHS","Artisan","Mid (GHS 800-2000)",8,"Single parent",63,58,78,72,67.8,95.3,4.6,"Yes","Yes","No","Never",4.5,"Daily","Yes","Good",0.2
"GESS-S0063","SCH-068","Greater Accra",5.1349,0.0459,"Female",20,"SHS 3+","Boarding","JHS","Artisan","Low (<GHS 800)",4,"Both parents",64,51,54,45,53.5,81.7,2.7,"Yes","Yes","Yes","Never",6.5,"Daily","Yes","Average",3.1
"GESS-S0064","SCH-022","Eastern",6.4321,0.0933,"Male",17,"SHS 2-3","Boarding","SHS","Trader","High (>GHS 2000)",4,"Both parents",80,55,81,60,69,100,2.9,"No","Yes","No","Never",7.8,"Daily","Yes","Good",1.1
"GESS-S0065","SCH-016","Volta",7.5337,0.7049,"Female",14,"JHS 3-SHS 1","Boarding","None","Civil Servant","Mid (GHS 800-2000)",6,"Single parent",82,62,73,79,74,89.4,3.5,"No","Yes","Yes","Often",6.5,"Daily","Yes","Excellent",0
"GESS-S0066","SCH-030","Upper West",10.6869,-1.9546,"Female",16,"SHS 2-3","Day","Primary","Artisan","High (>GHS 2000)",4,"Both parents",76,48,NA,51,57,72,4.4,"No","Yes","Yes","Never",2.1,"Never","Yes","Good",3.5
"GESS-S0067","SCH-058","Ashanti",7.0437,-1.5706,"Female",17,"SHS 2-3","Boarding","Tertiary","Professional","Low (<GHS 800)",3,"Both parents",59,55,58,51,55.8,83.6,4.4,"No","No","Yes","Sometimes",7.2,"Daily","Yes","Good",1.5
"GESS-S0068","SCH-001","Eastern",6.1311,-0.4518,"Female",11,"JHS 1-2","Boarding","Tertiary","Trader","Mid (GHS 800-2000)",8,"Both parents",90,85,73,78,81.5,100,3.6,"No","Yes","No","Never",4.8,"Daily","Yes","Excellent",1.1
"GESS-S0069","SCH-048","Greater Accra",5.7525,-0.3054,"Female",12,"JHS 1-2","Day","Tertiary","Artisan","Low (<GHS 800)",10,"Both parents",62,54,65,65,61.5,74.1,NA,"No","Yes","No","Often",3,"Never","Yes","Good",4.8
"GESS-S0070","SCH-058","Western",5.4991,-2.0494,"Male",13,"JHS 1-2","Boarding","SHS","Professional",NA,5,"Both parents",100,96,83,90,92.2,100,6.6,"No","No","Yes","Sometimes",9.2,"Never","Yes","Excellent",1.7
"GESS-S0071","SCH-087","Bono",7.5254,-2.3373,"Female",16,"SHS 2-3","Day","Primary","Trader","Low (<GHS 800)",7,"Both parents",45,62,50,33,47.5,94,1.3,"No","Yes","Yes","Sometimes",7.2,"Sometimes","No","Average",2.6
"GESS-S0072","SCH-002","Western North",5.7551,-2.2478,"Female",11,"JHS 1-2","Boarding","JHS","Artisan","High (>GHS 2000)",7,"Orphan",55,51,50,63,54.8,89.3,4.5,"Yes","Yes","No","Never",6.1,"Sometimes","Yes","Average",2
"GESS-S0073","SCH-008","Bono East",7.9684,-1.3241,"Female",12,"JHS 1-2","Day","SHS","Artisan","Mid (GHS 800-2000)",4,"Single parent",75,76,78,73,75.5,98.7,1.2,"No","No","No","Sometimes",4.8,"Sometimes","Yes","Excellent",1
"GESS-S0074","SCH-095","Ashanti",6.779,-1.4432,"Male",14,"JHS 3-SHS 1","Day","Tertiary","Civil Servant","Mid (GHS 800-2000)",3,"Both parents",45,52,57,33,46.8,NA,1.7,"No","No","Yes","Never",5.5,"Never","No","Average",1.5
"GESS-S0075","SCH-086","Ashanti",6.4469,-1.8706,"Female",17,"SHS 2-3","Boarding","Primary","Civil Servant","Low (<GHS 800)",6,"Single parent",52,52,49,54,51.8,71.7,3.1,"No","Yes","No","Sometimes",4.3,"Sometimes","Yes","Average",3.6
"GESS-S0076","SCH-007","Oti",8.0542,0.0768,"Male",12,"JHS 1-2","Day","Primary","Farmer","Mid (GHS 800-2000)",4,"Both parents",63,52,62,58,58.8,88.3,2.3,"Yes","Yes","No","Never",4,"Daily","Yes","Good",3.2
"GESS-S0077","SCH-098","Eastern",6.3895,-1.0082,"Male",18,"SHS 3+","Boarding","Primary","Professional","High (>GHS 2000)",3,"Single parent",50,31,52,41,43.5,91.1,2.1,"No","Yes","Yes","Never",8.2,"Sometimes","No","Average",2.3
"GESS-S0078","SCH-044","Ashanti",6.5549,-1.6505,"Male",16,"SHS 2-3","Boarding","None","Trader","Mid (GHS 800-2000)",6,"Both parents",74,68,64,56,65.5,72.2,3.6,"Yes","No","No","Never",NA,"Never","Yes","Good",3.9
"GESS-S0079","SCH-044","Savannah",9.3946,-2.1537,"Male",16,"SHS 2-3","Day","Primary","Artisan","High (>GHS 2000)",9,"Both parents",72,73,78,75,74.5,85.9,3.4,"No","Yes","No","Never",NA,"Sometimes","Yes","Excellent",1.3
"GESS-S0080","SCH-096","Greater Accra",5.9637,-0.3148,"Female",16,"SHS 2-3","Boarding","SHS","Professional","High (>GHS 2000)",5,"Both parents",51,58,25,45,44.8,81.7,6,"Yes","Yes","No","Never",NA,"Daily","No","Average",2.5
"GESS-S0081","SCH-029","Greater Accra",5.5907,0.203,"Female",14,"JHS 3-SHS 1","Boarding","JHS","Trader","Low (<GHS 800)",7,"Both parents",17,28,17,20,20.5,100,NA,"No","No","No","Often",5,"Sometimes","No","Below Average",4
"GESS-S0082","SCH-057","Ashanti",6.1716,-1.4112,"Female",17,"SHS 2-3","Day","SHS","Farmer","Mid (GHS 800-2000)",5,"Both parents",58,46,70,67,60.2,77.2,4.5,"No","Yes","No","Never",NA,"Never","Yes","Good",1.5
"GESS-S0083","SCH-013","Ashanti",7.0083,-2.0356,"Male",16,"SHS 2-3","Boarding","Primary","Professional","High (>GHS 2000)",4,"Both parents",66,62,58,83,67.2,87.4,4.3,"No","Yes","Yes","Sometimes",5.7,"Daily","Yes","Good",1.3
"GESS-S0084","SCH-088","Oti",7.4712,-0.2391,"Male",12,"JHS 1-2","Boarding","None","Artisan","Mid (GHS 800-2000)",6,"Both parents",81,60,73,66,70,100,4.6,"Yes","Yes","No","Never",8.6,"Daily","Yes","Good",1.2
"GESS-S0085","SCH-036","Northern",9.7836,-1.2682,"Male",16,"SHS 2-3","Boarding","SHS","Professional","Low (<GHS 800)",6,"Both parents",80,61,55,64,65,88.9,5.9,"No","No","No","Sometimes",6.2,"Sometimes","Yes","Good",0.7
"GESS-S0086","SCH-033","Upper East",11.0304,-0.6669,"Female",15,"JHS 3-SHS 1","Day","SHS","Professional","High (>GHS 2000)",1,"Both parents",75,88,88,90,85.2,67,1.7,"No","No","No","Never",3.7,"Daily","Yes","Excellent",2.4
"GESS-S0087","SCH-003","Eastern",6.3212,-0.2038,"Male",19,"SHS 3+","Boarding","SHS","Artisan","Low (<GHS 800)",4,"Orphan",63,64,56,64,61.8,77.1,2.1,"No","Yes","No","Never",7.7,"Daily","Yes","Good",4
"GESS-S0088","SCH-027","Greater Accra",5.1852,0.1464,"Male",20,"SHS 3+","Boarding","SHS","Trader","Mid (GHS 800-2000)",5,"Both parents",52,55,NA,34,50.5,100,5.3,"Yes","No","Yes","Sometimes",5.1,"Never","Yes","Average",3.3
"GESS-S0089","SCH-016","Volta",7.5799,0.2023,"Male",20,"SHS 3+","Boarding","JHS",NA,"Low (<GHS 800)",7,"Both parents",78,66,78,73,73.8,86.8,3.7,"Yes","No","Yes","Never",5.9,"Sometimes","Yes","Excellent",2.1
"GESS-S0090","SCH-053","Ashanti",6.6756,-2.0787,"Male",17,"SHS 2-3","Day","SHS","Trader","Mid (GHS 800-2000)",3,"Both parents",46,61,55,61,55.8,74.5,2.7,"Yes","Yes","No","Never",3.7,"Daily","Yes","Good",3.2
"GESS-S0091","SCH-077","Western",4.9996,-1.6731,"Female",15,"JHS 3-SHS 1","Day","Primary","Unemployed","Low (<GHS 800)",1,"Both parents",64,57,69,67,64.2,92.8,0.8,"Yes","No","No","Sometimes",4.6,"Never","Yes","Good",NA
"GESS-S0092","SCH-073","Upper West",9.9703,-1.9585,"Male",11,"JHS 1-2","Day","Primary","Artisan","High (>GHS 2000)",3,"Both parents",80,87,82,73,80.5,86.6,0.9,"Yes","No","No","Never",4.5,"Daily","Yes","Excellent",2.9
"GESS-S0093","SCH-020","Greater Accra",5.9147,0.383,"Female",18,"SHS 3+","Day","Primary","Unemployed","Low (<GHS 800)",4,"Both parents",63,59,62,59,60.8,90.7,1,"Yes","Yes","Yes","Never",2.5,"Sometimes","Yes","Good",3.6
"GESS-S0094","SCH-076","Greater Accra",5.7162,-0.3161,"Male",14,"JHS 3-SHS 1","Boarding","Tertiary","Artisan","Low (<GHS 800)",2,"Both parents",54,60,62,56,58,87.6,5.5,"No","Yes","No","Never",5,"Daily","Yes","Good",2.3
"GESS-S0095","SCH-008","Ashanti",7.1826,-1.059,"Female",19,"SHS 3+","Boarding","None","Trader","High (>GHS 2000)",3,"Both parents",52,64,64,54,58.5,78.2,4.6,"No","Yes","No","Never",7.9,"Never","Yes","Good",1.8
"GESS-S0096","SCH-024","Greater Accra",5.2936,0.1643,"Female",13,"JHS 1-2","Day","Primary","Professional","Mid (GHS 800-2000)",7,"Single parent",52,47,53,51,50.8,80.1,2.4,"No","Yes","No","Never",7.8,"Never","Yes","Average",6.4
"GESS-S0097","SCH-057","Western North",6.9046,-2.2719,"Female",13,"JHS 1-2","Day","JHS","Unemployed","Mid (GHS 800-2000)",7,"Single parent",68,78,73,73,73,60.4,2.9,"Yes","No","Yes","Never",8.7,"Daily","Yes","Excellent",3.3
"GESS-S0098","SCH-017","Central",5.3383,-1.5311,"Female",11,"JHS 1-2","Boarding","Primary","Civil Servant","High (>GHS 2000)",6,"Both parents",63,67,64,59,63.2,85.6,5.4,"No","Yes","Yes","Never",7.5,"Never","Yes","Good",1.3
"GESS-S0099","SCH-063","Greater Accra",6.116,-0.3608,"Male",14,"JHS 3-SHS 1","Day","JHS","Artisan","Mid (GHS 800-2000)",3,"Both parents",51,44,55,51,50.2,77.3,3,"Yes","Yes","No","Never",6.5,"Sometimes","Yes","Average",3.3
"GESS-S0100","SCH-061","Northern",9.4903,-0.3491,"Male",17,"SHS 2-3","Day","SHS","Professional","Mid (GHS 800-2000)",4,"Single parent",40,32,23,38,33.2,86.5,3.5,"No","No","No","Never",9,"Never","No","Below Average",3.8
"GESS-S0101","SCH-011","Ashanti",7.11,-1.1509,"Male",16,"SHS 2-3","Day","JHS","Civil Servant","Mid (GHS 800-2000)",6,"Both parents",53,41,60,64,54.5,50.1,3.9,"Yes","No","Yes","Never",6,"Never","Yes","Average",3
"GESS-S0102","SCH-010","Central",5.2677,-1.5756,"Male",20,"SHS 3+","Day","SHS","Unemployed","Mid (GHS 800-2000)",6,"Both parents",51,50,64,55,55,100,3,"Yes","No","No","Often",6.6,"Daily","Yes","Average",2.5
"GESS-S0103","SCH-062","Western",4.6005,-1.9859,"Male",13,"JHS 1-2","Boarding","None","Artisan","Low (<GHS 800)",3,"Both parents",43,32,48,55,44.5,78.9,3,"Yes","Yes","No","Sometimes",7.1,"Sometimes","No","Average",3
"GESS-S0104","SCH-014","Ashanti",6.631,-1.2752,"Male",15,"JHS 3-SHS 1","Day","Primary","Professional","High (>GHS 2000)",1,"Both parents",77,57,58,71,65.8,NA,2.6,"No","Yes","Yes","Often",9.6,"Sometimes","Yes","Good",2.1
"GESS-S0105","SCH-021","Ashanti",6.3666,-2.1303,"Female",15,"JHS 3-SHS 1","Day","SHS","Trader","High (>GHS 2000)",5,"Single parent",87,73,73,83,79,60.3,2.8,"No","No","No","Never",7.5,"Never","Yes","Excellent",3.4
"GESS-S0106","SCH-045","Northern",9.4816,-1.2705,"Male",19,"SHS 3+","Day","JHS","Farmer","Low (<GHS 800)",5,"Single parent",69,55,76,76,69,90.1,5,"No","No","No","Sometimes",4.3,"Never","Yes","Good",4.6
"GESS-S0107","SCH-015","Bono",8.0074,-2.7038,"Male",16,"SHS 2-3","Boarding","SHS","Farmer","Mid (GHS 800-2000)",6,"Both parents",65,45,50,57,54.2,82.1,2.8,"Yes","Yes","Yes","Never",3.5,"Daily","Yes","Average",2.9
"GESS-S0108","SCH-037","Ashanti",7.1575,-1.3787,"Female",18,"SHS 3+","Day","Primary","Artisan","Mid (GHS 800-2000)",4,"Single parent",83,64,75,76,74.5,78.6,3.5,"No","Yes","No","Never",6.2,"Sometimes","Yes","Excellent",0.6
"GESS-S0109","SCH-011","Western",4.9723,-1.6149,"Female",15,"JHS 3-SHS 1","Boarding","SHS","Farmer",NA,7,"Both parents",84,NA,84,88,85.8,89.8,3.2,"No","No","Yes","Never",9.2,"Sometimes","Yes","Excellent",0
"GESS-S0110","SCH-010","Greater Accra",5.7695,-0.7051,"Male",13,"JHS 1-2","Day","SHS","Unemployed","Mid (GHS 800-2000)",2,"Both parents",66,74,67,58,66.2,96.7,2.2,"No","No","No","Never",3.8,"Daily","Yes","Good",1.4
"GESS-S0111","SCH-023","Northern",9.607,-0.9148,"Female",18,"SHS 3+","Boarding","SHS","Farmer","High (>GHS 2000)",1,"Orphan",70,67,65,67,67.2,86.2,4.6,"Yes","No","No","Never",5,"Daily","Yes","Good",2.4
"GESS-S0112","SCH-050","Upper East",11.062,-0.4188,"Female",17,"SHS 2-3","Day","Tertiary","Civil Servant","Mid (GHS 800-2000)",4,"Both parents",65,76,46,60,61.8,NA,2.8,"No","Yes","No","Never",5.4,"Daily","Yes","Good",2.3
"GESS-S0113","SCH-032","Western",4.8824,-2.0414,"Male",12,"JHS 1-2","Boarding","JHS","Trader","High (>GHS 2000)",8,"Both parents",47,62,71,61,60.2,69.3,2.5,"No","Yes","Yes","Sometimes",7.5,"Daily","Yes","Good",3.7
"GESS-S0114","SCH-032","Western",4.7005,-2.2085,"Male",11,"JHS 1-2","Day","None","Farmer","Low (<GHS 800)",5,"Both parents",62,NA,70,61,65.2,88.9,2.5,"No","Yes","No","Sometimes",7.8,"Never","Yes","Good",2.4
"GESS-S0115","SCH-014","Ashanti",7.2078,-1.3623,"Male",17,"SHS 2-3","Day","Primary","Professional","High (>GHS 2000)",4,"Both parents",68,63,67,63,65.2,61.2,3.1,"Yes","No","No","Never",4.4,"Never","Yes","Good",3.3
"GESS-S0116","SCH-018","Bono",7.1047,-2.5143,"Male",15,"JHS 3-SHS 1","Boarding","Primary",NA,"Low (<GHS 800)",3,"Both parents",57,75,67,64,65.8,100,2.6,"Yes","No","Yes","Sometimes",5.6,"Sometimes","Yes","Good",1
"GESS-S0117","SCH-056","Western North",6.3993,-2.693,"Female",20,"SHS 3+","Boarding","JHS","Farmer","High (>GHS 2000)",7,"Single parent",60,73,54,51,59.5,100,4.2,"No","Yes","Yes","Sometimes",4.3,"Sometimes","Yes","Good",2.2
"GESS-S0118","SCH-095","Bono",7.0527,-2.2883,"Female",21,"SHS 3+","Boarding","SHS","Farmer","Mid (GHS 800-2000)",2,"Single parent",77,91,82,66,79,70.5,NA,"Yes","Yes","Yes","Never",5.7,"Daily","Yes","Excellent",0.8
"GESS-S0119","SCH-041","Eastern",6.487,0.0586,"Male",14,"JHS 3-SHS 1","Day","JHS","Trader","Low (<GHS 800)",6,"Both parents",56,75,79,74,71,75.1,3.1,"No","Yes","No","Never",8.9,"Daily","Yes","Excellent",2.9
"GESS-S0120","SCH-079","Bono",7.7677,-2.4101,"Female",15,"JHS 3-SHS 1","Day","Tertiary","Farmer","Low (<GHS 800)",1,"Single parent",75,60,74,57,66.5,88.9,2.1,"No","Yes","No","Sometimes",5.4,"Sometimes","Yes","Good",2
"GESS-S0121","SCH-054","North East",10.5389,-0.1666,"Male",14,"JHS 3-SHS 1","Boarding","JHS","Farmer","High (>GHS 2000)",3,"Both parents",77,75,67,78,74.2,90.6,3.9,"No","No","No","Never",6.2,"Daily","Yes","Excellent",0.7
"GESS-S0122","SCH-019","Greater Accra",5.5178,-0.674,"Male",16,"SHS 2-3","Day","Tertiary","Farmer","Low (<GHS 800)",6,"Single parent",70,59,69,65,65.8,93,1.9,"No","Yes","No","Sometimes",3.3,"Sometimes","Yes","Good",0.4
"GESS-S0123","SCH-067","Eastern",5.9751,-0.8221,"Female",19,"SHS 3+","Day","JHS","Civil Servant","High (>GHS 2000)",8,"Both parents",67,83,67,78,73.8,72.5,3.3,"Yes","No","No","Sometimes",5.4,"Daily","Yes","Excellent",3.7
"GESS-S0124","SCH-007","Bono East",8.361,-1.6981,"Female",15,"JHS 3-SHS 1","Boarding","JHS","Farmer","Low (<GHS 800)",3,"Both parents",56,61,64,63,61,73,2,"Yes","Yes","Yes","Never",6.7,"Sometimes","Yes","Good",0.9
"GESS-S0125","SCH-069","Northern",10.0544,-0.9542,"Male",14,"JHS 3-SHS 1","Day","Primary","Civil Servant","High (>GHS 2000)",8,"Both parents",74,45,NA,71,64.5,57.9,2.7,"No","Yes","No","Never",6.6,"Daily","Yes","Good",2.1
"GESS-S0126","SCH-053","Ashanti",6.4372,-1.435,"Male",19,"SHS 3+","Day","SHS","Professional","High (>GHS 2000)",5,"Both parents",71,77,77,76,75.2,56.6,3.4,"No","Yes","No","Sometimes",5.5,"Daily","Yes","Excellent",2.7
"GESS-S0127","SCH-024","North East",10.8687,-0.3911,"Female",19,"SHS 3+","Boarding","JHS","Farmer","Mid (GHS 800-2000)",3,"Both parents",56,45,69,59,57.2,NA,2.9,"No","Yes","Yes","Never",6.5,"Daily","Yes","Good",1.8
"GESS-S0128","SCH-020","Bono East",7.5788,-1.7845,"Female",12,"JHS 1-2","Day","None","Farmer","High (>GHS 2000)",4,"Both parents",62,57,50,67,59,88.6,3.7,"No","No","No","Never",7.6,"Sometimes","Yes","Good",2.5
"GESS-S0129","SCH-007","Western North",6.3532,-2.6868,"Female",18,"SHS 3+","Day","SHS","Civil Servant","Low (<GHS 800)",4,"Both parents",53,31,43,47,43.5,75.8,3.7,"No","No","No","Never",3.2,"Daily","No","Average",3.1
"GESS-S0130","SCH-044","Greater Accra",5.1012,-0.7098,"Female",16,"SHS 2-3","Day","Tertiary","Professional","High (>GHS 2000)",3,"Both parents",67,78,78,54,69.2,82.4,2.2,"Yes","No","No","Sometimes",5.4,"Daily","Yes","Good",1.3
"GESS-S0131","SCH-050","Northern",9.456,-0.5141,"Male",16,"SHS 2-3","Day","JHS","Artisan","High (>GHS 2000)",6,"Both parents",57,49,56,52,53.5,76.3,3,"No","Yes","No","Often",7.1,"Sometimes","Yes","Average",3.4
"GESS-S0132","SCH-004","Western North",6.2061,-3.0879,"Male",19,"SHS 3+","Day","JHS","Trader","Low (<GHS 800)",3,"Both parents",47,50,46,62,51.2,71,1.3,"Yes","Yes","Yes","Never",6.4,"Sometimes","Yes","Average",3.6
"GESS-S0133","SCH-057","Central",5.265,-0.8611,"Female",18,"SHS 3+","Boarding","SHS","Trader","Low (<GHS 800)",3,"Single parent",64,38,58,52,53,94,4.4,"No","No","No","Sometimes",9.1,"Sometimes","Yes","Average",3.1
"GESS-S0134","SCH-021","Upper East",11.1834,-0.6929,"Male",17,"SHS 2-3","Day","Tertiary","Civil Servant","Mid (GHS 800-2000)",4,"Both parents",76,71,69,75,72.8,85.7,3.7,"No","No","No","Never",7.7,"Never","Yes","Excellent",0.1
"GESS-S0135","SCH-046","North East",10.1865,-0.2967,"Female",13,"JHS 1-2","Day","None","Farmer","Low (<GHS 800)",3,"Single parent",63,52,48,59,55.5,94,1.2,"No","No","No","Never",5.8,"Sometimes","Yes","Good",2.3
"GESS-S0136","SCH-066","Central",4.8592,-0.6918,"Male",19,"SHS 3+","Day","SHS","Professional","Low (<GHS 800)",6,"Both parents",70,100,82,83,83.8,82.6,2,"Yes","Yes","No","Sometimes",3.9,"Sometimes","Yes","Excellent",1.6
"GESS-S0137","SCH-094","Bono",7.0594,-2.0178,"Male",14,"JHS 3-SHS 1","Day","SHS","Professional","Mid (GHS 800-2000)",5,"Both parents",87,64,94,85,82.5,92.7,2.2,"No","No","No","Sometimes",5.1,"Sometimes","Yes","Excellent",0.4
"GESS-S0138","SCH-026","Eastern",5.9135,-0.1853,"Male",12,"JHS 1-2","Day","Tertiary","Artisan","Low (<GHS 800)",7,"Both parents",76,70,71,70,71.8,88,2.5,"No","Yes","No","Sometimes",3.5,"Sometimes","Yes","Excellent",4.7
"GESS-S0139","SCH-056","Greater Accra",5.9232,-0.594,"Male",16,"SHS 2-3","Day","Tertiary","Trader","High (>GHS 2000)",6,"Both parents",63,68,75,57,65.8,70.6,3.4,"No","No","No","Sometimes",8,"Never","Yes","Good",2.3
"GESS-S0140","SCH-076","Western",4.7395,-1.8811,"Male",18,"SHS 3+","Boarding","Primary","Professional","Low (<GHS 800)",6,"Both parents",91,77,75,68,77.8,84.4,4.1,"No","No","No","Never",3.2,"Daily","Yes","Excellent",0
"GESS-S0141","SCH-045","Ashanti",6.4519,-1.6943,"Female",17,"SHS 2-3","Day","Tertiary","Unemployed","Mid (GHS 800-2000)",6,"Single parent",62,62,63,72,64.8,82.5,3.4,"No","No","No","Never",8.6,"Never","Yes","Good",0.2
"GESS-S0142","SCH-017","Central",5.3759,-1.6065,"Female",20,"SHS 3+","Day","Primary","Trader","Low (<GHS 800)",4,"Orphan",72,74,61,69,69,NA,3.5,"Yes","Yes","No","Never",8.7,"Daily","Yes","Good",3.4
"GESS-S0143","SCH-014","Greater Accra",5.6732,0.1303,"Female",15,"JHS 3-SHS 1","Boarding","Tertiary","Farmer","Low (<GHS 800)",6,"Single parent",49,30,17,45,35.2,91.5,3.4,"No","No","No","Never",3.1,"Sometimes","No","Below Average",1.6
"GESS-S0144","SCH-020","Western North",5.8182,-3.2435,"Female",16,"SHS 2-3","Boarding","None","Trader","Mid (GHS 800-2000)",8,"Single parent",69,44,62,65,60,70,5.5,"Yes","No","Yes","Never",5.8,"Sometimes","Yes","Good",2.1
"GESS-S0145","SCH-067","Central",5.3567,-0.7975,"Female",18,"SHS 3+","Day","Primary","Farmer","Mid (GHS 800-2000)",8,"Both parents",64,35,73,68,60,84.9,3.7,"No","No","No","Often",NA,"Daily","Yes","Good",2.8
"GESS-S0146","SCH-057","Western",5.1631,-2.5881,"Female",16,"SHS 2-3","Boarding","JHS","Farmer","Mid (GHS 800-2000)",3,"Both parents",68,77,77,76,74.5,82.3,1.1,"No","No","No","Never",5.6,"Daily","Yes","Excellent",2.7
"GESS-S0147","SCH-057","North East",10.7525,-0.8847,"Male",20,"SHS 3+","Day","SHS","Farmer","Mid (GHS 800-2000)",5,"Single parent",53,46,39,50,47,96.3,2.5,"No","No","No","Never",4.1,"Daily","No","Average",2.6
"GESS-S0148","SCH-090","Bono East",7.7994,-1.2424,"Female",14,"JHS 3-SHS 1","Boarding","JHS","Trader","Low (<GHS 800)",3,"Single parent",85,81,79,84,82.2,68.9,3.7,"No","Yes","No","Never",8.8,"Sometimes","Yes","Excellent",0
"GESS-S0149","SCH-086","Eastern",6.2796,-0.113,"Male",15,"JHS 3-SHS 1","Day","None","Artisan","Mid (GHS 800-2000)",6,"Both parents",75,72,64,71,70.5,83.7,2.3,"Yes","No","No","Never",7.6,"Never","Yes","Excellent",1.2
"GESS-S0150","SCH-074","Ashanti",6.7484,-1.8293,"Female",14,"JHS 3-SHS 1","Boarding","Tertiary","Artisan","Mid (GHS 800-2000)",6,"Both parents",63,62,57,61,60.8,88.9,4.1,"No","Yes","Yes","Never",4.2,"Sometimes","Yes","Good",0.6
"GESS-S0151","SCH-080","Northern",9.8726,-0.9986,"Male",13,"JHS 1-2","Boarding","Primary","Civil Servant","Low (<GHS 800)",9,"Single parent",69,50,37,49,51.2,66.1,2.7,"No","Yes","No","Never",8,"Daily","Yes","Average",2.9
"GESS-S0152","SCH-048","Central",5.8684,-0.6981,"Male",17,"SHS 2-3","Day","Tertiary","Civil Servant","Mid (GHS 800-2000)",7,"Both parents",48,34,57,65,51,66.9,4.8,"No","Yes","No","Never",6.1,"Sometimes","Yes","Average",4.5
"GESS-S0153","SCH-005","Western North",6.6883,-2.6942,"Male",14,"JHS 3-SHS 1","Day","SHS","Professional","Mid (GHS 800-2000)",4,"Both parents",67,50,67,60,61,91.6,3.5,"Yes","No","No","Never",5.7,"Daily","Yes","Good",2
"GESS-S0154","SCH-026","Oti",7.2682,0.8151,"Female",18,"SHS 3+","Day","Tertiary","Farmer","Mid (GHS 800-2000)",4,"Both parents",100,96,89,86,92.8,91.7,3.2,"No","No","Yes","Never",3.2,"Sometimes","Yes","Excellent",0
"GESS-S0155","SCH-046","Volta",7.2362,0.1098,"Male",15,"JHS 3-SHS 1","Day","None","Unemployed","Low (<GHS 800)",5,"Both parents",53,38,49,56,49,86.9,4.3,"Yes","Yes","Yes","Never",6.2,"Daily","No","Average",3.8
"GESS-S0156","SCH-016","Bono East",8.1458,-2.0531,"Male",14,"JHS 3-SHS 1","Day","SHS","Farmer","Low (<GHS 800)",8,"Single parent",61,73,67,56,64.2,86.2,3.5,"Yes","Yes","No","Never",7.8,"Sometimes","Yes","Good",3.9
"GESS-S0157","SCH-085","Ashanti",6.9117,-1.5537,"Male",18,"SHS 3+","Boarding","JHS","Trader","High (>GHS 2000)",9,"Single parent",36,40,41,41,39.5,60.4,4,"No","No","No","Sometimes",5.1,"Daily","No","Below Average",4.1
"GESS-S0158","SCH-028","Central",6.0349,-1.4216,"Male",17,"SHS 2-3","Day","SHS","Artisan","Low (<GHS 800)",8,"Single parent",78,79,65,73,73.8,85.5,3.1,"No","Yes","No","Never",6.9,"Sometimes","Yes","Excellent",0.2
"GESS-S0159","SCH-088","Western",4.6168,-1.7038,"Male",15,"JHS 3-SHS 1","Boarding","None","Farmer","Low (<GHS 800)",4,"Single parent",81,70,58,74,70.8,77.2,4.1,"No","No","No","Never",5.7,"Daily","Yes","Excellent",2.4
"GESS-S0160","SCH-011","Western North",6.0892,-2.1747,"Female",17,"SHS 2-3","Day","JHS","Trader","Low (<GHS 800)",1,"Both parents",77,73,71,91,78,76.3,3.4,"Yes","No","No","Never",8.2,"Never","Yes","Excellent",1.9
"GESS-S0161","SCH-094","Oti",7.3294,0.1621,"Male",18,"SHS 3+","Day","SHS","Farmer","Low (<GHS 800)",5,"Single parent",79,69,79,67,73.5,78.7,2.2,"No","Yes","No","Often",6.6,"Daily","Yes","Excellent",4.2
"GESS-S0162","SCH-028","Eastern",5.879,-0.9367,"Male",15,"JHS 3-SHS 1","Boarding","Tertiary","Trader","Low (<GHS 800)",4,"Both parents",38,43,47,58,46.5,76.1,3.9,"Yes","Yes","No","Never",3.9,"Never","No","Average",3.6
"GESS-S0163","SCH-007","Volta",6.9269,0.9627,"Female",16,"SHS 2-3","Day","None","Artisan","Low (<GHS 800)",3,"Both parents",79,68,64,70,70.2,91,0.9,"No","No","No","Never",6.1,"Daily","Yes","Excellent",2
"GESS-S0164","SCH-019","Savannah",8.7645,-1.433,"Female",12,"JHS 1-2","Boarding","SHS",NA,"High (>GHS 2000)",7,"Both parents",52,49,53,66,55,86,3,"Yes","No","No","Often",8,"Daily","Yes","Average",2.1
"GESS-S0165","SCH-060","Central",4.9035,-0.6941,"Female",14,"JHS 3-SHS 1","Day","None","Civil Servant","Mid (GHS 800-2000)",3,"Both parents",65,61,45,51,55.5,83.9,2.6,"No","Yes","Yes","Sometimes",6,"Daily","Yes","Good",1.6
"GESS-S0166","SCH-031","Eastern",6.5478,-0.6129,"Male",17,"SHS 2-3","Boarding","JHS","Trader","Low (<GHS 800)",7,"Both parents",49,46,52,53,50,96,4.6,"No","Yes","No","Sometimes",2.2,"Daily","Yes","Average",2.6
"GESS-S0167","SCH-088","North East",10.9341,6e-04,"Female",18,"SHS 3+","Boarding","Tertiary","Trader","Low (<GHS 800)",1,"Both parents",60,52,45,41,49.5,76.1,2.7,"No","No","No","Sometimes",4.5,"Daily","No","Average",5.2
"GESS-S0168","SCH-018","Central",5.8864,-1.4274,"Male",15,"JHS 3-SHS 1","Day","Primary","Civil Servant","Mid (GHS 800-2000)",2,"Both parents",41,57,38,54,47.5,89.1,1.8,"No","No","Yes","Never",5.6,"Sometimes","No","Average",3.2
"GESS-S0169","SCH-001","Western North",6.6069,-3.2696,"Female",11,"JHS 1-2","Day","SHS","Farmer","Low (<GHS 800)",5,"Single parent",44,28,45,26,35.8,91.8,0.8,"No","No","Yes","Often",7.9,"Never","No","Below Average",4.6
"GESS-S0170","SCH-011","Ashanti",6.3157,-1.0825,"Female",16,"SHS 2-3","Day","JHS","Farmer","Low (<GHS 800)",6,"Both parents",51,52,28,34,41.2,90.9,4.4,"No","No","No","Never",7.7,"Never","No","Average",3.6
"GESS-S0171","SCH-033","Greater Accra",5.708,0.2903,"Female",14,"JHS 3-SHS 1","Day","SHS","Unemployed","Mid (GHS 800-2000)",6,"Orphan",79,79,56,71,71.2,91.8,3.6,"No","Yes","Yes","Never",5.4,"Daily","Yes","Excellent",1.9
"GESS-S0172","SCH-001","Volta",7.0179,0.5534,"Female",19,"SHS 3+","Day","None","Unemployed","Mid (GHS 800-2000)",10,"Both parents",80,76,64,73,73.2,67.2,3.9,"No","Yes","No","Never",6.5,"Daily","Yes","Excellent",4.1
"GESS-S0173","SCH-049","Western North",6.7638,-2.5631,"Male",13,"JHS 1-2","Boarding","JHS","Farmer","High (>GHS 2000)",5,"Both parents",30,51,61,52,48.5,96.9,2.8,"No","No","No","Never",3.4,"Daily","No","Average",1.6
"GESS-S0174","SCH-056","Ashanti",7.0484,-1.5881,"Female",15,"JHS 3-SHS 1","Day","SHS","Trader","Low (<GHS 800)",8,"Both parents",55,57,51,48,52.8,84.3,1.7,"No","No","Yes","Never",5.4,"Sometimes","Yes","Average",4.4
"GESS-S0175","SCH-043","Northern",8.9677,-1.0625,"Female",18,"SHS 3+","Boarding","JHS",NA,"Low (<GHS 800)",4,"Both parents",66,70,49,82,66.8,71.9,5.1,"No","Yes","Yes","Sometimes",2.6,"Never","Yes","Good",2.3
"GESS-S0176","SCH-062","Ahafo",7.4585,-2.7813,"Female",19,"SHS 3+","Boarding","Tertiary","Professional",NA,5,"Both parents",72,68,77,91,77,65.7,4.7,"No","No","No","Sometimes",9.1,"Never","Yes","Excellent",2.3
"GESS-S0177","SCH-032","Volta",6.4108,0.9323,"Male",16,"SHS 2-3","Day","Tertiary","Civil Servant","Low (<GHS 800)",1,"Both parents",68,37,46,57,52,84.8,4.1,"Yes","Yes","Yes","Never",1,"Daily","Yes","Average",1.3
"GESS-S0178","SCH-039","Western North",5.7874,-2.3384,"Female",15,"JHS 3-SHS 1","Day","JHS","Professional","High (>GHS 2000)",6,"Single parent",47,51,57,65,55,69.4,3.7,"Yes","Yes","Yes","Never",5.5,"Never","Yes","Average",2.9
"GESS-S0179","SCH-093","Greater Accra",6.0001,0.2855,"Male",16,"SHS 2-3","Day","SHS","Farmer","Low (<GHS 800)",4,"Orphan",42,30,46,57,43.8,83.2,5.4,"Yes","Yes","Yes","Never",3.8,"Sometimes","No","Average",4.7
"GESS-S0180","SCH-049","Ashanti",6.4198,-1.4682,"Male",17,"SHS 2-3","Day","None","Trader","Low (<GHS 800)",6,"Both parents",50,55,50,47,50.5,82.4,3.8,"No","No","No","Never",5.5,"Never","Yes","Average",3.1
"GESS-S0181","SCH-079","Savannah",9.561,-1.6124,"Male",15,"JHS 3-SHS 1","Day","SHS","Trader","Low (<GHS 800)",3,"Both parents",92,88,73,83,84,78.3,2.8,"Yes","No","Yes","Never",6.2,"Sometimes","Yes","Excellent",1
"GESS-S0182","SCH-039","Western",5.0971,-1.5193,"Male",15,"JHS 3-SHS 1","Day","None","Trader","High (>GHS 2000)",10,"Both parents",52,63,60,49,56,83.3,3.1,"No","Yes","Yes","Never",5.6,"Sometimes","Yes","Good",2.6
"GESS-S0183","SCH-051","Western North",6.0406,-2.9219,"Male",16,"SHS 2-3","Day","SHS","Trader","Mid (GHS 800-2000)",6,"Both parents",78,79,70,77,76,NA,5.2,"No","Yes","No","Sometimes",9.6,"Sometimes","Yes","Excellent",0.5
"GESS-S0184","SCH-007","Ashanti",6.6377,-1.2349,"Male",17,"SHS 2-3","Day","SHS","Trader","Mid (GHS 800-2000)",5,"Both parents",84,90,61,64,74.8,84.3,3.4,"No","No","No","Often",5.4,"Daily","Yes","Excellent",2.7
"GESS-S0185","SCH-031","Greater Accra",6.1376,0.2814,"Female",19,"SHS 3+","Day","JHS","Farmer","Mid (GHS 800-2000)",4,"Orphan",72,60,65,57,63.5,100,3.5,"No","No","Yes","Sometimes",9.6,"Sometimes","Yes","Good",2
"GESS-S0186","SCH-021","Bono",8.1618,-1.9715,"Female",19,"SHS 3+","Boarding","Tertiary","Farmer","Mid (GHS 800-2000)",5,"Both parents",80,NA,76,67,71.5,86,4.6,"Yes","No","No","Often",7.7,"Never","Yes","Excellent",2.7
"GESS-S0187","SCH-011","Bono",7.1979,-1.8469,"Female",15,"JHS 3-SHS 1","Day","SHS","Professional","Mid (GHS 800-2000)",7,"Single parent",49,57,48,46,50,76.1,2.3,"No","Yes","No","Often",1.8,"Never","Yes","Average",2.8
"GESS-S0188","SCH-078","Northern",10.0577,-0.9162,"Female",16,"SHS 2-3","Boarding","JHS","Farmer","Low (<GHS 800)",3,"Both parents",58,45,46,48,49.2,52.1,2,"Yes","Yes","No","Never",6.2,"Daily","No","Average",4.5
"GESS-S0189","SCH-071","Volta",7.1227,0.1688,"Female",17,"SHS 2-3","Boarding","Primary","Farmer","Mid (GHS 800-2000)",1,"Both parents",40,61,71,64,59,NA,5.8,"Yes","No","Yes","Never",4.8,"Daily","Yes","Good",3.2
"GESS-S0190","SCH-059","Western",5.5496,-2.2596,"Male",17,"SHS 2-3","Boarding","JHS",NA,"Mid (GHS 800-2000)",4,"Single parent",62,68,54,70,63.5,74.2,5,"Yes","Yes","No","Never",4.4,"Daily","Yes","Good",3.7
"GESS-S0191","SCH-016","Ahafo",7.0836,-2.2184,"Male",17,"SHS 2-3","Day","JHS",NA,"Low (<GHS 800)",10,"Both parents",50,47,36,38,42.8,80.8,0.5,"No","No","Yes","Never",7.8,"Daily","No","Average",2.8
"GESS-S0192","SCH-030","Ashanti",7.1947,-1.2177,"Female",19,"SHS 3+","Boarding","JHS","Artisan","Mid (GHS 800-2000)",5,"Single parent",81,83,58,73,73.8,NA,4,"No","Yes","Yes","Never",5.2,"Daily","Yes","Excellent",2.6
"GESS-S0193","SCH-069","Ashanti",7.1276,-1.4982,"Female",16,"SHS 2-3","Day","JHS","Artisan","Low (<GHS 800)",5,"Single parent",71,62,76,89,74.5,83.5,2.4,"Yes","No","No","Never",6.8,"Daily","Yes","Excellent",2.3
"GESS-S0194","SCH-048","Greater Accra",5.7411,-0.3746,"Female",19,"SHS 3+","Boarding","Tertiary","Farmer","Mid (GHS 800-2000)",9,"Both parents",73,72,58,76,69.8,94.8,4.9,"No","No","No","Never",2.9,"Sometimes","Yes","Good",0.4
"GESS-S0195","SCH-059","Ashanti",6.6491,-1.4847,"Male",14,"JHS 3-SHS 1","Boarding","None","Trader",NA,9,"Both parents",60,77,69,69,68.8,81.1,3.8,"No","Yes","Yes","Sometimes",6.8,"Sometimes","Yes","Good",1
"GESS-S0196","SCH-045","North East",10.2849,-0.6554,"Female",15,"JHS 3-SHS 1","Boarding","None","Farmer","High (>GHS 2000)",6,"Both parents",56,45,70,55,56.5,86.7,4.5,"No","No","Yes","Never",4.8,"Daily","Yes","Good",1
"GESS-S0197","SCH-019","Ashanti",7.0849,-1.991,"Male",17,"SHS 2-3","Boarding","JHS","Farmer","Mid (GHS 800-2000)",5,"Both parents",74,87,88,75,81,88.1,1.7,"No","No","No","Never",7.8,"Never","Yes","Excellent",2.6
"GESS-S0198","SCH-079","Northern",9.7559,-0.8628,"Female",16,"SHS 2-3","Day","JHS","Trader","Low (<GHS 800)",5,"Single parent",88,69,60,85,75.5,96.3,2.6,"No","No","No","Never",1.9,"Sometimes","Yes","Excellent",0
"GESS-S0199","SCH-019","Volta",6.4153,1.024,"Female",16,"SHS 2-3","Day","JHS","Unemployed","High (>GHS 2000)",5,"Both parents",56,63,72,64,63.8,94.9,4.6,"No","Yes","No","Sometimes",4.2,"Daily","Yes","Good",1.8
"GESS-S0200","SCH-019","Central",5.2767,-1.279,"Female",11,"JHS 1-2","Day","SHS","Unemployed","Mid (GHS 800-2000)",3,"Both parents",48,57,50,52,51.8,88.6,3.1,"No","No","Yes","Never",3.9,"Never","Yes","Average",4.1
"GESS-S0201","SCH-042","Volta",6.6672,-0.1173,"Male",16,"SHS 2-3","Boarding","Primary","Farmer","Low (<GHS 800)",7,"Both parents",53,NA,62,63,59,85.8,3.6,"Yes","Yes","Yes","Never",9.6,"Daily","Yes","Good",1.9
"GESS-S0202","SCH-063","Western North",6.8462,-3.2209,"Male",14,"JHS 3-SHS 1","Day","Primary","Trader","High (>GHS 2000)",4,"Single parent",57,40,45,60,50.5,69.9,5.7,"No","Yes","Yes","Sometimes",6.2,"Sometimes","Yes","Average",3.8
"GESS-S0203","SCH-014","Central",4.8688,-1.2546,"Female",13,"JHS 1-2","Day","JHS",NA,"High (>GHS 2000)",4,"Single parent",97,72,84,90,85.8,92.5,3.5,"No","No","No","Never",8.8,"Never","Yes","Excellent",0
"GESS-S0204","SCH-084","North East",10.4426,0.2371,"Male",15,"JHS 3-SHS 1","Boarding","JHS","Artisan","High (>GHS 2000)",5,"Both parents",75,91,68,68,75.5,65.4,5.6,"No","No","No","Sometimes",4.7,"Sometimes","Yes","Excellent",1.4
"GESS-S0205","SCH-098","Western North",5.8282,-2.7414,"Female",17,"SHS 2-3","Boarding","JHS","Civil Servant","Mid (GHS 800-2000)",3,"Single parent",74,73,63,70,70,89.6,4.5,"No","Yes","Yes","Sometimes",2.8,"Daily","Yes","Good",0
"GESS-S0206","SCH-089","Ashanti",6.3426,-2.015,"Female",18,"SHS 3+","Day","SHS","Civil Servant","Mid (GHS 800-2000)",1,"Both parents",65,57,54,47,55.8,70.4,2.1,"No","Yes","No","Sometimes",4.9,"Sometimes","Yes","Good",2.8
"GESS-S0207","SCH-076","Bono East",7.66,-1.3879,"Female",13,"JHS 1-2","Day","Primary","Farmer","Mid (GHS 800-2000)",9,"Single parent",64,54,38,55,52.8,88.5,2,"No","Yes","No","Never",6.2,"Daily","Yes","Average",2.3
"GESS-S0208","SCH-099","Northern",9.0891,-0.3945,"Female",16,"SHS 2-3","Boarding","Primary","Unemployed","High (>GHS 2000)",4,"Single parent",66,68,NA,67,61.2,77.8,2,"No","Yes","No","Never",4.9,"Daily","Yes","Good",2.4
"GESS-S0209","SCH-016","Volta",6.7362,0.6212,"Female",17,"SHS 2-3","Boarding","SHS","Unemployed","Low (<GHS 800)",7,"Both parents",69,65,63,64,65.2,89.1,3.8,"No","No","No","Sometimes",4.8,"Sometimes","Yes","Good",1.2
"GESS-S0210","SCH-095","Western North",6.4182,-3.0688,"Male",16,"SHS 2-3","Boarding","JHS","Trader","Low (<GHS 800)",4,"Both parents",55,50,39,53,49.2,95.3,2.4,"No","Yes","No","Never",4.9,"Daily","No","Average",3.4
"GESS-S0211","SCH-042","Ashanti",7.1713,-1.1958,"Male",17,"SHS 2-3","Boarding","JHS","Professional","Mid (GHS 800-2000)",4,"Orphan",54,32,43,48,44.2,100,2.9,"No","Yes","No","Sometimes",4.6,"Never","No","Average",2.8
"GESS-S0212","SCH-060","Savannah",9.367,-2.1051,"Female",15,"JHS 3-SHS 1","Day","JHS","Artisan",NA,5,"Both parents",78,65,69,62,68.5,80.7,3.7,"No","No","Yes","Never",8.3,"Sometimes","Yes","Good",1.8
"GESS-S0213","SCH-021","Greater Accra",5.3684,-0.0149,"Male",15,"JHS 3-SHS 1","Boarding","SHS","Artisan","Low (<GHS 800)",3,"Both parents",64,80,54,70,67,68,3.5,"Yes","Yes","No","Never",6.7,"Never","Yes","Good",1.9
"GESS-S0214","SCH-035","Greater Accra",5.6394,-0.2119,"Female",16,"SHS 2-3","Day","Primary","Professional","Mid (GHS 800-2000)",6,"Both parents",68,47,47,54,54,91.1,4,"Yes","No","No","Often",6.4,"Sometimes","Yes","Average",3.8
"GESS-S0215","SCH-027","Greater Accra",5.5397,0.2279,"Female",16,"SHS 2-3","Boarding","Primary",NA,"High (>GHS 2000)",4,"Both parents",86,92,100,88,91.5,97.4,6.1,"No","Yes","No","Often",6.3,"Sometimes","Yes","Excellent",0
"GESS-S0216","SCH-057","Greater Accra",5.9049,0.0608,"Female",16,"SHS 2-3","Day","Tertiary","Unemployed","High (>GHS 2000)",5,"Single parent",93,92,86,77,87,89.8,2.3,"Yes","Yes","Yes","Never",3.7,"Daily","Yes","Excellent",1.7
"GESS-S0217","SCH-077","Greater Accra",5.4459,-0.1244,"Female",14,"JHS 3-SHS 1","Day","JHS","Farmer","Low (<GHS 800)",3,"Orphan",62,50,52,70,58.5,68.9,2.3,"No","No","Yes","Sometimes",8.7,"Sometimes","Yes","Good",4.9
"GESS-S0218","SCH-062","Greater Accra",5.998,-0.3534,"Female",16,"SHS 2-3","Day","None","Professional",NA,4,"Both parents",57,51,50,50,52,85.8,0.5,"No","Yes","No","Never",7.5,"Sometimes","Yes","Average",4.4
"GESS-S0219","SCH-059","Greater Accra",5.5727,0.3032,"Male",11,"JHS 1-2","Boarding","JHS","Trader","Mid (GHS 800-2000)",7,"Single parent",69,77,67,55,67,85.2,2.6,"Yes","Yes","No","Sometimes",5.6,"Sometimes","Yes","Good",2.1
"GESS-S0220","SCH-067","Volta",6.7491,0.7036,"Male",18,"SHS 3+","Boarding","Tertiary","Trader","Mid (GHS 800-2000)",2,"Both parents",87,88,69,67,77.8,84.8,2.6,"Yes","Yes","No","Never",4,"Never","Yes","Excellent",2.4
"GESS-S0221","SCH-012","Bono East",8.4266,-1.6658,"Male",20,"SHS 3+","Day","Primary","Farmer","Mid (GHS 800-2000)",6,"Single parent",96,71,86,85,84.5,82,5.7,"Yes","Yes","No","Never",3.3,"Sometimes","Yes","Excellent",0.2
"GESS-S0222","SCH-064","Oti",8.0605,0.6953,"Female",16,"SHS 2-3","Boarding","SHS","Professional","Low (<GHS 800)",5,"Both parents",51,55,39,57,50.5,84.5,3.6,"No","Yes","Yes","Never",8.6,"Daily","Yes","Average",4.5
"GESS-S0223","SCH-025","Oti",8.1782,0.3251,"Male",21,"SHS 3+","Day","SHS","Artisan","Mid (GHS 800-2000)",6,"Both parents",86,86,83,66,80.2,62.5,4.8,"No","Yes","Yes","Never",5.6,"Daily","Yes","Excellent",0.1
"GESS-S0224","SCH-005","Eastern",7.0002,-1.0106,"Female",18,"SHS 3+","Boarding","None","Artisan","High (>GHS 2000)",4,"Both parents",73,57,61,84,68.8,88.3,5.1,"No","No","No","Never",7.5,"Daily","Yes","Good",4.4
"GESS-S0225","SCH-063","Western North",6.3933,-2.1092,"Female",11,"JHS 1-2","Day","None","Farmer","Mid (GHS 800-2000)",5,"Single parent",15,20,26,15,19,100,5.2,"No","Yes","Yes","Never",8,"Daily","No","Below Average",4.6
"GESS-S0226","SCH-063","North East",10.715,-0.3289,"Female",12,"JHS 1-2","Boarding","SHS","Farmer","Low (<GHS 800)",4,"Both parents",79,62,74,85,75,NA,3,"Yes","No","No","Sometimes",3.8,"Sometimes","Yes","Excellent",1.7
"GESS-S0227","SCH-041","Bono East",7.7767,-1.8187,"Male",14,"JHS 3-SHS 1","Boarding","Primary",NA,"Low (<GHS 800)",6,"Both parents",68,41,40,53,50.5,86,4.6,"Yes","Yes","Yes","Never",6,"Sometimes","Yes","Average",2.7
"GESS-S0228","SCH-052","Greater Accra",6.1787,-0.2997,"Female",14,"JHS 3-SHS 1","Day","JHS","Artisan","Low (<GHS 800)",5,"Both parents",92,74,87,88,85.2,68.3,3.4,"Yes","No","No","Never",5,"Daily","Yes","Excellent",4.6
"GESS-S0229","SCH-085","Ashanti",7.2812,-1.6309,"Male",15,"JHS 3-SHS 1","Day","Tertiary","Farmer","Mid (GHS 800-2000)",7,"Both parents",44,NA,37,45,45.2,60.8,2.8,"Yes","Yes","Yes","Never",7.8,"Never","No","Average",4.1
"GESS-S0230","SCH-058","Upper East",11.1251,-1.0666,"Male",16,"SHS 2-3","Boarding","Tertiary","Civil Servant","Low (<GHS 800)",4,"Single parent",78,77,67,72,73.5,92.6,2.7,"Yes","Yes","Yes","Never",4.6,"Sometimes","Yes","Excellent",1.3
"GESS-S0231","SCH-071","Ashanti",6.2519,-1.3131,"Male",16,"SHS 2-3","Day","Tertiary","Trader","Mid (GHS 800-2000)",5,"Single parent",46,53,40,37,44,77.1,0.5,"No","Yes","No","Sometimes",4.7,"Daily","No","Average",3.1
"GESS-S0232","SCH-026","Ashanti",6.2752,-1.8561,"Female",17,"SHS 2-3","Boarding","SHS","Trader",NA,8,"Single parent",93,76,77,84,82.5,NA,3.9,"Yes","Yes","No","Sometimes",2.1,"Never","Yes","Excellent",1.2
"GESS-S0233","SCH-089","Greater Accra",6.0249,-0.4399,"Male",16,"SHS 2-3","Boarding","JHS","Farmer","Low (<GHS 800)",5,"Both parents",30,18,48,44,35,80.4,5.3,"No","Yes","No","Never",10,"Never","No","Below Average",4.2
"GESS-S0234","SCH-043","Northern",9.5731,-1.0868,"Female",13,"JHS 1-2","Boarding","None","Trader","High (>GHS 2000)",2,"Single parent",71,98,93,67,82.2,82.3,4,"Yes","No","No","Never",6.8,"Sometimes","Yes","Excellent",3
"GESS-S0235","SCH-007","Greater Accra",5.5165,0.1838,"Male",15,"JHS 3-SHS 1","Boarding","SHS","Civil Servant","Low (<GHS 800)",6,"Both parents",59,53,NA,50,53.5,74.2,3.1,"No","No","No","Sometimes",10,"Never","Yes","Average",3.2
"GESS-S0236","SCH-023","Eastern",6.1967,-0.5875,"Female",16,"SHS 2-3","Boarding","SHS",NA,"Low (<GHS 800)",6,"Single parent",37,42,38,50,41.8,81.4,5.8,"Yes","Yes","Yes","Never",3.9,"Sometimes","No","Average",5.5
"GESS-S0237","SCH-016","Western",4.9388,-2.3721,"Female",19,"SHS 3+","Boarding","SHS","Unemployed","Mid (GHS 800-2000)",11,"Both parents",78,59,71,78,71.5,93.1,2.8,"No","Yes","No","Sometimes",9.7,"Sometimes","Yes","Excellent",0.9
"GESS-S0238","SCH-011","Ahafo",7.0957,-2.5748,"Female",16,"SHS 2-3","Day","Primary","Trader","Mid (GHS 800-2000)",6,"Both parents",62,46,65,65,59.5,99.7,5.4,"Yes","No","Yes","Never",5.2,"Daily","Yes","Good",0.8
"GESS-S0239","SCH-044","Upper East",10.9546,-1.0626,"Female",16,"SHS 2-3","Boarding","Tertiary","Trader","Mid (GHS 800-2000)",9,"Both parents",53,62,56,63,58.5,98.7,3.6,"Yes","No","No","Never",6.9,"Never","Yes","Good",1
"GESS-S0240","SCH-044","Bono East",7.6679,-1.8809,"Female",14,"JHS 3-SHS 1","Day","SHS","Trader","Low (<GHS 800)",7,"Both parents",86,75,77,70,77,87.9,1.2,"No","No","Yes","Never",NA,"Sometimes","Yes","Excellent",2.3
"GESS-S0241","SCH-014","Eastern",6.1692,-0.681,"Male",16,"SHS 2-3","Day","SHS","Farmer","Mid (GHS 800-2000)",7,"Single parent",67,40,50,52,52.2,88.1,4.7,"Yes","Yes","No","Never",6.5,"Sometimes","Yes","Average",2
"GESS-S0242","SCH-093","Ashanti",7.2334,-1.6851,"Male",15,"JHS 3-SHS 1","Day","SHS","Artisan","High (>GHS 2000)",5,"Both parents",77,71,62,79,72.2,81.8,4.5,"Yes","Yes","Yes","Never",4.5,"Daily","Yes","Excellent",2.2
"GESS-S0243","SCH-067","Savannah",8.8364,-2.091,"Female",18,"SHS 3+","Boarding","JHS","Trader","Mid (GHS 800-2000)",10,"Single parent",73,72,NA,75,73.5,78.1,2.5,"No","No","No","Never",8.9,"Never","Yes","Excellent",2.7
"GESS-S0244","SCH-025","Savannah",9.6169,-1.774,"Male",18,"SHS 3+","Day","None","Civil Servant","Low (<GHS 800)",8,"Both parents",60,58,68,72,64.5,63.2,1.2,"No","No","No","Never",8.3,"Daily","Yes","Good",3.7
"GESS-S0245","SCH-028","Bono East",8.1528,-2.0775,"Male",15,"JHS 3-SHS 1","Boarding","JHS","Farmer",NA,6,"Both parents",40,41,29,44,38.5,86.6,2.8,"No","Yes","No","Never",3.2,"Daily","No","Below Average",2.5
"GESS-S0246","SCH-048","Bono",7.5503,-2.1916,"Male",18,"SHS 3+","Day","Primary","Artisan","Low (<GHS 800)",4,"Both parents",39,32,51,48,42.5,100,3,"No","Yes","No","Never",10,"Daily","No","Average",0.6
"GESS-S0247","SCH-099","Upper West",10.8232,-2.951,"Female",15,"JHS 3-SHS 1","Day","Primary","Unemployed","Mid (GHS 800-2000)",6,"Single parent",63,65,44,49,55.2,97.5,3.5,"No","Yes","No","Sometimes",4.2,"Daily","Yes","Good",3.2
"GESS-S0248","SCH-006","Eastern",6.9832,0.0309,"Female",15,"JHS 3-SHS 1","Day","None","Trader","Mid (GHS 800-2000)",9,"Both parents",68,70,47,81,66.5,74.4,1.8,"Yes","No","Yes","Sometimes",6.8,"Never","Yes","Good",1.8
"GESS-S0249","SCH-034","Western",4.9028,-2.3278,"Male",12,"JHS 1-2","Day","None","Trader","Low (<GHS 800)",10,"Both parents",46,41,NA,56,47.8,75.6,3.1,"Yes","No","Yes","Never",5.9,"Daily","No","Average",4.4
"GESS-S0250","SCH-084","Greater Accra",5.7315,-0.0725,"Male",15,"JHS 3-SHS 1","Day","Tertiary","Civil Servant","Mid (GHS 800-2000)",4,"Single parent",47,41,45,38,42.8,NA,0.5,"Yes","Yes","Yes","Sometimes",9,"Never","No","Average",2.4
"GESS-S0251","SCH-025","Upper West",10.5435,-2.7806,"Male",21,"SHS 3+","Boarding","None","Civil Servant","Mid (GHS 800-2000)",2,"Both parents",58,59,63,64,61,74,4.5,"No","Yes","No","Never",3.1,"Daily","Yes","Good",1.7
"GESS-S0252","SCH-041","Greater Accra",5.5039,-0.0932,"Male",15,"JHS 3-SHS 1","Day","SHS","Artisan","Mid (GHS 800-2000)",6,"Both parents",59,76,68,67,67.5,81,3.4,"No","No","Yes","Never",7,"Daily","Yes","Good",2.9
"GESS-S0253","SCH-081","Greater Accra",5.0785,-0.5193,"Female",16,"SHS 2-3","Boarding","Primary","Civil Servant","Mid (GHS 800-2000)",10,"Both parents",55,49,63,66,58.2,69.2,3.8,"Yes","Yes","No","Sometimes",9.8,"Daily","Yes","Good",2.6
"GESS-S0254","SCH-074","North East",10.9716,0.1828,"Female",18,"SHS 3+","Day","JHS","Trader","Low (<GHS 800)",2,"Both parents",40,36,42,35,38.2,92.8,2.6,"No","Yes","No","Never",6.1,"Sometimes","No","Below Average",4
"GESS-S0255","SCH-054","Ahafo",7.529,-1.9976,"Female",12,"JHS 1-2","Day","JHS","Artisan","Mid (GHS 800-2000)",8,"Both parents",66,45,47,54,53,80.6,NA,"Yes","No","No","Never",5.3,"Never","Yes","Average",4.1
"GESS-S0256","SCH-072","Central",5.6049,-0.876,"Male",16,"SHS 2-3","Boarding","Tertiary","Trader","Low (<GHS 800)",5,"Both parents",60,66,63,79,67,NA,3.9,"No","Yes","No","Often",9.4,"Never","Yes","Good",3.8
"GESS-S0257","SCH-050","Greater Accra",5.8316,0.0283,"Male",12,"JHS 1-2","Day","SHS","Farmer","Mid (GHS 800-2000)",5,"Both parents",62,67,69,61,64.8,70.3,3.8,"Yes","Yes","No","Never",5.8,"Daily","Yes","Good",2.8
"GESS-S0258","SCH-025","Ahafo",6.6477,-2.4414,"Female",15,"JHS 3-SHS 1","Boarding","Primary","Professional","High (>GHS 2000)",5,"Both parents",62,48,66,64,60,100,2.8,"No","Yes","No","Often",NA,"Sometimes","Yes","Good",2.4
"GESS-S0259","SCH-013","Northern",9.9248,-1.1732,"Male",11,"JHS 1-2","Day","JHS","Trader","Low (<GHS 800)",6,"Single parent",57,35,54,61,51.8,90.3,0.5,"Yes","No","No","Never",7.9,"Never","Yes","Average",3
"GESS-S0260","SCH-063","Eastern",6.6731,-0.6796,"Female",18,"SHS 3+","Boarding","JHS","Farmer","Low (<GHS 800)",3,"Both parents",52,37,66,47,50.5,93.7,4.5,"No","Yes","Yes","Sometimes",9.1,"Sometimes","Yes","Average",4.5
"GESS-S0261","SCH-085","Western",4.6657,-2.6063,"Female",12,"JHS 1-2","Day","SHS","Artisan","Mid (GHS 800-2000)",1,"Both parents",71,68,60,64,65.8,NA,2.7,"No","No","No","Never",3,"Daily","Yes","Good",1.9
"GESS-S0262","SCH-022","Ashanti",7.1535,-2.0221,"Male",18,"SHS 3+","Day","Tertiary","Farmer","Mid (GHS 800-2000)",7,"Both parents",44,61,61,63,57.2,74.2,3,"No","No","No","Often",7.9,"Daily","Yes","Good",1.6
"GESS-S0263","SCH-052","Ashanti",6.6383,-1.63,"Female",14,"JHS 3-SHS 1","Boarding","JHS","Artisan","Mid (GHS 800-2000)",7,"Single parent",66,40,36,50,48,90.6,2.5,"Yes","Yes","No","Sometimes",7.2,"Sometimes","No","Average",1.6
"GESS-S0264","SCH-084","Ashanti",7.147,-1.6274,"Male",16,"SHS 2-3","Day","Primary","Unemployed","High (>GHS 2000)",8,"Both parents",65,56,42,53,54,83.2,2.9,"Yes","Yes","No","Never",5.9,"Never","Yes","Average",2.8
"GESS-S0265","SCH-010","Eastern",5.8695,-0.0748,"Female",17,"SHS 2-3","Day","Primary","Artisan","Mid (GHS 800-2000)",2,"Both parents",100,97,100,100,99.2,80.6,3.2,"Yes","Yes","No","Often",3.2,"Daily","Yes","Excellent",0.4
"GESS-S0266","SCH-018","Greater Accra",5.1034,0.391,"Male",11,"JHS 1-2","Day","None","Unemployed","Mid (GHS 800-2000)",4,"Both parents",58,51,53,32,48.5,84.6,4.3,"No","Yes","Yes","Sometimes",3.9,"Daily","No","Average",3.1
"GESS-S0267","SCH-007","Greater Accra",5.0032,0.3132,"Female",17,"SHS 2-3","Day","JHS","Professional","Low (<GHS 800)",9,"Both parents",45,51,67,54,54.2,78.1,0.5,"Yes","No","Yes","Never",3,"Never","Yes","Average",4.5
"GESS-S0268","SCH-006","Eastern",6.1211,-0.8362,"Female",18,"SHS 3+","Boarding","JHS","Farmer","Low (<GHS 800)",4,"Orphan",38,19,NA,36,33.2,84.8,4.6,"No","No","No","Sometimes",5,"Sometimes","No","Below Average",5.2
"GESS-S0269","SCH-021","Central",5.893,-0.5205,"Male",16,"SHS 2-3","Day","SHS","Civil Servant","Low (<GHS 800)",4,"Both parents",53,58,61,64,59,67.1,2.5,"No","No","Yes","Never",6.3,"Never","Yes","Good",2.5
"GESS-S0270","SCH-098","Ashanti",6.649,-1.7842,"Male",17,"SHS 2-3","Boarding","Tertiary","Trader","Low (<GHS 800)",3,"Both parents",64,46,48,48,51.5,71.7,2.9,"No","Yes","No","Never",5.6,"Daily","Yes","Average",5.9
"GESS-S0271","SCH-065","Eastern",6.977,-0.166,"Male",15,"JHS 3-SHS 1","Day","Primary","Civil Servant","Low (<GHS 800)",7,"Both parents",80,77,73,74,76,79.6,NA,"No","No","Yes","Often",5.2,"Sometimes","Yes","Excellent",4.1
"GESS-S0272","SCH-012","Western",5.1706,-1.9931,"Male",17,"SHS 2-3","Boarding","Primary","Unemployed","Low (<GHS 800)",6,"Both parents",38,33,42,35,37,79.5,NA,"No","No","No","Never",5.8,"Never","No","Below Average",4.6
"GESS-S0273","SCH-079","Upper East",10.3772,-0.5021,"Female",15,"JHS 3-SHS 1","Boarding","SHS","Professional","Low (<GHS 800)",6,"Single parent",61,41,67,68,59.2,63,4.6,"No","Yes","No","Often",5.3,"Sometimes","Yes","Good",2.7
"GESS-S0274","SCH-063","Northern",10.1114,-0.8904,"Male",16,"SHS 2-3","Day","JHS","Civil Servant","Mid (GHS 800-2000)",4,"Both parents",88,84,81,78,82.8,76,1.3,"No","Yes","Yes","Never",9.4,"Daily","Yes","Excellent",0.9
"GESS-S0275","SCH-075","Upper West",10.077,-3.0276,"Female",13,"JHS 1-2","Day","SHS","Farmer","Low (<GHS 800)",7,"Single parent",69,72,NA,65,70.8,87.8,4.4,"No","Yes","No","Sometimes",9.4,"Sometimes","Yes","Excellent",1.9
"GESS-S0276","SCH-039","Oti",7.4968,0.2133,"Male",18,"SHS 3+","Day","Primary","Artisan","Low (<GHS 800)",6,"Both parents",50,50,29,48,44.2,65.4,2.6,"No","No","No","Sometimes",2.6,"Sometimes","No","Average",3.5
"GESS-S0277","SCH-074","Ashanti",6.6853,-1.5331,"Male",13,"JHS 1-2","Day","JHS","Unemployed","High (>GHS 2000)",1,"Both parents",71,55,60,70,64,86.5,4.6,"No","Yes","Yes","Never",3.8,"Daily","Yes","Good",0.5
"GESS-S0278","SCH-072","North East",10.161,0.1366,"Male",15,"JHS 3-SHS 1","Day","JHS","Farmer","Low (<GHS 800)",5,"Single parent",66,80,86,82,78.5,75.4,4.8,"Yes","Yes","No","Never",9.1,"Daily","Yes","Excellent",3.1
"GESS-S0279","SCH-068","Ashanti",6.5249,-2.1045,"Female",15,"JHS 3-SHS 1","Day","Tertiary","Artisan","Mid (GHS 800-2000)",2,"Both parents",59,48,57,64,57,86.2,0.5,"No","Yes","Yes","Never",6,"Sometimes","Yes","Good",1.5
"GESS-S0280","SCH-032","Northern",9.2953,-1.3918,"Female",14,"JHS 3-SHS 1","Boarding","Tertiary","Trader","Mid (GHS 800-2000)",8,"Both parents",70,57,54,60,60.2,NA,1.6,"No","No","No","Never",3.5,"Sometimes","Yes","Good",2.5
"GESS-S0281","SCH-020","Upper West",9.6875,-2.4671,"Female",16,"SHS 2-3","Boarding","SHS","Trader","High (>GHS 2000)",5,"Single parent",60,55,81,48,61,79.4,2.7,"Yes","Yes","No","Sometimes",4,"Never","Yes","Good",3.3
"GESS-S0282","SCH-002","Greater Accra",5.4073,0.0886,"Female",17,"SHS 2-3","Boarding","None","Trader","Mid (GHS 800-2000)",6,"Single parent",74,65,51,49,59.8,76.7,3.9,"Yes","Yes","No","Never",6.6,"Daily","Yes","Good",2.7
"GESS-S0283","SCH-067","Western North",6.8908,-2.3455,"Female",18,"SHS 3+","Boarding","Tertiary","Civil Servant","High (>GHS 2000)",5,"Single parent",59,48,37,45,47.2,100,4.4,"Yes","No","No","Never",4.4,"Daily","No","Average",1.4
"GESS-S0284","SCH-095","Ashanti",6.7552,-1.3197,"Male",16,"SHS 2-3","Boarding","None","Trader","High (>GHS 2000)",6,"Both parents",64,57,60,78,64.8,73.1,NA,"No","Yes","Yes","Never",6.2,"Sometimes","Yes","Good",2.3
"GESS-S0285","SCH-045","Upper East",11.0454,-1.4076,"Female",15,"JHS 3-SHS 1","Day","SHS","Civil Servant","High (>GHS 2000)",6,"Both parents",66,58,60,62,61.5,77.5,3.3,"Yes","No","No","Never",4.8,"Never","Yes","Good",4.3
"GESS-S0286","SCH-090","Ahafo",7.0652,-2.8725,"Female",16,"SHS 2-3","Boarding","SHS","Civil Servant","Mid (GHS 800-2000)",6,"Single parent",72,68,68,49,64.2,91.5,4.2,"Yes","No","No","Never",3.5,"Daily","Yes","Good",0.5
"GESS-S0287","SCH-039","Upper West",10.0667,-2.166,"Female",14,"JHS 3-SHS 1","Boarding","None","Professional","High (>GHS 2000)",4,"Both parents",56,76,68,74,68.5,67.2,4.7,"No","Yes","No","Never",6.7,"Never","Yes","Good",3.1
"GESS-S0288","SCH-036","Western",4.7913,-1.8217,"Female",19,"SHS 3+","Day","None","Farmer","Mid (GHS 800-2000)",4,"Orphan",32,24,39,42,34.2,84.6,4.2,"Yes","No","No","Never",5.3,"Sometimes","No","Below Average",3.7
"GESS-S0289","SCH-090","North East",10.8193,0.2252,"Male",16,"SHS 2-3","Day","None","Professional","Mid (GHS 800-2000)",5,"Both parents",56,45,44,65,52.5,60.3,2.3,"Yes","Yes","Yes","Never",3.4,"Sometimes","Yes","Average",1.8
"GESS-S0290","SCH-048","Upper West",10.4642,-2.4232,"Female",16,"SHS 2-3","Boarding","Primary","Artisan","High (>GHS 2000)",5,"Both parents",63,55,64,71,63.2,85.4,4.2,"Yes","Yes","No","Never",8.5,"Daily","Yes","Good",NA
"GESS-S0291","SCH-020","Northern",8.9639,-0.3825,"Female",13,"JHS 1-2","Day","Primary","Artisan","Low (<GHS 800)",9,"Single parent",80,60,58,60,64.5,58.9,0.5,"Yes","No","No","Never",7.1,"Never","Yes","Good",2.9
"GESS-S0292","SCH-087","Greater Accra",5.8108,0.3087,"Male",16,"SHS 2-3","Boarding","SHS",NA,"Mid (GHS 800-2000)",4,"Both parents",76,83,90,84,83.2,79.7,NA,"Yes","Yes","Yes","Often",6.1,"Never","Yes","Excellent",2.1
"GESS-S0293","SCH-041","Volta",7.0852,1.0515,"Male",13,"JHS 1-2","Day","Primary","Civil Servant","Low (<GHS 800)",13,"Both parents",78,53,51,86,67,70.2,2.2,"Yes","No","No","Sometimes",4.2,"Daily","Yes","Good",4.1
"GESS-S0294","SCH-090","Ashanti",7.0659,-1.7695,"Female",17,"SHS 2-3","Day","SHS","Farmer","Low (<GHS 800)",5,"Both parents",75,84,74,72,76.2,NA,1.8,"Yes","Yes","Yes","Never",10,"Daily","Yes","Excellent",3.4
"GESS-S0295","SCH-080","Northern",10.0962,-0.7481,"Female",14,"JHS 3-SHS 1","Boarding","SHS","Farmer","Mid (GHS 800-2000)",6,"Single parent",56,35,52,34,44.2,66.3,4.4,"No","Yes","No","Sometimes",5.6,"Daily","No","Average",2.5
"GESS-S0296","SCH-017","Central",5.6296,-0.5472,"Male",12,"JHS 1-2","Boarding","JHS","Professional","Low (<GHS 800)",3,"Both parents",83,77,84,88,83,75.3,6.9,"Yes","Yes","No","Never",7,"Daily","Yes","Excellent",1.7
"GESS-S0297","SCH-038","Ahafo",6.8606,-3.092,"Female",14,"JHS 3-SHS 1","Boarding","Primary","Artisan","Low (<GHS 800)",3,"Both parents",70,52,49,40,52.8,74,6.1,"No","No","No","Sometimes",4.6,"Daily","Yes","Average",3.3
"GESS-S0298","SCH-077","Upper West",9.6795,-2.4406,"Male",14,"JHS 3-SHS 1","Day","Primary","Trader","Mid (GHS 800-2000)",6,"Both parents",64,67,57,65,63.2,76.3,2,"No","Yes","No","Sometimes",8.6,"Never","Yes","Good",2.2
"GESS-S0299","SCH-003","Greater Accra",5.9401,0.1537,"Female",11,"JHS 1-2","Boarding","Primary","Civil Servant","Mid (GHS 800-2000)",4,"Both parents",40,NA,24,30,27.8,93.3,3.7,"No","Yes","No","Sometimes",9.4,"Daily","No","Below Average",3.5
"GESS-S0300","SCH-036","Greater Accra",5.3054,-0.5566,"Female",12,"JHS 1-2","Day","Primary","Farmer","Mid (GHS 800-2000)",3,"Both parents",82,87,75,82,81.5,85.1,1.3,"Yes","Yes","No","Never",4.7,"Daily","Yes","Excellent",2
"GESS-S0301","SCH-065","Ashanti",6.6532,-2.0078,"Female",15,"JHS 3-SHS 1","Day","Primary","Professional","Low (<GHS 800)",5,"Single parent",78,72,91,88,82.2,100,0.9,"No","Yes","No","Never",7.7,"Daily","Yes","Excellent",3.8
"GESS-S0302","SCH-060","Ashanti",6.5583,-2.2051,"Female",19,"SHS 3+","Day","JHS","Trader","Low (<GHS 800)",3,"Both parents",65,62,61,57,61.2,71.1,1.1,"Yes","Yes","No","Never",5.2,"Daily","Yes","Good",3.1
"GESS-S0303","SCH-071","Ashanti",6.4127,-2.1389,"Female",15,"JHS 3-SHS 1","Boarding","None","Farmer","Low (<GHS 800)",5,"Both parents",49,60,61,54,56,78,2.9,"No","No","Yes","Often",9.5,"Daily","Yes","Good",4.3
"GESS-S0304","SCH-034","Western North",6.8192,-3.186,"Male",14,"JHS 3-SHS 1","Day","SHS","Artisan","Low (<GHS 800)",6,"Orphan",89,85,82,65,80.2,88.3,3,"Yes","Yes","Yes","Sometimes",4.5,"Never","Yes","Excellent",2.2
"GESS-S0305","SCH-006","Ashanti",6.8061,-1.7171,"Female",15,"JHS 3-SHS 1","Day","None","Artisan","Low (<GHS 800)",5,"Orphan",85,53,73,65,69,79.7,3.3,"No","No","Yes","Never",9.5,"Sometimes","Yes","Good",1.2
"GESS-S0306","SCH-039","Greater Accra",5.8022,-0.721,"Female",16,"SHS 2-3","Boarding","JHS","Professional","High (>GHS 2000)",4,"Both parents",85,75,84,85,82.2,100,NA,"Yes","No","Yes","Never",5.6,"Never","Yes","Excellent",0.2
"GESS-S0307","SCH-053","Greater Accra",5.1634,-0.5119,"Female",17,"SHS 2-3","Day","None","Farmer","Low (<GHS 800)",7,"Single parent",73,NA,36,61,52.5,94.4,NA,"Yes","No","No","Often",5.6,"Sometimes","Yes","Average",3.2
"GESS-S0308","SCH-040","Greater Accra",5.6346,0.0541,"Male",19,"SHS 3+","Boarding","None","Trader","Mid (GHS 800-2000)",4,"Both parents",57,59,50,56,55.5,80.9,5.9,"No","Yes","No","Never",4.2,"Never","Yes","Good",3.6
"GESS-S0309","SCH-084","Greater Accra",5.7156,0.1884,"Female",12,"JHS 1-2","Boarding","Primary","Artisan","Mid (GHS 800-2000)",3,"Both parents",77,62,55,58,63,79.9,5.6,"No","Yes","No","Never",5.3,"Never","Yes","Good",3
"GESS-S0310","SCH-081","Central",5.0922,-1.1079,"Male",15,"JHS 3-SHS 1","Day","None","Farmer","Mid (GHS 800-2000)",8,"Both parents",73,64,NA,71,69.8,NA,4.7,"No","No","Yes","Never",NA,"Daily","Yes","Good",3.1
"GESS-S0311","SCH-031","Ahafo",7.3365,-2.9387,"Female",15,"JHS 3-SHS 1","Day","Primary","Civil Servant","Mid (GHS 800-2000)",6,"Both parents",54,63,61,42,55,89.4,3.7,"No","Yes","No","Often",8.9,"Sometimes","Yes","Average",3
"GESS-S0312","SCH-077","Northern",9.1844,-0.5253,"Male",15,"JHS 3-SHS 1","Day","None","Farmer","Low (<GHS 800)",5,"Both parents",77,68,60,62,66.8,81.2,3.8,"No","Yes","No","Never",3.8,"Daily","Yes","Good",2.6
"GESS-S0313","SCH-072","Western",5.4226,-2.6081,"Male",16,"SHS 2-3","Boarding","Tertiary","Farmer","Mid (GHS 800-2000)",5,"Both parents",76,55,60,58,62.2,79.6,NA,"No","Yes","No","Often",9.7,"Never","Yes","Good",NA
"GESS-S0314","SCH-030","Western North",6.6866,-3.0974,"Male",16,"SHS 2-3","Day","Primary","Artisan","Mid (GHS 800-2000)",8,"Orphan",71,52,78,68,67.2,82.2,3.3,"No","Yes","No","Never",6.2,"Daily","Yes","Good",2.9
"GESS-S0315","SCH-052","Northern",9.0355,-1.177,"Male",18,"SHS 3+","Boarding","SHS","Artisan","Mid (GHS 800-2000)",4,"Both parents",72,81,73,76,75.5,77.4,3.4,"No","Yes","No","Never",NA,"Sometimes","Yes","Excellent",2.2
"GESS-S0316","SCH-019","Eastern",6.6011,-0.0371,"Female",16,"SHS 2-3","Day","JHS","Farmer","Mid (GHS 800-2000)",8,"Both parents",67,74,64,72,69.2,62.7,2.6,"No","No","Yes","Never",2,"Daily","Yes","Good",2.2
"GESS-S0317","SCH-073","Northern",9.502,-1.4177,"Female",16,"SHS 2-3","Boarding","SHS","Farmer","Low (<GHS 800)",5,"Single parent",84,94,89,72,84.8,64.2,1.9,"Yes","No","No","Often",5.7,"Daily","Yes","Excellent",0.6
"GESS-S0318","SCH-059","Upper West",9.6782,-2.1939,"Male",17,"SHS 2-3","Day","Tertiary","Farmer","High (>GHS 2000)",3,"Both parents",75,62,40,55,58,85.9,4,"Yes","Yes","No","Sometimes",6,"Never","Yes","Good",4.1
"GESS-S0319","SCH-021","Western North",5.8286,-3.2824,"Female",15,"JHS 3-SHS 1","Day","SHS","Artisan","High (>GHS 2000)",8,"Both parents",74,96,81,66,79.2,NA,3.5,"No","No","Yes","Never",7.6,"Sometimes","Yes","Excellent",3
"GESS-S0320","SCH-030","Northern",9.0503,-0.8012,"Male",19,"SHS 3+","Day","SHS","Professional","Mid (GHS 800-2000)",4,"Both parents",78,NA,69,64,74,83.5,3.3,"Yes","No","No","Never",4.6,"Sometimes","Yes","Excellent",2.3
"GESS-S0321","SCH-007","Western",5.1845,-1.6178,"Male",14,"JHS 3-SHS 1","Boarding","JHS","Trader","Low (<GHS 800)",9,"Single parent",56,47,62,59,56,77.3,4.1,"No","No","No","Never",2.1,"Daily","Yes","Good",3.2
"GESS-S0322","SCH-018","Western North",6.2744,-2.6608,"Male",13,"JHS 1-2","Day","None","Unemployed","Mid (GHS 800-2000)",4,"Both parents",45,44,27,29,36.2,85,2.5,"No","No","No","Sometimes",NA,"Daily","No","Below Average",2.5
"GESS-S0323","SCH-050","Eastern",6.6813,-0.8415,"Female",13,"JHS 1-2","Day","Primary",NA,"Mid (GHS 800-2000)",5,"Both parents",51,60,45,64,55,63.7,2.5,"No","Yes","Yes","Never",3.3,"Daily","Yes","Average",4.3
"GESS-S0324","SCH-011","Ahafo",6.7164,-3.083,"Male",13,"JHS 1-2","Boarding","Primary","Farmer","Mid (GHS 800-2000)",3,"Both parents",55,51,59,51,54,77.8,NA,"Yes","No","Yes","Sometimes",3.7,"Sometimes","Yes","Average",2.6
"GESS-S0325","SCH-064","North East",10.9454,-0.8524,"Male",19,"SHS 3+","Boarding","SHS","Professional","Low (<GHS 800)",7,"Both parents",74,68,99,89,82.5,84.8,1.9,"No","Yes","No","Sometimes",6.1,"Daily","Yes","Excellent",2.4
"GESS-S0326","SCH-060","Eastern",6.5095,-0.4805,"Male",17,"SHS 2-3","Boarding","SHS","Trader","Low (<GHS 800)",9,"Single parent",34,44,43,45,41.5,91.7,6.8,"Yes","Yes","No","Sometimes",4,"Sometimes","No","Average",NA
"GESS-S0327","SCH-010","Bono",8.1138,-2.7901,"Female",14,"JHS 3-SHS 1","Day","Primary","Artisan","Low (<GHS 800)",1,"Both parents",60,57,70,69,64,72.9,1.9,"No","Yes","No","Sometimes",9.7,"Sometimes","Yes","Good",1.5
"GESS-S0328","SCH-090","Ahafo",7.1346,-3.0477,"Female",20,"SHS 3+","Day","SHS","Artisan","Low (<GHS 800)",4,"Both parents",76,70,68,68,70.5,91.2,2.2,"No","Yes","No","Never",6,"Sometimes","Yes","Excellent",1.4
"GESS-S0329","SCH-033","Greater Accra",5.4122,0.0696,"Male",17,"SHS 2-3","Day","Primary","Farmer","Low (<GHS 800)",2,"Both parents",70,NA,75,78,71.2,85,4.6,"Yes","Yes","No","Never",4.1,"Sometimes","Yes","Excellent",3.5
"GESS-S0330","SCH-036","Savannah",8.7279,-2.3686,"Female",14,"JHS 3-SHS 1","Boarding","JHS","Artisan","Mid (GHS 800-2000)",5,"Single parent",64,76,48,51,59.8,88.6,3.9,"No","Yes","No","Never",3.1,"Sometimes","Yes","Good",2.4
"GESS-S0331","SCH-035","Upper East",11.1407,-0.8416,"Male",14,"JHS 3-SHS 1","Boarding","JHS","Farmer","High (>GHS 2000)",5,"Single parent",78,57,72,64,67.8,86.3,4.5,"Yes","Yes","No","Often",3.2,"Never","Yes","Good",2.3
"GESS-S0332","SCH-058","Oti",7.9693,0.2174,"Male",15,"JHS 3-SHS 1","Day","JHS","Civil Servant","Mid (GHS 800-2000)",3,"Orphan",35,NA,NA,56,48.5,81.7,3.7,"Yes","No","Yes","Never",1.9,"Daily","No","Average",5.5
"GESS-S0333","SCH-084","Eastern",6.529,-0.1272,"Female",13,"JHS 1-2","Day","JHS","Farmer","Low (<GHS 800)",11,"Both parents",58,58,52,49,54.2,85,2.6,"No","Yes","No","Often",5.2,"Sometimes","Yes","Average",4
"GESS-S0334","SCH-037","Western North",5.837,-2.1479,"Female",14,"JHS 3-SHS 1","Boarding","SHS","Farmer","Low (<GHS 800)",7,"Both parents",60,NA,76,66,63.5,70.1,3.3,"No","Yes","Yes","Never",4.8,"Never","Yes","Good",3.9
"GESS-S0335","SCH-093","Greater Accra",5.9036,-0.422,"Female",18,"SHS 3+","Boarding","SHS","Civil Servant","Mid (GHS 800-2000)",6,"Both parents",90,78,69,90,81.8,87.6,0.9,"Yes","No","No","Sometimes",5.2,"Sometimes","Yes","Excellent",0.9
"GESS-S0336","SCH-093","Bono",8.077,-2.5877,"Female",17,"SHS 2-3","Boarding","SHS","Civil Servant","Mid (GHS 800-2000)",8,"Both parents",56,60,51,58,56.2,92.1,6.1,"No","Yes","No","Sometimes",9,"Never","Yes","Good",4.1
"GESS-S0337","SCH-040","Eastern",6.2094,-0.7368,"Female",20,"SHS 3+","Boarding","Primary",NA,"Mid (GHS 800-2000)",1,"Both parents",69,68,68,76,70.2,93.8,2.2,"Yes","No","Yes","Sometimes",7.3,"Daily","Yes","Excellent",1.8
"GESS-S0338","SCH-005","Savannah",8.997,-1.9844,"Male",16,"SHS 2-3","Day","JHS","Professional","Mid (GHS 800-2000)",1,"Both parents",55,73,57,58,60.8,66.5,5.2,"Yes","Yes","No","Never",5.9,"Never","Yes","Good",3.8
"GESS-S0339","SCH-047","Greater Accra",5.1058,-0.0616,"Male",14,"JHS 3-SHS 1","Day","Tertiary","Trader","Low (<GHS 800)",6,"Both parents",39,29,31,48,36.8,91.1,2.2,"Yes","Yes","No","Often",4.1,"Daily","No","Below Average",3.4
"GESS-S0340","SCH-037","Ashanti",6.4985,-2.2158,"Female",15,"JHS 3-SHS 1","Boarding","SHS","Civil Servant","Mid (GHS 800-2000)",4,"Both parents",62,77,64,53,64,70.2,3.7,"No","Yes","No","Never",5.7,"Sometimes","Yes","Good",2.8
"GESS-S0341","SCH-016","Greater Accra",5.0984,-0.5956,"Male",15,"JHS 3-SHS 1","Boarding","SHS","Farmer","Mid (GHS 800-2000)",6,"Single parent",44,NA,47,55,49.5,NA,3.8,"Yes","Yes","Yes","Never",6.8,"Sometimes","No","Average",2.8
"GESS-S0342","SCH-090","Western",5.1202,-2.1411,"Female",19,"SHS 3+","Boarding","Primary","Farmer",NA,5,"Both parents",87,80,82,78,81.8,68.6,1.9,"No","Yes","Yes","Never",2.4,"Never","Yes","Excellent",1.5
"GESS-S0343","SCH-077","Bono",8.1627,-2.3881,"Female",14,"JHS 3-SHS 1","Day","SHS","Trader","High (>GHS 2000)",2,"Single parent",67,68,57,65,64.2,75.4,3.8,"Yes","Yes","Yes","Sometimes",8.4,"Sometimes","Yes","Good",3.5
"GESS-S0344","SCH-055","Western North",6.3579,-2.7622,"Female",21,"SHS 3+","Day","Primary","Professional","Mid (GHS 800-2000)",6,"Single parent",67,68,70,71,69,77.8,4.2,"No","No","Yes","Sometimes",8.6,"Sometimes","Yes","Good",2.2
"GESS-S0345","SCH-020","Western",5.4806,-2.4135,"Female",15,"JHS 3-SHS 1","Day","None","Artisan","Mid (GHS 800-2000)",5,"Orphan",25,23,35,31,28.5,73.8,2.1,"Yes","No","Yes","Never",7.9,"Never","No","Below Average",3.9
"GESS-S0346","SCH-024","Western",4.8469,-2.536,"Female",15,"JHS 3-SHS 1","Boarding","None","Trader","Mid (GHS 800-2000)",6,"Both parents",71,59,57,72,64.8,66.8,3.4,"No","Yes","No","Never",10,"Daily","Yes","Good",3.4
"GESS-S0347","SCH-010","Ahafo",6.8772,-2.1071,"Female",15,"JHS 3-SHS 1","Day","Tertiary","Farmer","Low (<GHS 800)",6,"Both parents",30,57,63,47,49.2,92.6,3.3,"No","No","No","Sometimes",5.6,"Sometimes","No","Average",3.1
"GESS-S0348","SCH-075","Eastern",6.8442,0.1472,"Female",16,"SHS 2-3","Boarding","Primary","Farmer","Low (<GHS 800)",6,"Both parents",57,67,50,55,57.2,84.2,3.3,"Yes","Yes","No","Sometimes",6.2,"Never","Yes","Good",3.2
"GESS-S0349","SCH-015","Bono East",7.8774,-1.4371,"Female",16,"SHS 2-3","Day","SHS","Trader","Low (<GHS 800)",7,"Single parent",77,64,64,54,64.8,78.2,3.6,"Yes","No","Yes","Never",7.6,"Daily","Yes","Good",0.8
"GESS-S0350","SCH-083","Ahafo",7.4939,-2.8543,"Female",12,"JHS 1-2","Boarding","JHS","Trader","Mid (GHS 800-2000)",4,"Both parents",52,66,61,56,58.8,95.2,5.1,"Yes","Yes","No","Never",7.8,"Sometimes","Yes","Good",0.2
"GESS-S0351","SCH-001","Western North",6.0515,-2.6763,"Female",17,"SHS 2-3","Boarding","Tertiary","Professional","Mid (GHS 800-2000)",7,"Both parents",57,62,71,64,63.5,95.5,3.5,"Yes","Yes","No","Sometimes",7.1,"Sometimes","Yes","Good",2.3
"GESS-S0352","SCH-077","Savannah",9.104,-1.6589,"Female",16,"SHS 2-3","Boarding","SHS","Civil Servant","Mid (GHS 800-2000)",6,"Both parents",64,33,59,38,48.5,83.3,2.8,"Yes","Yes","No","Often",8.1,"Daily","No","Average",3.8
"GESS-S0353","SCH-055","Ashanti",7.1553,-2.1327,"Female",14,"JHS 3-SHS 1","Day","Primary","Trader","High (>GHS 2000)",6,"Orphan",40,36,37,40,38.2,65.6,1.5,"No","No","Yes","Sometimes",NA,"Never","No","Below Average",6.1
"GESS-S0354","SCH-078","Western",5.4103,-1.6783,"Female",14,"JHS 3-SHS 1","Boarding","JHS","Trader","Mid (GHS 800-2000)",2,"Orphan",45,51,41,54,47.8,100,5.8,"Yes","Yes","No","Never",4.2,"Never","No","Average",3.3
"GESS-S0355","SCH-032","Eastern",6.7098,-0.0935,"Male",18,"SHS 3+","Day","SHS","Unemployed","Mid (GHS 800-2000)",2,"Both parents",55,52,49,55,52.8,85,3.3,"Yes","No","Yes","Sometimes",8.6,"Never","Yes","Average",3.4
"GESS-S0356","SCH-031","Northern",10.14,-0.6773,"Female",16,"SHS 2-3","Day","SHS","Artisan","Low (<GHS 800)",3,"Single parent",79,76,65,64,71,75.4,2.8,"No","No","Yes","Never",5.4,"Daily","Yes","Excellent",2.8
"GESS-S0357","SCH-082","Greater Accra",5.3822,0.1786,"Female",19,"SHS 3+","Day","SHS","Professional","High (>GHS 2000)",8,"Both parents",99,85,72,93,87.2,83,3.8,"No","Yes","Yes","Sometimes",5.9,"Never","Yes","Excellent",2.8
"GESS-S0358","SCH-039","Savannah",9.3556,-1.2858,"Male",14,"JHS 3-SHS 1","Day","JHS","Farmer","Mid (GHS 800-2000)",1,"Both parents",71,61,53,73,64.5,54.3,2.3,"Yes","No","No","Never",5.3,"Never","Yes","Good",3.8
"GESS-S0359","SCH-098","Western North",6.8333,-3.149,"Female",14,"JHS 3-SHS 1","Boarding","JHS","Professional","Mid (GHS 800-2000)",4,"Single parent",73,70,63,70,69,79.2,5.3,"No","No","No","Never",1,"Daily","Yes","Good",2.3
"GESS-S0360","SCH-001","Greater Accra",5.8166,-0.1769,"Female",16,"SHS 2-3","Day","Primary","Farmer","Mid (GHS 800-2000)",5,"Both parents",73,55,66,60,63.5,73.4,4.4,"Yes","No","No","Never",4.5,"Daily","Yes","Good",0.4
"GESS-S0361","SCH-077","Volta",6.841,0.7185,"Female",16,"SHS 2-3","Day","Tertiary","Farmer","Low (<GHS 800)",1,"Both parents",76,65,66,83,72.5,76.1,0.5,"No","Yes","No","Sometimes",5.1,"Daily","Yes","Excellent",1.7
"GESS-S0362","SCH-025","Ashanti",6.9692,-2.2003,"Male",15,"JHS 3-SHS 1","Boarding","Primary","Trader","Low (<GHS 800)",4,"Orphan",56,60,51,62,57.2,52.4,5.3,"Yes","No","No","Sometimes",4,"Sometimes","Yes","Good",2.6
"GESS-S0363","SCH-020","Volta",6.4019,0.855,"Female",17,"SHS 2-3","Boarding","None","Artisan","High (>GHS 2000)",4,"Single parent",63,36,48,42,47.2,87.7,4.5,"Yes","Yes","No","Never",5.9,"Sometimes","No","Average",3.6
"GESS-S0364","SCH-046","Bono",8.2157,-2.5991,"Female",15,"JHS 3-SHS 1","Boarding","Tertiary","Trader",NA,5,"Both parents",73,67,67,61,67,NA,3.4,"Yes","No","No","Never",8.1,"Never","Yes","Good",3.6
"GESS-S0365","SCH-028","Eastern",6.4396,0.0816,"Male",15,"JHS 3-SHS 1","Day","JHS","Trader","Mid (GHS 800-2000)",8,"Both parents",64,62,71,63,65,85.4,3.9,"Yes","No","Yes","Never",6.4,"Daily","Yes","Good",3.2
"GESS-S0366","SCH-066","Western North",6.7959,-2.8861,"Male",17,"SHS 2-3","Day","SHS","Artisan","Mid (GHS 800-2000)",1,"Both parents",88,86,71,80,81.2,65.1,3.4,"No","No","No","Never",4.6,"Sometimes","Yes","Excellent",2.3
"GESS-S0367","SCH-095","Greater Accra",5.9604,-0.414,"Male",18,"SHS 3+","Day","JHS","Artisan","Mid (GHS 800-2000)",5,"Both parents",83,69,65,87,76,94.1,2.1,"Yes","Yes","No","Sometimes",5.5,"Never","Yes","Excellent",0.4
"GESS-S0368","SCH-054","Ashanti",7.146,-1.0316,"Male",15,"JHS 3-SHS 1","Day","None","Professional","High (>GHS 2000)",4,"Both parents",39,55,NA,46,45.8,92.1,2.9,"Yes","No","No","Never",4,"Daily","No","Average",2.2
"GESS-S0369","SCH-098","Northern",9.9919,-0.7627,"Male",12,"JHS 1-2","Day","JHS","Artisan","Mid (GHS 800-2000)",3,"Single parent",69,66,87,76,74.5,76.7,3,"Yes","No","No","Never",5.2,"Never","Yes","Excellent",2.7
"GESS-S0370","SCH-018","Upper East",10.7254,-0.54,"Female",16,"SHS 2-3","Day","None","Artisan","High (>GHS 2000)",5,"Both parents",39,33,40,40,38,82.9,3.9,"Yes","Yes","Yes","Never",6.3,"Never","No","Below Average",1.1
"GESS-S0371","SCH-022","Bono",7.0937,-2.8104,"Male",11,"JHS 1-2","Day","SHS","Farmer","Mid (GHS 800-2000)",5,"Both parents",54,61,70,40,56.2,71.9,1.9,"No","Yes","No","Never",4.7,"Never","Yes","Good",2
"GESS-S0372","SCH-026","Eastern",6.8188,-0.1425,"Female",16,"SHS 2-3","Boarding","JHS","Farmer","Low (<GHS 800)",6,"Both parents",54,56,64,51,56.2,82.9,2.7,"No","Yes","Yes","Never",3.9,"Never","Yes","Good",2.2
"GESS-S0373","SCH-053","Greater Accra",5.624,-0.4795,"Female",13,"JHS 1-2","Day","SHS","Farmer","Mid (GHS 800-2000)",4,"Both parents",85,50,68,93,74,91.7,3.4,"Yes","No","Yes","Sometimes",5.4,"Sometimes","Yes","Excellent",2.2
"GESS-S0374","SCH-036","Savannah",9.0429,-1.4989,"Male",18,"SHS 3+","Day","None","Professional","Mid (GHS 800-2000)",1,"Both parents",66,69,72,70,69.2,74,3.5,"Yes","Yes","No","Never",6,"Daily","Yes","Good",2.9
"GESS-S0375","SCH-033","North East",10.3207,-0.4319,"Male",13,"JHS 1-2","Boarding","SHS","Civil Servant","Mid (GHS 800-2000)",4,"Both parents",35,36,56,50,44.2,83.9,4.6,"Yes","Yes","No","Never",4.4,"Sometimes","No","Average",3.1
"GESS-S0376","SCH-064","North East",10.1217,-0.0557,"Male",14,"JHS 3-SHS 1","Day","JHS","Farmer","Low (<GHS 800)",2,"Both parents",44,50,43,53,47.5,100,3.9,"No","Yes","No","Never",6.5,"Daily","No","Average",4.3
"GESS-S0377","SCH-075","Western North",6.0883,-2.5298,"Male",16,"SHS 2-3","Boarding","None","Unemployed","Mid (GHS 800-2000)",3,"Orphan",79,68,73,69,72.2,81.2,3.8,"Yes","No","No","Often",10,"Daily","Yes","Excellent",2.8
"GESS-S0378","SCH-088","Greater Accra",5.4639,-0.6641,"Male",14,"JHS 3-SHS 1","Boarding","SHS","Civil Servant","Mid (GHS 800-2000)",6,"Both parents",73,97,71,84,81.2,86.4,5.3,"No","Yes","No","Never",1.1,"Sometimes","Yes","Excellent",1.1
"GESS-S0379","SCH-019","Ahafo",6.4132,-2.4942,"Female",17,"SHS 2-3","Day","SHS",NA,"High (>GHS 2000)",4,"Single parent",87,92,73,80,83,98.3,2.8,"Yes","Yes","No","Often",5.8,"Never","Yes","Excellent",0.6
"GESS-S0380","SCH-011","Ashanti",6.2649,-1.8915,"Female",15,"JHS 3-SHS 1","Day","JHS","Farmer","Mid (GHS 800-2000)",7,"Single parent",59,70,68,68,66.2,86.2,3.1,"No","Yes","No","Never",6.1,"Never","Yes","Good",4.2
"GESS-S0381","SCH-086","Northern",9.0845,-1.0306,"Male",12,"JHS 1-2","Boarding","SHS","Professional",NA,7,"Both parents",61,61,65,47,58.5,89.1,1.2,"Yes","No","Yes","Never",5.4,"Sometimes","Yes","Good",0.5
"GESS-S0382","SCH-010","Western",5.0494,-2.0251,"Female",14,"JHS 3-SHS 1","Boarding","Primary","Artisan",NA,3,"Both parents",64,55,NA,64,56.8,87.1,0.5,"No","Yes","Yes","Sometimes",6.7,"Daily","Yes","Good",2.7
"GESS-S0383","SCH-031","Upper West",10.006,-2.4725,"Male",14,"JHS 3-SHS 1","Day","None","Artisan","Low (<GHS 800)",4,"Both parents",79,68,84,76,76.8,83.8,5.1,"No","No","No","Never",6.1,"Sometimes","Yes","Excellent",2.9
"GESS-S0384","SCH-081","Savannah",9.123,-2.047,"Female",12,"JHS 1-2","Day","None","Civil Servant","Mid (GHS 800-2000)",6,"Both parents",59,58,70,60,61.8,100,3.1,"No","Yes","No","Sometimes",7.1,"Sometimes","Yes","Good",1.2
"GESS-S0385","SCH-028","Bono East",8.2178,-1.3201,"Female",16,"SHS 2-3","Boarding","None","Farmer","Low (<GHS 800)",2,"Both parents",61,67,61,62,62.8,89.4,2.1,"Yes","Yes","No","Never",5.4,"Daily","Yes","Good",2.3
"GESS-S0386","SCH-044","Western North",5.9527,-2.2948,"Female",11,"JHS 1-2","Boarding","None","Farmer","High (>GHS 2000)",3,"Single parent",100,100,90,89,94.8,95.2,3.2,"Yes","Yes","No","Never",3.5,"Sometimes","Yes","Excellent",0.4
"GESS-S0387","SCH-088","Upper West",9.9578,-2.4354,"Male",14,"JHS 3-SHS 1","Day","SHS","Civil Servant","Low (<GHS 800)",4,"Both parents",63,53,56,63,58.8,57.6,2.2,"Yes","No","No","Never",6.9,"Sometimes","Yes","Good",2.9
"GESS-S0388","SCH-043","Western North",6.5214,-3.0395,"Male",13,"JHS 1-2","Boarding","None","Professional","Low (<GHS 800)",9,"Both parents",49,39,39,60,46.8,100,4.2,"No","Yes","Yes","Never",9.2,"Never","No","Average",2.1
"GESS-S0389","SCH-015","Ashanti",6.2289,-1.4484,"Male",16,"SHS 2-3","Boarding","SHS","Unemployed","Mid (GHS 800-2000)",3,"Both parents",49,31,62,51,48.2,83.1,4.9,"No","No","No","Never",6.8,"Sometimes","No","Average",3.5
"GESS-S0390","SCH-037","Greater Accra",5.0812,0.1042,"Female",15,"JHS 3-SHS 1","Day","SHS","Farmer","Mid (GHS 800-2000)",1,"Orphan",58,72,80,77,71.8,82.9,2.7,"No","Yes","No","Never",3.9,"Sometimes","Yes","Excellent",2.7
"GESS-S0391","SCH-086","Western",5.2467,-2.4798,"Female",19,"SHS 3+","Day","None","Civil Servant","Mid (GHS 800-2000)",7,"Both parents",74,70,66,82,73,99.3,2.7,"No","No","No","Never",6.7,"Daily","Yes","Excellent",2.4
"GESS-S0392","SCH-012","Ahafo",6.4939,-2.9986,"Female",16,"SHS 2-3","Day","JHS","Professional","Low (<GHS 800)",3,"Both parents",75,79,79,67,75,74.7,3.5,"No","No","No","Never",7.6,"Never","Yes","Excellent",1.7
"GESS-S0393","SCH-057","Eastern",6.6569,-0.5801,"Male",18,"SHS 3+","Day","None","Artisan","Low (<GHS 800)",2,"Single parent",67,51,46,52,54,93.9,2.8,"No","Yes","Yes","Sometimes",9,"Never","Yes","Average",3.6
"GESS-S0394","SCH-045","Greater Accra",5.4415,-0.7055,"Female",15,"JHS 3-SHS 1","Boarding","None","Farmer","Low (<GHS 800)",8,"Both parents",35,43,28,43,37.2,80,1.2,"No","No","No","Never",8.5,"Never","No","Below Average",4.2
"GESS-S0395","SCH-024","Ashanti",7.1586,-1.9648,"Male",14,"JHS 3-SHS 1","Boarding","SHS","Farmer","Mid (GHS 800-2000)",5,"Single parent",61,65,46,64,59,86.8,2.9,"Yes","Yes","No","Never",5.7,"Daily","Yes","Good",0
"GESS-S0396","SCH-005","Ashanti",6.1762,-1.9574,"Female",18,"SHS 3+","Day","JHS","Farmer","Mid (GHS 800-2000)",3,"Orphan",68,58,39,47,53,100,3,"Yes","Yes","Yes","Never",8.3,"Never","Yes","Average",2.6
"GESS-S0397","SCH-032","Ashanti",6.7433,-1.461,"Female",17,"SHS 2-3","Boarding","JHS","Farmer","Mid (GHS 800-2000)",4,"Single parent",73,64,63,70,67.5,76.3,3.2,"No","No","Yes","Never",10,"Sometimes","Yes","Good",2.2
"GESS-S0398","SCH-066","Northern",9.8318,-1.244,"Female",15,"JHS 3-SHS 1","Day","JHS","Trader","Low (<GHS 800)",8,"Both parents",41,23,41,43,37,92.1,0.9,"No","No","No","Sometimes",5.9,"Sometimes","No","Below Average",NA
"GESS-S0399","SCH-082","Eastern",6.8627,-0.0406,"Female",18,"SHS 3+","Day","Primary","Trader","Mid (GHS 800-2000)",3,"Both parents",46,NA,36,58,46.5,71.3,1.8,"No","Yes","Yes","Never",4.7,"Never","No","Average",4.1
"GESS-S0400","SCH-044","Eastern",6.9242,-0.1267,"Female",15,"JHS 3-SHS 1","Day","Tertiary","Trader","Mid (GHS 800-2000)",6,"Both parents",75,67,54,55,62.8,94.9,2.8,"Yes","Yes","No","Sometimes",6.4,"Never","Yes","Good",NA
"GESS-S0401","SCH-064","Western",5.4542,-1.5103,"Male",18,"SHS 3+","Day","Primary","Artisan","Mid (GHS 800-2000)",2,"Both parents",64,61,49,61,58.8,81.6,3.8,"No","No","No","Often",7.3,"Never","Yes","Good",3.1
"GESS-S0402","SCH-048","Ashanti",6.9256,-1.5312,"Male",14,"JHS 3-SHS 1","Day","Tertiary","Farmer","Mid (GHS 800-2000)",8,"Orphan",58,57,59,60,58.5,59.7,2.7,"Yes","Yes","No","Never",7.2,"Sometimes","Yes","Good",4.8
"GESS-S0403","SCH-084","Upper East",10.2109,-1.1451,"Female",13,"JHS 1-2","Boarding","JHS","Trader","High (>GHS 2000)",5,"Both parents",82,52,58,74,66.5,58.6,2.9,"No","Yes","No","Often",9.4,"Sometimes","Yes","Good",2.2
"GESS-S0404","SCH-098","Volta",7.2042,-0.1076,"Male",16,"SHS 2-3","Day","Primary","Artisan","High (>GHS 2000)",7,"Both parents",99,88,82,89,89.5,84.1,4.6,"No","No","No","Often",4.5,"Sometimes","Yes","Excellent",3.8
"GESS-S0405","SCH-011","Greater Accra",5.3824,-0.579,"Female",17,"SHS 2-3","Boarding","Primary","Civil Servant","Mid (GHS 800-2000)",4,"Both parents",63,86,52,73,68.5,100,2.7,"Yes","No","No","Often",6.5,"Never","Yes","Good",1.4
"GESS-S0406","SCH-082","Volta",6.6072,0.3204,"Male",16,"SHS 2-3","Boarding","JHS","Unemployed","Low (<GHS 800)",2,"Both parents",62,57,69,72,65,73.9,4.7,"Yes","Yes","Yes","Never",3.7,"Never","Yes","Good",4
"GESS-S0407","SCH-046","Volta",7.4748,0.9994,"Female",18,"SHS 3+","Boarding","Primary","Farmer","Mid (GHS 800-2000)",8,"Single parent",59,45,54,66,56,81.7,1.4,"Yes","Yes","No","Often",2.4,"Sometimes","Yes","Good",3.6
"GESS-S0408","SCH-032","Greater Accra",5.1544,-0.586,"Female",15,"JHS 3-SHS 1","Boarding","SHS","Unemployed","Mid (GHS 800-2000)",6,"Both parents",47,44,46,37,43.5,NA,3.6,"Yes","No","Yes","Often",7.1,"Never","No","Average",2.8
"GESS-S0409","SCH-047","Savannah",9.5997,-1.4463,"Female",15,"JHS 3-SHS 1","Day","SHS","Farmer","Low (<GHS 800)",8,"Both parents",61,72,90,75,74.5,91.1,4.7,"No","No","No","Never",5.3,"Daily","Yes","Excellent",3.7
"GESS-S0410","SCH-026","Western",5.6265,-2.2825,"Female",18,"SHS 3+","Day","Primary","Professional","High (>GHS 2000)",3,"Both parents",85,71,69,83,77,60.4,3.2,"No","Yes","No","Never",5,"Sometimes","Yes","Excellent",1.6
"GESS-S0411","SCH-076","Bono",8.2025,-2.0389,"Male",19,"SHS 3+","Boarding","None","Trader","Low (<GHS 800)",5,"Both parents",66,62,66,73,66.8,93.1,5.9,"No","Yes","Yes","Often",9.6,"Never","Yes","Good",2.8
"GESS-S0412","SCH-052","Bono East",8.1846,-0.9836,"Female",16,"SHS 2-3","Day","Primary","Artisan","Mid (GHS 800-2000)",6,"Single parent",62,71,62,58,63.2,63.8,2.3,"No","No","Yes","Never",8,"Never","Yes","Good",2.1
"GESS-S0413","SCH-091","Northern",9.4483,-1.3961,"Male",16,"SHS 2-3","Day","JHS","Unemployed","Mid (GHS 800-2000)",6,"Both parents",95,95,95,98,95.8,92.2,3.2,"Yes","Yes","No","Never",10,"Never","Yes","Excellent",1.3
"GESS-S0414","SCH-055","Ashanti",6.1913,-1.0926,"Male",18,"SHS 3+","Boarding","Primary","Artisan","High (>GHS 2000)",5,"Orphan",58,57,67,75,64.2,69.5,5.1,"No","Yes","Yes","Sometimes",7.9,"Sometimes","Yes","Good",2.8
"GESS-S0415","SCH-028","Greater Accra",5.3232,0.0968,"Male",15,"JHS 3-SHS 1","Boarding","SHS","Unemployed","Low (<GHS 800)",8,"Single parent",31,24,42,34,32.8,96.1,2.6,"No","Yes","No","Sometimes",4,"Daily","No","Below Average",4.2
"GESS-S0416","SCH-013","Upper East",11.1736,-0.8471,"Female",17,"SHS 2-3","Boarding","None","Unemployed","Mid (GHS 800-2000)",3,"Single parent",71,77,65,87,75,89.6,3.5,"No","Yes","No","Never",5.5,"Sometimes","Yes","Excellent",1.3
"GESS-S0417","SCH-017","Central",5.7088,-1.0796,"Female",13,"JHS 1-2","Boarding","SHS","Civil Servant","Low (<GHS 800)",6,"Both parents",56,65,49,46,54,88.8,2.4,"Yes","Yes","Yes","Never",9,"Daily","Yes","Average",3.6
"GESS-S0418","SCH-094","Northern",9.9891,-1.0685,"Female",19,"SHS 3+","Day","Tertiary","Unemployed","Low (<GHS 800)",4,"Orphan",38,48,24,43,38.2,51.9,4.4,"No","Yes","Yes","Never",3.4,"Never","No","Below Average",6.9
"GESS-S0419","SCH-089","Oti",7.3967,0.133,"Female",15,"JHS 3-SHS 1","Day","Tertiary","Unemployed","Mid (GHS 800-2000)",4,"Both parents",65,69,74,70,69.5,86,2,"No","No","Yes","Never",4.7,"Daily","Yes","Good",2.3
"GESS-S0420","SCH-032","Northern",9.4761,-0.3765,"Female",14,"JHS 3-SHS 1","Day","Tertiary","Trader","Mid (GHS 800-2000)",8,"Both parents",64,36,55,61,54,71.6,2.7,"Yes","Yes","No","Never",7.6,"Sometimes","Yes","Average",4.8
"GESS-S0421","SCH-023","Northern",9.9974,-1.1816,"Male",16,"SHS 2-3","Day","JHS","Unemployed",NA,9,"Single parent",63,59,58,54,58.5,85.9,2.5,"No","No","Yes","Never",3.6,"Daily","Yes","Good",2.9
"GESS-S0422","SCH-068","Volta",6.4185,0.5774,"Female",15,"JHS 3-SHS 1","Day","None","Farmer","High (>GHS 2000)",6,"Orphan",67,85,39,59,62.5,72.4,3.6,"No","No","No","Sometimes",2.5,"Daily","Yes","Good",1.8
"GESS-S0423","SCH-044","Ashanti",6.8302,-1.1824,"Male",15,"JHS 3-SHS 1","Boarding","Tertiary","Farmer","Mid (GHS 800-2000)",9,"Both parents",51,62,60,73,61.5,80.9,5.4,"No","No","Yes","Sometimes",5.2,"Daily","Yes","Good",1.5
"GESS-S0424","SCH-054","Oti",7.6894,0.2098,"Male",15,"JHS 3-SHS 1","Boarding","Tertiary","Civil Servant","Mid (GHS 800-2000)",5,"Both parents",68,57,81,59,66.2,87.9,5.7,"Yes","No","No","Sometimes",9.4,"Daily","Yes","Good",1.8
"GESS-S0425","SCH-093","Central",5.8912,-1.4544,"Female",15,"JHS 3-SHS 1","Boarding","None","Trader","Mid (GHS 800-2000)",9,"Both parents",92,89,84,91,89,91.9,3.9,"Yes","Yes","No","Never",5.6,"Sometimes","Yes","Excellent",NA
"GESS-S0426","SCH-025","Western",4.686,-1.9288,"Male",17,"SHS 2-3","Boarding","SHS","Farmer","Mid (GHS 800-2000)",4,"Both parents",71,89,81,76,79.2,64.5,2.7,"No","Yes","Yes","Never",5.8,"Never","Yes","Excellent",1.6
"GESS-S0427","SCH-075","Greater Accra",5.3869,0.1832,"Male",18,"SHS 3+","Day","Tertiary","Artisan","Mid (GHS 800-2000)",3,"Single parent",67,70,71,66,68.5,88.5,4.3,"No","Yes","No","Never",6.9,"Daily","Yes","Good",2.2
"GESS-S0428","SCH-067","Bono East",7.3139,-1.3395,"Male",12,"JHS 1-2","Day","None","Farmer","Low (<GHS 800)",5,"Both parents",15,35,21,22,23.2,100,2.9,"No","No","Yes","Sometimes",5.3,"Sometimes","No","Below Average",4.2
"GESS-S0429","SCH-018","Bono East",7.3716,-2.1141,"Female",17,"SHS 2-3","Day","Tertiary","Civil Servant","Mid (GHS 800-2000)",5,"Both parents",63,60,51,54,57,85.6,2.6,"No","Yes","No","Never",8.7,"Daily","Yes","Good",3.4
"GESS-S0430","SCH-072","Upper West",10.2925,-3.0638,"Female",18,"SHS 3+","Boarding","None","Trader",NA,7,"Both parents",61,52,50,55,54.5,87.3,2.3,"Yes","No","No","Often",2.1,"Never","Yes","Average",2.2
"GESS-S0431","SCH-096","Western",4.978,-2.6904,"Female",13,"JHS 1-2","Day","SHS","Unemployed","Mid (GHS 800-2000)",3,"Single parent",43,57,49,29,44.5,81.5,3.1,"No","No","Yes","Never",2.1,"Never","No","Average",0.8
"GESS-S0432","SCH-010","Northern",9.5204,-0.5687,"Male",16,"SHS 2-3","Boarding","None","Farmer","Low (<GHS 800)",1,"Both parents",54,36,45,54,47.2,85.7,4.2,"Yes","No","No","Never",5.6,"Daily","No","Average",3.8
"GESS-S0433","SCH-003","North East",11.0883,-0.0716,"Female",12,"JHS 1-2","Boarding","JHS","Civil Servant","Mid (GHS 800-2000)",6,"Both parents",57,67,46,52,55.5,74.8,2.7,"No","Yes","Yes","Often",8.4,"Sometimes","Yes","Good",NA
"GESS-S0434","SCH-004","North East",9.9327,-0.5267,"Female",14,"JHS 3-SHS 1","Day","None","Civil Servant","Low (<GHS 800)",7,"Both parents",40,58,55,48,50.2,79.8,2.1,"Yes","Yes","No","Often",10,"Never","Yes","Average",2.6
"GESS-S0435","SCH-088","Western",5.0731,-1.8031,"Male",16,"SHS 2-3","Day","JHS","Civil Servant","Mid (GHS 800-2000)",6,"Both parents",69,49,53,54,56.2,65.5,1.8,"Yes","No","No","Never",3.3,"Daily","Yes","Good",3.4
"GESS-S0436","SCH-065","Upper West",9.8251,-1.9818,"Female",15,"JHS 3-SHS 1","Day","SHS","Professional","Low (<GHS 800)",3,"Both parents",61,47,42,44,48.5,66.1,2.2,"No","Yes","Yes","Never",3,"Sometimes","No","Average",5.6
"GESS-S0437","SCH-096","Bono",7.8412,-2.8832,"Female",18,"SHS 3+","Day","Tertiary","Trader","Low (<GHS 800)",2,"Both parents",62,58,62,60,60.5,88.3,1.6,"No","Yes","No","Sometimes",10,"Sometimes","Yes","Good",0
"GESS-S0438","SCH-098","Volta",6.8595,0.544,"Male",14,"JHS 3-SHS 1","Boarding","SHS","Trader","Mid (GHS 800-2000)",8,"Both parents",61,67,53,54,58.8,100,3.7,"No","Yes","Yes","Sometimes",2.9,"Sometimes","Yes","Good",1.8
"GESS-S0439","SCH-091","Ashanti",6.5325,-2.1391,"Female",13,"JHS 1-2","Day","SHS","Farmer","High (>GHS 2000)",7,"Single parent",99,100,95,100,98.5,NA,3.5,"Yes","Yes","Yes","Never",6.6,"Daily","Yes","Excellent",0.9
"GESS-S0440","SCH-063","Bono",7.2292,-2.8833,"Female",21,"SHS 3+","Day","JHS","Professional","Low (<GHS 800)",4,"Both parents",77,79,69,72,74.2,74.4,3.7,"No","No","No","Never",7.2,"Sometimes","Yes","Excellent",2.6
"GESS-S0441","SCH-083","Eastern",6.0727,-1.0315,"Male",14,"JHS 3-SHS 1","Day","Primary","Farmer","High (>GHS 2000)",5,"Both parents",62,65,50,65,60.5,NA,3.1,"No","Yes","Yes","Never",5.7,"Sometimes","Yes","Good",2.3
"GESS-S0442","SCH-012","Ashanti",6.5192,-1.3609,"Female",13,"JHS 1-2","Boarding","JHS","Trader","Mid (GHS 800-2000)",2,"Both parents",48,56,68,50,55.5,80.9,2.9,"Yes","Yes","No","Never",6.3,"Sometimes","Yes","Good",NA
"GESS-S0443","SCH-046","Oti",7.8033,-0.0155,"Female",18,"SHS 3+","Boarding","None","Unemployed","Mid (GHS 800-2000)",2,"Single parent",66,44,68,52,57.5,86,4.4,"Yes","Yes","No","Sometimes",4.2,"Sometimes","Yes","Good",2.3
"GESS-S0444","SCH-093","Eastern",6.3205,-0.5113,"Male",15,"JHS 3-SHS 1","Day","Tertiary","Artisan","High (>GHS 2000)",2,"Both parents",41,57,68,50,54,72.7,3,"Yes","No","No","Never",3.5,"Never","Yes","Average",3.8
"GESS-S0445","SCH-051","Greater Accra",5.276,0.3216,"Female",19,"SHS 3+","Day","JHS","Civil Servant","Mid (GHS 800-2000)",3,"Both parents",95,93,86,90,91,90.3,3,"No","Yes","Yes","Never",4.3,"Daily","Yes","Excellent",0.9
"GESS-S0446","SCH-098","Bono East",7.6679,-2.006,"Male",14,"JHS 3-SHS 1","Day","None","Civil Servant","Low (<GHS 800)",2,"Single parent",39,35,26,23,30.8,76.5,3.3,"No","No","No","Often",7.5,"Sometimes","No","Below Average",3.6
"GESS-S0447","SCH-057","Western",4.9951,-1.8316,"Male",19,"SHS 3+","Day","SHS","Unemployed","Mid (GHS 800-2000)",2,"Both parents",86,83,78,80,81.8,89.9,3.4,"No","Yes","Yes","Never",4.5,"Never","Yes","Excellent",2
"GESS-S0448","SCH-051","Ashanti",6.4344,-1.0657,"Male",14,"JHS 3-SHS 1","Day","SHS","Trader","Low (<GHS 800)",3,"Orphan",60,56,34,55,51.2,74.7,1.9,"Yes","Yes","No","Often",4.9,"Sometimes","Yes","Average",4.8
"GESS-S0449","SCH-003","Volta",6.8025,0.674,"Male",13,"JHS 1-2","Day","Primary","Civil Servant","Low (<GHS 800)",4,"Orphan",37,45,48,21,37.8,77.3,4.2,"No","No","No","Never",7,"Daily","No","Below Average",5.2
"GESS-S0450","SCH-095","Greater Accra",6.0415,-0.2301,"Female",19,"SHS 3+","Day","Primary","Civil Servant","Low (<GHS 800)",6,"Both parents",43,38,28,40,37.2,69.4,3.4,"Yes","Yes","No","Sometimes",5.8,"Sometimes","No","Below Average",4.4
"GESS-S0451","SCH-001","Greater Accra",5.9573,-0.6109,"Female",16,"SHS 2-3","Day","Tertiary","Unemployed","Low (<GHS 800)",1,"Both parents",55,57,54,50,54,75.2,2.4,"Yes","No","No","Never",2,"Never","Yes","Average",4.3
"GESS-S0452","SCH-089","Savannah",9.4203,-2.0431,"Male",14,"JHS 3-SHS 1","Day","None","Trader","High (>GHS 2000)",2,"Single parent",74,51,66,48,59.8,100,3.5,"Yes","No","No","Never",7.5,"Never","Yes","Good",1
"GESS-S0453","SCH-025","Savannah",9.0947,-2.1365,"Female",15,"JHS 3-SHS 1","Day","SHS","Artisan","Low (<GHS 800)",7,"Both parents",73,68,61,69,67.8,63.2,1.1,"No","Yes","No","Sometimes",5.3,"Daily","Yes","Good",2.3
"GESS-S0454","SCH-085","Ahafo",7.4893,-2.4026,"Female",15,"JHS 3-SHS 1","Boarding","SHS","Civil Servant","Low (<GHS 800)",5,"Single parent",73,63,44,62,60.5,76.4,4.2,"No","Yes","No","Often",7.6,"Never","Yes","Good",5.1
"GESS-S0455","SCH-028","Savannah",8.8781,-2.2266,"Female",12,"JHS 1-2","Boarding","JHS","Farmer","Low (<GHS 800)",6,"Both parents",62,NA,52,56,54,93.7,4.1,"No","No","No","Never",9,"Daily","Yes","Average",4.1
"GESS-S0456","SCH-078","Greater Accra",5.3973,-0.3107,"Female",14,"JHS 3-SHS 1","Day","Primary","Professional","Mid (GHS 800-2000)",7,"Both parents",54,32,44,51,45.2,92.5,3.3,"Yes","Yes","No","Never",5.3,"Never","No","Average",2.9
"GESS-S0457","SCH-061","Ashanti",6.3378,-1.5297,"Male",18,"SHS 3+","Boarding","Primary","Farmer","Mid (GHS 800-2000)",5,"Both parents",78,NA,66,68,69,93.2,4.7,"Yes","Yes","No","Never",7.6,"Daily","Yes","Good",1.3
"GESS-S0458","SCH-082","Greater Accra",5.4364,0.2412,"Male",17,"SHS 2-3","Day","SHS","Civil Servant","Mid (GHS 800-2000)",4,"Both parents",78,50,84,78,72.5,100,1,"No","No","No","Often",3.2,"Daily","Yes","Excellent",NA
"GESS-S0459","SCH-096","Northern",9.6764,-0.3886,"Female",13,"JHS 1-2","Day","Tertiary","Civil Servant","Low (<GHS 800)",4,"Single parent",33,63,43,44,45.8,81.6,3.2,"No","Yes","No","Never",5.8,"Sometimes","No","Average",4.3
"GESS-S0460","SCH-012","Volta",7.3277,0.1981,"Female",15,"JHS 3-SHS 1","Boarding","Primary","Civil Servant","Mid (GHS 800-2000)",4,"Both parents",38,31,56,46,42.8,79.6,2.6,"No","Yes","Yes","Often",6.4,"Never","No","Average",3.6
"GESS-S0461","SCH-069","Ashanti",6.3275,-1.9669,"Male",13,"JHS 1-2","Day","SHS","Artisan",NA,7,"Both parents",51,53,48,57,52.2,81.9,0.5,"Yes","No","No","Never",8.8,"Daily","Yes","Average",2.5
"GESS-S0462","SCH-073","Northern",9.9902,-1.0182,"Male",15,"JHS 3-SHS 1","Boarding","Tertiary","Farmer",NA,6,"Single parent",59,78,66,54,64.2,79.9,3.4,"No","Yes","No","Sometimes",2.5,"Sometimes","Yes","Good",1.5
"GESS-S0463","SCH-059","Upper East",10.6823,-1.1324,"Female",15,"JHS 3-SHS 1","Boarding","Primary","Civil Servant","Low (<GHS 800)",4,"Both parents",39,41,50,42,43,70.9,3.2,"No","Yes","No","Never",7.4,"Never","No","Average",4.9
"GESS-S0464","SCH-074","Upper East",11.3164,-1.2886,"Male",16,"SHS 2-3","Boarding","JHS","Farmer","Low (<GHS 800)",7,"Single parent",70,65,54,64,63.2,89.9,3.7,"No","Yes","No","Never",7.4,"Daily","Yes","Good",2.9
"GESS-S0465","SCH-049","Ashanti",6.2324,-1.4561,"Female",16,"SHS 2-3","Day","JHS","Unemployed","Mid (GHS 800-2000)",3,"Both parents",75,84,79,68,76.5,97.9,3.6,"No","Yes","No","Never",6.5,"Daily","Yes","Excellent",1.3
"GESS-S0466","SCH-013","Greater Accra",5.0322,0.0816,"Male",15,"JHS 3-SHS 1","Boarding","SHS","Farmer","Low (<GHS 800)",6,"Single parent",58,66,62,64,62.5,100,4.1,"No","No","No","Sometimes",3.1,"Daily","Yes","Good",1.3
"GESS-S0467","SCH-049","Upper West",10.3478,-2.7797,"Male",21,"SHS 3+","Boarding","JHS","Artisan","Low (<GHS 800)",6,"Both parents",52,41,48,52,48.2,79.2,3.3,"No","Yes","No","Never",4.4,"Sometimes","No","Average",3.2
"GESS-S0468","SCH-053","Ashanti",6.6813,-1.237,"Male",15,"JHS 3-SHS 1","Day","JHS","Farmer","Mid (GHS 800-2000)",2,"Both parents",79,61,74,70,71,84,2.5,"Yes","Yes","Yes","Never",4.5,"Daily","Yes","Excellent",3
"GESS-S0469","SCH-031","North East",10.8817,-0.746,"Female",15,"JHS 3-SHS 1","Day","JHS",NA,"Mid (GHS 800-2000)",2,"Both parents",37,31,37,28,33.2,79.8,2.3,"No","No","No","Often",7.3,"Sometimes","No","Below Average",3.4
"GESS-S0470","SCH-051","Ashanti",6.5935,-1.502,"Male",13,"JHS 1-2","Day","JHS",NA,"Low (<GHS 800)",2,"Single parent",69,NA,39,50,50.8,77.8,6,"No","No","No","Sometimes",4.9,"Daily","Yes","Average",4.6
"GESS-S0471","SCH-004","Savannah",9.0949,-2.3348,"Male",16,"SHS 2-3","Day","JHS","Civil Servant","Low (<GHS 800)",6,"Both parents",69,62,62,67,65,62.9,3.9,"No","No","No","Sometimes",4.2,"Sometimes","Yes","Good",2
"GESS-S0472","SCH-002","Eastern",7.0166,-0.1702,"Male",14,"JHS 3-SHS 1","Day","JHS","Unemployed","High (>GHS 2000)",2,"Single parent",54,57,39,62,53,NA,1.6,"Yes","Yes","No","Never",4.7,"Daily","Yes","Average",NA
"GESS-S0473","SCH-072","Oti",7.6565,0.2164,"Female",19,"SHS 3+","Day","JHS","Farmer","Mid (GHS 800-2000)",4,"Both parents",67,65,76,71,69.8,66.3,2.6,"Yes","Yes","Yes","Sometimes",6.8,"Never","Yes","Good",3.3
"GESS-S0474","SCH-001","Ashanti",7.1805,-1.6971,"Female",15,"JHS 3-SHS 1","Day","Primary","Farmer","Low (<GHS 800)",2,"Both parents",82,63,71,74,72.5,91.9,4,"No","No","No","Sometimes",5.7,"Daily","Yes","Excellent",2.8
"GESS-S0475","SCH-023","Volta",6.4451,0.7795,"Female",17,"SHS 2-3","Boarding","None","Civil Servant","Low (<GHS 800)",7,"Both parents",52,NA,51,53,53.5,100,0.9,"No","Yes","Yes","Never",6.4,"Sometimes","Yes","Average",2.2
"GESS-S0476","SCH-047","Oti",7.5762,-0.2509,"Male",17,"SHS 2-3","Boarding","SHS","Professional","Low (<GHS 800)",4,"Both parents",51,60,57,58,56.5,98.5,2.3,"Yes","Yes","No","Never",5.9,"Sometimes","Yes","Good",1.1
"GESS-S0477","SCH-059","Central",5.0153,-1.0768,"Male",17,"SHS 2-3","Day","JHS","Trader","Low (<GHS 800)",3,"Both parents",67,53,63,64,61.8,78.9,3.2,"No","No","Yes","Often",8.1,"Daily","Yes","Good",2.6
"GESS-S0478","SCH-082","Savannah",8.6849,-2.1546,"Female",16,"SHS 2-3","Boarding","Primary","Farmer","Mid (GHS 800-2000)",3,"Both parents",83,NA,83,84,79.8,91.8,2.2,"No","No","No","Never",7.9,"Daily","Yes","Excellent",0
"GESS-S0479","SCH-079","Ahafo",7.0776,-2.2618,"Female",16,"SHS 2-3","Day","None","Trader","Mid (GHS 800-2000)",3,"Both parents",43,27,41,39,37.5,NA,2.3,"No","No","Yes","Never",8.2,"Never","No","Below Average",3.2
"GESS-S0480","SCH-044","Western",4.7179,-1.8106,"Female",12,"JHS 1-2","Day","Tertiary","Professional","High (>GHS 2000)",5,"Both parents",57,50,52,56,53.8,82.7,5.5,"No","Yes","No","Never",6.8,"Daily","Yes","Average",2.5
"GESS-S0481","SCH-043","Volta",7.124,0.9136,"Male",18,"SHS 3+","Day","None","Professional","High (>GHS 2000)",6,"Both parents",67,37,54,57,53.8,74.9,4.3,"No","Yes","No","Sometimes",7.2,"Daily","Yes","Average",3.8
"GESS-S0482","SCH-050","Greater Accra",5.6362,-0.2272,"Female",17,"SHS 2-3","Day","Tertiary","Farmer","Low (<GHS 800)",6,"Both parents",86,73,NA,82,79.5,72.9,3.1,"No","Yes","No","Sometimes",1.1,"Sometimes","Yes","Excellent",NA
"GESS-S0483","SCH-100","Oti",7.9281,0.2201,"Female",16,"SHS 2-3","Boarding","None","Professional","Low (<GHS 800)",5,"Single parent",64,84,70,64,70.5,96.2,2.2,"Yes","No","No","Sometimes",7.6,"Sometimes","Yes","Excellent",2.6
"GESS-S0484","SCH-058","Western",5.555,-2.0584,"Male",17,"SHS 2-3","Boarding","JHS","Civil Servant","Mid (GHS 800-2000)",5,"Both parents",72,63,48,56,59.8,98.8,3.3,"Yes","No","No","Never",5.9,"Never","Yes","Good",2.7
"GESS-S0485","SCH-080","Volta",6.9485,0.2189,"Male",15,"JHS 3-SHS 1","Boarding","JHS","Professional","Low (<GHS 800)",5,"Both parents",83,100,82,79,86,100,1.8,"Yes","No","Yes","Never",6,"Never","Yes","Excellent",2.6
"GESS-S0486","SCH-032","Western North",6.1744,-2.2789,"Female",17,"SHS 2-3","Boarding","SHS","Professional","Low (<GHS 800)",4,"Single parent",42,41,66,45,48.5,NA,4.6,"Yes","Yes","Yes","Sometimes",2.4,"Never","No","Average",1.2
"GESS-S0487","SCH-016","North East",10.0732,-0.017,"Male",14,"JHS 3-SHS 1","Boarding","SHS","Professional","Mid (GHS 800-2000)",2,"Both parents",71,51,73,77,68,62.5,5.3,"No","Yes","No","Never",3,"Sometimes","Yes","Good",3.6
"GESS-S0488","SCH-080","Ashanti",6.1135,-1.4699,"Female",14,"JHS 3-SHS 1","Day","None","Artisan","Mid (GHS 800-2000)",7,"Both parents",56,49,44,72,55.2,70.5,3.4,"No","Yes","No","Never",7.4,"Never","Yes","Good",2.1
"GESS-S0489","SCH-026","Western",5.1305,-1.7073,"Female",11,"JHS 1-2","Boarding","Tertiary",NA,"Mid (GHS 800-2000)",5,"Both parents",54,48,63,49,53.5,65.1,2.5,"No","No","Yes","Never",3.5,"Never","Yes","Average",0.9
"GESS-S0490","SCH-042","Central",5.458,-0.8214,"Female",11,"JHS 1-2","Boarding","Tertiary","Professional","Mid (GHS 800-2000)",3,"Both parents",66,NA,52,75,62.8,84.1,3.9,"Yes","Yes","No","Never",5.7,"Never","Yes","Good",2.5
"GESS-S0491","SCH-048","Bono",7.2255,-2.9263,"Female",19,"SHS 3+","Day","SHS","Trader","Low (<GHS 800)",3,"Single parent",72,59,73,60,66,82,3.1,"Yes","No","No","Never",2.4,"Daily","Yes","Good",2.2
"GESS-S0492","SCH-045","Eastern",6.3673,-0.3543,"Male",13,"JHS 1-2","Boarding","Tertiary","Trader","Mid (GHS 800-2000)",9,"Both parents",78,94,71,89,83,NA,2,"No","Yes","No","Never",9.4,"Daily","Yes","Excellent",2
"GESS-S0493","SCH-073","Western North",6.268,-3.0894,"Male",16,"SHS 2-3","Day","JHS","Civil Servant","High (>GHS 2000)",9,"Single parent",81,61,76,66,71,87.5,4.2,"No","Yes","No","Never",3.5,"Sometimes","Yes","Excellent",4.4
"GESS-S0494","SCH-088","Ashanti",6.245,-1.0631,"Female",14,"JHS 3-SHS 1","Day","JHS","Trader","Low (<GHS 800)",3,"Both parents",58,70,48,66,60.5,NA,2.6,"No","Yes","No","Never",4.2,"Daily","Yes","Good",2
"GESS-S0495","SCH-058","Northern",9.6078,-1.0918,"Male",12,"JHS 1-2","Day","JHS","Civil Servant","Mid (GHS 800-2000)",4,"Both parents",75,64,66,73,69.5,72.6,6.3,"No","Yes","No","Never",5.1,"Never","Yes","Good",NA
"GESS-S0496","SCH-019","Eastern",5.9873,-0.1057,"Female",16,"SHS 2-3","Day","JHS","Trader","High (>GHS 2000)",7,"Both parents",39,37,37,27,35,88.2,3.3,"No","Yes","No","Sometimes",4.5,"Daily","No","Below Average",2.4
"GESS-S0497","SCH-055","Western",5.5776,-2.5945,"Female",16,"SHS 2-3","Boarding","JHS","Artisan","Mid (GHS 800-2000)",5,"Single parent",37,26,39,31,33.2,92.2,3.3,"No","Yes","No","Never",2.7,"Daily","No","Below Average",4
"GESS-S0498","SCH-032","Ashanti",6.9603,-1.9717,"Male",16,"SHS 2-3","Day","Primary","Farmer","High (>GHS 2000)",5,"Single parent",52,44,37,52,46.2,98.1,3,"No","No","Yes","Never",3.6,"Daily","No","Average",3.3
"GESS-S0499","SCH-060","Greater Accra",5.8905,-0.7756,"Male",19,"SHS 3+","Day","None","Trader","Low (<GHS 800)",6,"Single parent",54,56,51,65,56.5,85.5,3.8,"No","Yes","Yes","Never",8.7,"Never","Yes","Good",3
"GESS-S0500","SCH-084","Upper East",11.1354,-0.3593,"Male",13,"JHS 1-2","Boarding","Tertiary","Artisan",NA,6,"Both parents",59,59,68,55,60.2,85.6,2.2,"No","Yes","No","Never",5.8,"Never","Yes","Good",0.5
"GESS-S0501","SCH-079","Oti",7.1403,-0.0367,"Male",16,"SHS 2-3","Day","Primary","Farmer","Low (<GHS 800)",4,"Both parents",57,56,68,68,62.2,72.3,2.2,"Yes","No","Yes","Never",4.7,"Sometimes","Yes","Good",2.3
"GESS-S0502","SCH-002","Volta",6.5744,0.3186,"Female",12,"JHS 1-2","Day","SHS","Civil Servant","Mid (GHS 800-2000)",6,"Single parent",56,62,34,51,50.8,73.6,1.8,"No","Yes","Yes","Never",7.1,"Sometimes","Yes","Average",3.2
"GESS-S0503","SCH-022","Eastern",6.2283,0.0657,"Male",16,"SHS 2-3","Boarding","Primary","Farmer","Low (<GHS 800)",3,"Both parents",64,67,60,66,64.2,86.2,NA,"Yes","No","Yes","Sometimes",7.2,"Daily","Yes","Good",2.9
"GESS-S0504","SCH-067","Upper East",10.399,-1.0335,"Male",13,"JHS 1-2","Boarding","JHS","Civil Servant","Low (<GHS 800)",2,"Both parents",77,71,88,81,79.2,81.2,5,"No","Yes","No","Never",3.2,"Sometimes","Yes","Excellent",NA
"GESS-S0505","SCH-052","Eastern",6.9817,-0.8944,"Female",11,"JHS 1-2","Day","Primary","Professional","Mid (GHS 800-2000)",3,"Both parents",52,61,42,58,53.2,98.5,4.5,"No","Yes","No","Never",2.8,"Never","Yes","Average",2.2
"GESS-S0506","SCH-026","Central",5.4599,-1.2781,"Female",16,"SHS 2-3","Day","Tertiary","Artisan","Low (<GHS 800)",6,"Both parents",37,59,48,46,47.5,75.8,NA,"Yes","No","Yes","Sometimes",5.1,"Sometimes","No","Average",3.5
"GESS-S0507","SCH-065","Greater Accra",5.9685,-0.682,"Male",21,"SHS 3+","Boarding","JHS","Farmer","High (>GHS 2000)",6,"Both parents",33,29,33,43,34.5,71.9,3.9,"Yes","Yes","No","Never",6.1,"Daily","No","Below Average",4.5
"GESS-S0508","SCH-077","Upper West",10.2099,-2.3559,"Male",17,"SHS 2-3","Day","SHS","Farmer","High (>GHS 2000)",10,"Single parent",67,74,74,60,68.8,89.3,5.6,"No","Yes","No","Never",4.7,"Never","Yes","Good",2.3
"GESS-S0509","SCH-071","North East",10.7765,-0.8256,"Male",15,"JHS 3-SHS 1","Day","Primary","Farmer","Mid (GHS 800-2000)",1,"Both parents",48,39,44,44,43.8,93.9,1.4,"Yes","No","No","Sometimes",6.5,"Daily","No","Average",1
"GESS-S0510","SCH-024","Bono East",7.835,-1.3544,"Male",16,"SHS 2-3","Boarding","JHS","Civil Servant",NA,2,"Both parents",77,81,83,76,79.2,94,2.8,"Yes","No","No","Sometimes",4.2,"Never","Yes","Excellent",0.7
"GESS-S0511","SCH-057","Western North",6.5577,-2.5403,"Male",14,"JHS 3-SHS 1","Day","None","Farmer","Mid (GHS 800-2000)",7,"Single parent",50,53,45,46,48.5,75.5,2.9,"Yes","Yes","Yes","Often",2.9,"Daily","No","Average",2.4
"GESS-S0512","SCH-025","Greater Accra",5.9193,-0.2539,"Male",15,"JHS 3-SHS 1","Day","None","Trader","High (>GHS 2000)",4,"Orphan",79,66,93,81,79.8,100,3.2,"Yes","No","Yes","Never",7.9,"Sometimes","Yes","Excellent",0.3
"GESS-S0513","SCH-019","Greater Accra",5.3535,-0.3235,"Female",16,"SHS 2-3","Boarding","Primary","Trader","Low (<GHS 800)",2,"Single parent",63,37,56,67,55.8,NA,3.9,"No","Yes","No","Sometimes",4,"Daily","Yes","Good",3.6
"GESS-S0514","SCH-096","Western North",5.9069,-2.7418,"Female",15,"JHS 3-SHS 1","Day","Primary","Unemployed","Low (<GHS 800)",12,"Both parents",72,80,48,84,71,76.1,1,"Yes","No","Yes","Never",9.2,"Daily","Yes","Excellent",NA
"GESS-S0515","SCH-014","Upper West",10.803,-2.7675,"Male",13,"JHS 1-2","Boarding","Primary","Unemployed","Low (<GHS 800)",6,"Both parents",83,60,41,55,59.8,92.4,3.1,"Yes","Yes","No","Often",5.7,"Daily","Yes","Good",1.4
"GESS-S0516","SCH-057","Ashanti",6.9315,-2.1276,"Male",13,"JHS 1-2","Day","Primary","Unemployed","High (>GHS 2000)",7,"Both parents",100,NA,67,87,82.2,61.4,4.2,"Yes","No","No","Sometimes",5.4,"Daily","Yes","Excellent",2.5
"GESS-S0517","SCH-054","Ashanti",6.604,-1.4737,"Female",16,"SHS 2-3","Boarding","Tertiary","Trader","Mid (GHS 800-2000)",4,"Both parents",88,74,86,85,83.2,97.5,3.8,"Yes","No","No","Never",7.5,"Never","Yes","Excellent",2
"GESS-S0518","SCH-081","North East",10.1059,-0.6423,"Female",17,"SHS 2-3","Boarding","None","Farmer","Mid (GHS 800-2000)",1,"Both parents",75,55,NA,76,73.8,80.6,3.9,"Yes","Yes","No","Never",6.9,"Sometimes","Yes","Excellent",1.3
"GESS-S0519","SCH-001","Greater Accra",5.1913,-0.7529,"Female",17,"SHS 2-3","Day","JHS","Civil Servant","Mid (GHS 800-2000)",9,"Both parents",49,51,54,54,52,80,4.4,"Yes","No","Yes","Never",7.8,"Sometimes","Yes","Average",3
"GESS-S0520","SCH-071","Ashanti",7.1739,-2.0929,"Female",16,"SHS 2-3","Day","Tertiary","Artisan",NA,8,"Both parents",42,37,38,44,40.2,NA,5.3,"No","Yes","No","Sometimes",3.6,"Sometimes","No","Average",4
"GESS-S0521","SCH-039","Greater Accra",5.9009,0.1616,"Male",17,"SHS 2-3","Boarding","SHS","Unemployed","Mid (GHS 800-2000)",1,"Single parent",74,88,58,59,69.8,76.2,4.9,"Yes","Yes","No","Often",9.3,"Daily","Yes","Good",2.3
"GESS-S0522","SCH-012","Western North",6.1498,-3.2007,"Female",14,"JHS 3-SHS 1","Boarding","None","Trader","Low (<GHS 800)",8,"Both parents",38,39,33,59,42.2,88.6,2.7,"Yes","No","No","Sometimes",7.9,"Never","No","Average",3.4
"GESS-S0523","SCH-064","Greater Accra",5.5246,-0.2584,"Male",12,"JHS 1-2","Day","SHS","Artisan","Mid (GHS 800-2000)",7,"Both parents",52,41,56,46,48.8,65.6,3.8,"No","Yes","Yes","Never",3,"Daily","No","Average",2.1
"GESS-S0524","SCH-010","Bono",8.1245,-2.1551,"Male",16,"SHS 2-3","Day","SHS","Farmer","High (>GHS 2000)",4,"Both parents",72,48,60,68,62,76.9,0.8,"No","No","No","Often",3.3,"Never","Yes","Good",2.8
"GESS-S0525","SCH-049","Upper East",10.9655,-0.8434,"Male",15,"JHS 3-SHS 1","Day","None","Civil Servant","Low (<GHS 800)",1,"Both parents",61,26,NA,47,42,78.7,3.2,"Yes","Yes","No","Never",6.5,"Sometimes","No","Average",4.4
"GESS-S0526","SCH-091","Volta",6.4016,0.5915,"Male",18,"SHS 3+","Day","SHS","Trader","Mid (GHS 800-2000)",4,"Both parents",88,93,84,83,87,76.2,1.1,"Yes","No","Yes","Never",6.6,"Sometimes","Yes","Excellent",2.2
"GESS-S0527","SCH-076","Ahafo",6.9035,-2.0122,"Male",14,"JHS 3-SHS 1","Boarding","Primary",NA,"Low (<GHS 800)",4,"Both parents",15,NA,23,15,16.2,89.9,4.8,"No","No","Yes","Sometimes",5.6,"Daily","No","Below Average",5.6
"GESS-S0528","SCH-010","North East",10.1458,-0.3391,"Male",12,"JHS 1-2","Boarding","Primary",NA,"High (>GHS 2000)",6,"Both parents",27,39,49,40,38.8,96,NA,"Yes","Yes","No","Never",9.2,"Never","No","Below Average",2.6
"GESS-S0529","SCH-086","Western",5.3268,-1.9633,"Male",17,"SHS 2-3","Day","Tertiary","Artisan","Mid (GHS 800-2000)",8,"Both parents",66,57,55,40,54.5,83,2.6,"Yes","No","No","Often",5.2,"Sometimes","Yes","Average",3.6
"GESS-S0530","SCH-036","Oti",7.7557,0.0843,"Female",15,"JHS 3-SHS 1","Boarding","None","Farmer","High (>GHS 2000)",3,"Single parent",60,35,56,65,54,69,4.9,"No","Yes","No","Sometimes",4.2,"Sometimes","Yes","Average",1.8
"GESS-S0531","SCH-036","Ashanti",6.1915,-2.1164,"Female",16,"SHS 2-3","Day","Primary","Civil Servant","High (>GHS 2000)",9,"Single parent",72,58,68,83,70.2,86.4,3.6,"No","Yes","Yes","Never",4.6,"Never","Yes","Excellent",0.3
"GESS-S0532","SCH-095","Greater Accra",5.2674,-0.5785,"Male",16,"SHS 2-3","Day","JHS","Artisan","Low (<GHS 800)",4,"Both parents",59,69,69,63,65,NA,2.6,"Yes","Yes","No","Never",5,"Never","Yes","Good",2.5
"GESS-S0533","SCH-010","Western",4.9839,-2.5898,"Male",16,"SHS 2-3","Boarding","JHS","Trader","Mid (GHS 800-2000)",7,"Both parents",65,62,56,52,58.8,100,4.3,"No","No","No","Sometimes",7.3,"Daily","Yes","Good",2.8
"GESS-S0534","SCH-020","Bono East",7.5849,-1.4105,"Male",12,"JHS 1-2","Boarding","SHS","Artisan","Mid (GHS 800-2000)",5,"Both parents",89,81,90,73,83.2,82,4.7,"Yes","Yes","No","Never",6.3,"Never","Yes","Excellent",0.8
"GESS-S0535","SCH-061","Western",5.6396,-1.8374,"Female",18,"SHS 3+","Day","SHS","Trader","Mid (GHS 800-2000)",3,"Single parent",62,49,62,72,61.2,98.7,4.6,"Yes","Yes","Yes","Never",5.9,"Never","Yes","Good",1.7
"GESS-S0536","SCH-026","Oti",7.8123,-0.209,"Male",11,"JHS 1-2","Day","Primary",NA,"Mid (GHS 800-2000)",1,"Single parent",72,67,63,61,65.8,64.7,3,"No","No","Yes","Sometimes",8,"Daily","Yes","Good",3.5
"GESS-S0537","SCH-065","Bono East",8.2895,-1.9664,"Female",19,"SHS 3+","Day","SHS","Farmer","High (>GHS 2000)",4,"Single parent",69,68,57,68,65.5,78.1,5,"Yes","Yes","No","Never",2.9,"Never","Yes","Good",2.6
"GESS-S0538","SCH-098","Greater Accra",5.6205,-0.7477,"Male",14,"JHS 3-SHS 1","Boarding","Tertiary","Farmer","High (>GHS 2000)",8,"Both parents",72,71,49,51,60.8,86.5,4.4,"No","Yes","No","Never",8.3,"Never","Yes","Good",0.8
"GESS-S0539","SCH-015","Ashanti",7.0292,-1.4878,"Female",18,"SHS 3+","Day","Primary","Farmer","High (>GHS 2000)",2,"Single parent",56,55,49,68,57,83.9,4.2,"No","No","No","Never",6.8,"Sometimes","Yes","Good",2.8
"GESS-S0540","SCH-039","Central",4.9403,-0.8435,"Female",18,"SHS 3+","Day","JHS","Unemployed","Mid (GHS 800-2000)",5,"Single parent",59,33,67,64,55.8,76.3,2.3,"Yes","Yes","No","Never",5.4,"Daily","Yes","Good",2.4
"GESS-S0541","SCH-028","Ashanti",6.2957,-1.9738,"Male",17,"SHS 2-3","Boarding","SHS","Unemployed","Low (<GHS 800)",9,"Single parent",73,67,88,78,76.5,86.2,3.6,"Yes","Yes","Yes","Never",NA,"Sometimes","Yes","Excellent",3.5
"GESS-S0542","SCH-024","Western",4.7485,-1.5953,"Male",19,"SHS 3+","Boarding","Tertiary","Professional","Low (<GHS 800)",5,"Single parent",65,66,53,65,62.2,100,1.9,"Yes","Yes","Yes","Never",2.9,"Daily","Yes","Good",2.7
"GESS-S0543","SCH-064","Western North",6.6568,-2.2076,"Female",15,"JHS 3-SHS 1","Boarding","JHS","Artisan","Mid (GHS 800-2000)",6,"Both parents",79,97,91,100,91.8,83,5.2,"No","No","No","Never",10,"Never","Yes","Excellent",0.7
"GESS-S0544","SCH-058","Eastern",6.6143,-0.1879,"Female",12,"JHS 1-2","Day","SHS","Artisan","High (>GHS 2000)",4,"Single parent",60,48,52,63,55.8,85.8,3.2,"No","No","Yes","Never",2.2,"Daily","Yes","Good",1.7
"GESS-S0545","SCH-053","Central",5.9193,-1.0077,"Female",14,"JHS 3-SHS 1","Day","Tertiary","Professional","Low (<GHS 800)",4,"Both parents",57,78,70,68,68.2,75.5,3.2,"No","No","Yes","Never",1.5,"Sometimes","Yes","Good",2.6
"GESS-S0546","SCH-042","Ahafo",6.6426,-2.9403,"Male",16,"SHS 2-3","Day","SHS","Professional","Low (<GHS 800)",4,"Both parents",36,17,35,25,28.2,82.3,2.2,"No","No","Yes","Often",NA,"Never","No","Below Average",5.4
"GESS-S0547","SCH-010","Upper West",9.8682,-2.2665,"Male",17,"SHS 2-3","Boarding","SHS","Civil Servant","Low (<GHS 800)",5,"Both parents",75,74,86,67,75.5,80.3,2.7,"Yes","Yes","Yes","Never",8.5,"Sometimes","Yes","Excellent",0.7
"GESS-S0548","SCH-068","Bono East",7.6995,-2.1753,"Female",18,"SHS 3+","Day","Tertiary","Artisan","Low (<GHS 800)",1,"Single parent",66,63,70,59,64.5,75.1,2.4,"Yes","Yes","Yes","Sometimes",6.3,"Daily","Yes","Good",NA
"GESS-S0549","SCH-052","Greater Accra",5.8984,-0.7199,"Female",18,"SHS 3+","Day","JHS","Farmer","Low (<GHS 800)",3,"Orphan",74,62,87,67,72.5,85.5,3.1,"Yes","Yes","No","Never",5.9,"Sometimes","Yes","Excellent",3.8
"GESS-S0550","SCH-004","Northern",9.7109,-0.7632,"Male",16,"SHS 2-3","Boarding","None","Civil Servant","High (>GHS 2000)",5,"Orphan",86,NA,57,79,77.2,75.2,6,"Yes","No","Yes","Never",5.7,"Never","Yes","Excellent",3.5
"GESS-S0551","SCH-040","Eastern",6.5643,-0.6155,"Male",15,"JHS 3-SHS 1","Boarding","JHS","Artisan","Low (<GHS 800)",8,"Both parents",55,40,49,34,44.5,83,0.5,"Yes","Yes","No","Often",4.5,"Daily","No","Average",3.8
"GESS-S0552","SCH-048","Greater Accra",5.9592,-0.7463,"Female",14,"JHS 3-SHS 1","Day","SHS","Civil Servant","Mid (GHS 800-2000)",1,"Both parents",62,50,49,45,51.5,62.4,3.1,"Yes","Yes","No","Never",4.9,"Sometimes","Yes","Average",3.8
"GESS-S0553","SCH-008","Bono",7.9473,-1.7647,"Female",18,"SHS 3+","Boarding","JHS","Farmer","Low (<GHS 800)",6,"Both parents",42,64,53,56,53.8,78.7,2.9,"No","Yes","No","Never",6.4,"Never","Yes","Average",3.3
"GESS-S0554","SCH-022","Oti",7.1765,0.1656,"Male",12,"JHS 1-2","Boarding","SHS","Civil Servant","Mid (GHS 800-2000)",1,"Both parents",48,41,59,47,48.8,73.9,3.6,"Yes","Yes","No","Sometimes",7.3,"Never","No","Average",4.2
"GESS-S0555","SCH-097","Western North",6.6801,-3.219,"Male",12,"JHS 1-2","Boarding","JHS","Artisan","Low (<GHS 800)",8,"Both parents",82,75,60,72,72.2,66.1,3.4,"No","No","Yes","Often",6.7,"Sometimes","Yes","Excellent",NA
"GESS-S0556","SCH-065","Western",4.9484,-2.3082,"Male",17,"SHS 2-3","Boarding","SHS","Farmer","Low (<GHS 800)",2,"Both parents",88,96,83,100,91.8,77.6,2.3,"No","Yes","No","Never",3.6,"Daily","Yes","Excellent",1.5
"GESS-S0557","SCH-091","Western",5.5701,-2.4031,"Male",12,"JHS 1-2","Boarding","JHS","Farmer","Mid (GHS 800-2000)",5,"Orphan",89,88,79,100,89,75.6,3.1,"No","No","Yes","Never",7.4,"Daily","Yes","Excellent",1.4
"GESS-S0558","SCH-069","Upper West",9.9488,-2.7863,"Male",17,"SHS 2-3","Day","Primary","Civil Servant","Mid (GHS 800-2000)",6,"Orphan",56,39,43,51,47.2,54.5,5,"No","No","Yes","Sometimes",9.2,"Daily","No","Average",4.4
"GESS-S0559","SCH-026","Western",4.5536,-2.6902,"Female",15,"JHS 3-SHS 1","Day","SHS","Artisan","Mid (GHS 800-2000)",5,"Both parents",47,50,60,48,51.2,71,2.4,"Yes","No","No","Never",5.9,"Daily","Yes","Average",NA
"GESS-S0560","SCH-010","Greater Accra",5.5452,-0.6428,"Male",14,"JHS 3-SHS 1","Boarding","Primary","Artisan","Low (<GHS 800)",1,"Both parents",50,59,31,53,48.2,100,3,"No","Yes","Yes","Never",4.9,"Daily","No","Average",1.9
"GESS-S0561","SCH-088","Greater Accra",5.873,0.0646,"Male",18,"SHS 3+","Day","SHS","Professional","Mid (GHS 800-2000)",4,"Both parents",63,68,70,74,68.8,91.5,4,"No","Yes","Yes","Sometimes",7.2,"Daily","Yes","Good",3
"GESS-S0562","SCH-067","Bono",7.7391,-1.8134,"Female",14,"JHS 3-SHS 1","Boarding","Primary","Artisan","Mid (GHS 800-2000)",1,"Both parents",80,65,93,81,79.8,95,4.3,"No","Yes","No","Never",4,"Never","Yes","Excellent",0
"GESS-S0563","SCH-022","Northern",9.3571,-0.419,"Male",15,"JHS 3-SHS 1","Day","Tertiary","Professional","Low (<GHS 800)",4,"Both parents",41,32,55,41,42.2,52.7,3.6,"No","Yes","No","Never",9.3,"Never","No","Average",4.8
"GESS-S0564","SCH-053","Greater Accra",5.2537,-0.1874,"Male",18,"SHS 3+","Day","JHS","Civil Servant",NA,4,"Both parents",85,71,76,72,76,88.5,1.3,"No","Yes","No","Never",3.8,"Daily","Yes","Excellent",1.5
"GESS-S0565","SCH-055","Northern",9.8176,-1.4235,"Female",20,"SHS 3+","Day","JHS","Civil Servant","Low (<GHS 800)",1,"Both parents",48,54,43,66,52.8,85,1.9,"Yes","Yes","No","Never",1.7,"Sometimes","Yes","Average",3.7
"GESS-S0566","SCH-061","Volta",7.2962,0.5528,"Female",12,"JHS 1-2","Day","Primary","Trader",NA,7,"Both parents",85,59,100,93,84.2,95.1,1.9,"No","No","No","Never",6.4,"Sometimes","Yes","Excellent",2.5
"GESS-S0567","SCH-070","Western North",5.9824,-2.3432,"Male",15,"JHS 3-SHS 1","Boarding","JHS","Professional","Mid (GHS 800-2000)",1,"Both parents",71,55,61,73,65,97.3,6.1,"Yes","Yes","Yes","Sometimes",8.7,"Daily","Yes","Good",0
"GESS-S0568","SCH-076","Northern",9.8599,-0.9133,"Female",17,"SHS 2-3","Day","None","Trader","Mid (GHS 800-2000)",1,"Both parents",50,54,49,41,48.5,50.7,2.5,"No","No","No","Sometimes",10,"Daily","No","Average",4.6
"GESS-S0569","SCH-065","Western",5.6208,-1.8617,"Male",15,"JHS 3-SHS 1","Boarding","Primary","Farmer","High (>GHS 2000)",8,"Both parents",60,42,52,50,51,100,2.8,"Yes","Yes","No","Never",5.1,"Sometimes","Yes","Average",NA
"GESS-S0570","SCH-011","Greater Accra",5.9523,0.082,"Male",15,"JHS 3-SHS 1","Day","JHS","Farmer","Mid (GHS 800-2000)",6,"Both parents",83,62,NA,67,68.2,79.7,3.3,"No","No","No","Often",7.3,"Daily","Yes","Good",2.1
"GESS-S0571","SCH-066","Western North",6.07,-2.9625,"Male",12,"JHS 1-2","Boarding","SHS","Trader","Low (<GHS 800)",4,"Both parents",43,25,27,31,31.5,88.9,2.7,"No","Yes","Yes","Never",5.8,"Never","No","Below Average",3.8
"GESS-S0572","SCH-026","Northern",9.3104,-0.8574,"Female",17,"SHS 2-3","Boarding","JHS","Professional","Low (<GHS 800)",7,"Both parents",64,57,46,63,57.5,93.3,3.7,"Yes","Yes","No","Never",5.6,"Never","Yes","Good",2.5
"GESS-S0573","SCH-090","Volta",7.3998,0.7284,"Female",12,"JHS 1-2","Boarding","Tertiary","Farmer","Mid (GHS 800-2000)",5,"Orphan",67,58,58,51,58.5,65.9,4.4,"No","Yes","No","Never",7.6,"Sometimes","Yes","Good",3.3
"GESS-S0574","SCH-034","Upper East",10.6354,-0.6295,"Female",15,"JHS 3-SHS 1","Day","Primary","Civil Servant","Low (<GHS 800)",1,"Both parents",30,38,21,38,31.8,NA,3.7,"No","No","No","Often",4.6,"Sometimes","No","Below Average",3.2
"GESS-S0575","SCH-083","Volta",6.4068,1.0382,"Female",14,"JHS 3-SHS 1","Boarding","SHS","Trader","High (>GHS 2000)",4,"Both parents",69,73,72,60,68.5,98.9,2.5,"No","No","Yes","Never",9,"Daily","Yes","Good",1.8
"GESS-S0576","SCH-010","Volta",7.269,-0.0343,"Female",13,"JHS 1-2","Day","JHS","Civil Servant","Mid (GHS 800-2000)",9,"Single parent",49,28,49,39,41.2,100,4.2,"Yes","Yes","Yes","Sometimes",2.7,"Sometimes","No","Average",0.9
"GESS-S0577","SCH-066","Bono East",7.6121,-1.9111,"Female",17,"SHS 2-3","Day","SHS",NA,"Mid (GHS 800-2000)",8,"Single parent",79,74,83,69,76.2,76.6,6,"Yes","No","Yes","Never",7,"Daily","Yes","Excellent",NA
"GESS-S0578","SCH-065","Eastern",6.9084,-0.0621,"Male",15,"JHS 3-SHS 1","Boarding","SHS","Professional","Low (<GHS 800)",8,"Both parents",56,48,53,53,52.5,90.5,4.3,"No","Yes","Yes","Never",3.9,"Daily","Yes","Average",1.5
"GESS-S0579","SCH-015","Savannah",8.5857,-1.6212,"Male",13,"JHS 1-2","Day","None","Farmer","Mid (GHS 800-2000)",1,"Both parents",38,43,27,31,34.8,89.2,1.9,"Yes","Yes","Yes","Sometimes",6.8,"Daily","No","Below Average",3.7
"GESS-S0580","SCH-002","Eastern",6.2877,0.1197,"Female",17,"SHS 2-3","Boarding","Primary","Unemployed","Mid (GHS 800-2000)",6,"Orphan",81,78,63,58,70,NA,4.4,"No","No","No","Never",4.2,"Never","Yes","Good",2.7
"GESS-S0581","SCH-032","Greater Accra",6.1393,-0.4993,"Female",12,"JHS 1-2","Boarding","Primary","Farmer","Mid (GHS 800-2000)",9,"Both parents",56,56,55,66,58.2,NA,4.1,"Yes","Yes","No","Never",6.2,"Daily","Yes","Good",1
"GESS-S0582","SCH-026","Upper East",10.9688,-0.3043,"Female",17,"SHS 2-3","Boarding","JHS","Artisan","High (>GHS 2000)",3,"Single parent",38,68,56,55,54.2,88.1,NA,"No","Yes","No","Sometimes",2.6,"Sometimes","Yes","Average",2.6
"GESS-S0583","SCH-081","Bono East",8.1979,-1.5651,"Female",17,"SHS 2-3","Day","Primary","Farmer","Low (<GHS 800)",1,"Both parents",39,29,50,51,42.2,84,1.8,"Yes","Yes","Yes","Never",5.4,"Sometimes","No","Average",4.4
"GESS-S0584","SCH-082","Greater Accra",5.0628,-0.6548,"Female",14,"JHS 3-SHS 1","Day","JHS","Farmer","Mid (GHS 800-2000)",1,"Both parents",57,69,58,64,62,77.3,1.2,"No","Yes","Yes","Never",5,"Daily","Yes","Good",3.1
"GESS-S0585","SCH-075","Eastern",7.0343,0.07,"Female",16,"SHS 2-3","Boarding","SHS","Unemployed",NA,7,"Both parents",70,70,68,72,70,100,2.8,"No","Yes","No","Never",7.7,"Daily","Yes","Good",1.8
"GESS-S0586","SCH-002","Ahafo",7.1686,-2.488,"Female",15,"JHS 3-SHS 1","Day","Primary","Trader","Low (<GHS 800)",5,"Both parents",38,43,39,52,43,68.9,2.4,"Yes","No","Yes","Never",3.8,"Daily","No","Average",6.1
"GESS-S0587","SCH-032","Oti",8.0823,0.6277,"Male",14,"JHS 3-SHS 1","Boarding","Primary","Farmer","Low (<GHS 800)",7,"Orphan",83,67,43,71,66,83.2,4.8,"Yes","Yes","No","Sometimes",6.5,"Sometimes","Yes","Good",1.2
"GESS-S0588","SCH-020","Greater Accra",5.9806,-0.383,"Female",16,"SHS 2-3","Boarding","SHS","Artisan","Mid (GHS 800-2000)",7,"Both parents",74,NA,75,75,72.8,84.2,2.2,"Yes","Yes","No","Never",7.2,"Never","Yes","Excellent",2.6
"GESS-S0589","SCH-027","Greater Accra",5.9248,0.1328,"Male",16,"SHS 2-3","Boarding","JHS","Trader","High (>GHS 2000)",3,"Both parents",75,60,83,79,74.2,74.5,NA,"Yes","Yes","No","Never",8.2,"Sometimes","Yes","Excellent",1.9
"GESS-S0590","SCH-023","Central",5.5563,-1.529,"Female",12,"JHS 1-2","Boarding","SHS","Trader","Low (<GHS 800)",5,"Both parents",73,100,85,87,86.2,84.5,5.2,"No","Yes","No","Never",NA,"Daily","Yes","Excellent",0.5
"GESS-S0591","SCH-016","North East",10.7702,-0.4454,"Male",12,"JHS 1-2","Day","SHS","Civil Servant","High (>GHS 2000)",5,"Single parent",69,66,80,60,68.8,66.9,6,"Yes","No","No","Never",4.2,"Daily","Yes","Good",2.9
"GESS-S0592","SCH-079","Greater Accra",5.871,0.2334,"Female",15,"JHS 3-SHS 1","Day","SHS","Trader","Low (<GHS 800)",4,"Both parents",32,44,29,34,34.8,89.5,2,"No","No","Yes","Never",6.2,"Daily","No","Below Average",2.9
"GESS-S0593","SCH-038","Central",5.2727,-1.534,"Male",15,"JHS 3-SHS 1","Day","JHS","Civil Servant","Low (<GHS 800)",8,"Both parents",72,74,83,85,78.5,91.6,2.6,"No","No","No","Never",6.3,"Never","Yes","Excellent",2.3
"GESS-S0594","SCH-007","Oti",8.1894,0.503,"Male",18,"SHS 3+","Day","Primary","Civil Servant","High (>GHS 2000)",7,"Both parents",62,75,56,57,62.5,83.2,4.1,"Yes","No","No","Never",10,"Daily","Yes","Good",2.1
"GESS-S0595","SCH-017","Western North",6.3896,-2.5151,"Female",18,"SHS 3+","Boarding","Tertiary","Trader","Low (<GHS 800)",2,"Both parents",52,39,61,40,48,70,3.2,"Yes","No","Yes","Never",6.8,"Never","No","Average",4.3
"GESS-S0596","SCH-094","Greater Accra",5.9519,0.3639,"Female",18,"SHS 3+","Boarding","JHS","Trader","Low (<GHS 800)",4,"Single parent",61,75,NA,88,78.8,67.9,2.7,"No","No","No","Never",9.2,"Never","Yes","Excellent",1.5
"GESS-S0597","SCH-012","Eastern",6.0216,-0.1975,"Female",17,"SHS 2-3","Boarding","None","Farmer","Low (<GHS 800)",7,"Both parents",81,43,56,70,62.5,56.5,4.9,"No","No","No","Sometimes",7.5,"Daily","Yes","Good",4.5
"GESS-S0598","SCH-047","Greater Accra",5.5057,0.0279,"Female",12,"JHS 1-2","Boarding","Tertiary","Unemployed","Mid (GHS 800-2000)",1,"Both parents",79,61,50,72,65.5,94.6,NA,"Yes","No","No","Never",7,"Never","Yes","Good",0.9
"GESS-S0599","SCH-079","Ashanti",6.3315,-1.7425,"Male",17,"SHS 2-3","Boarding","JHS","Artisan","Mid (GHS 800-2000)",9,"Both parents",75,51,66,73,66.2,100,1.9,"No","No","Yes","Never",2.5,"Never","Yes","Good",1.5
"GESS-S0600","SCH-060","Upper West",10.4298,-1.9611,"Male",20,"SHS 3+","Boarding","JHS","Farmer","High (>GHS 2000)",2,"Both parents",73,78,80,83,78.5,95.6,5.5,"No","No","No","Never",6.2,"Sometimes","Yes","Excellent",1
"GESS-S0601","SCH-027","Bono East",8.1801,-1.0461,"Female",13,"JHS 1-2","Boarding","Primary","Civil Servant","Mid (GHS 800-2000)",6,"Both parents",95,81,86,79,85.2,72.4,4.5,"Yes","No","Yes","Never",7.9,"Sometimes","Yes","Excellent",1.2
"GESS-S0602","SCH-005","Northern",8.984,-0.7928,"Female",20,"SHS 3+","Boarding","JHS","Farmer","Low (<GHS 800)",6,"Both parents",53,62,47,68,57.5,72.7,1.5,"No","Yes","No","Never",7.5,"Daily","Yes","Good",3.6
"GESS-S0603","SCH-001","Northern",10.0729,-1.4099,"Male",16,"SHS 2-3","Day","SHS","Farmer","Low (<GHS 800)",2,"Single parent",42,53,57,32,46,90.7,1,"Yes","Yes","No","Never",3.9,"Sometimes","No","Average",2.4
"GESS-S0604","SCH-027","Eastern",6.0295,-0.6116,"Male",14,"JHS 3-SHS 1","Day","JHS","Artisan","Mid (GHS 800-2000)",5,"Both parents",49,66,54,45,53.5,84.5,3.4,"No","Yes","Yes","Sometimes",7.9,"Sometimes","Yes","Average",2.9
"GESS-S0605","SCH-025","Upper West",9.753,-2.2299,"Female",15,"JHS 3-SHS 1","Boarding","JHS","Artisan","High (>GHS 2000)",5,"Both parents",70,69,72,62,68.2,100,4.5,"No","Yes","No","Sometimes",3.3,"Never","Yes","Good",0.2
"GESS-S0606","SCH-036","Ashanti",6.4415,-1.3757,"Male",15,"JHS 3-SHS 1","Day","None","Unemployed","High (>GHS 2000)",3,"Both parents",66,74,52,57,62.2,89.9,4.8,"No","Yes","No","Never",5.5,"Sometimes","Yes","Good",0.8
"GESS-S0607","SCH-075","Bono",7.1448,-2.473,"Male",15,"JHS 3-SHS 1","Boarding","JHS","Farmer","Low (<GHS 800)",8,"Single parent",98,73,82,86,84.8,96.8,4.5,"No","Yes","Yes","Never",6.6,"Daily","Yes","Excellent",1.6
"GESS-S0608","SCH-071","Volta",7.1415,0.2167,"Male",14,"JHS 3-SHS 1","Boarding","Tertiary","Artisan","Mid (GHS 800-2000)",7,"Both parents",62,62,61,64,62.2,83.8,6.1,"Yes","No","No","Never",7.2,"Sometimes","Yes","Good",1.6
"GESS-S0609","SCH-078","Upper East",10.8683,-1.071,"Male",17,"SHS 2-3","Boarding","Tertiary","Unemployed","Low (<GHS 800)",11,"Both parents",74,53,56,70,63.2,88.1,2,"Yes","No","No","Often",5.5,"Sometimes","Yes","Good",2.8
"GESS-S0610","SCH-021","Central",5.3954,-1.573,"Male",17,"SHS 2-3","Day","JHS","Professional","High (>GHS 2000)",3,"Single parent",80,84,NA,87,86,93.7,4.8,"Yes","No","Yes","Sometimes",6.3,"Never","Yes","Excellent",1.4
"GESS-S0611","SCH-045","Ahafo",6.5384,-2.7252,"Male",14,"JHS 3-SHS 1","Day","None","Unemployed","High (>GHS 2000)",4,"Both parents",59,56,45,63,55.8,77.9,4.7,"No","No","No","Never",5.7,"Daily","Yes","Good",3.6
"GESS-S0612","SCH-087","Savannah",8.8319,-2.0912,"Female",15,"JHS 3-SHS 1","Boarding","JHS","Farmer","High (>GHS 2000)",6,"Single parent",48,51,55,49,50.8,80.8,2.6,"Yes","Yes","Yes","Sometimes",2.1,"Sometimes","Yes","Average",5.1
"GESS-S0613","SCH-012","Greater Accra",5.3638,0.206,"Male",18,"SHS 3+","Day","SHS","Civil Servant",NA,5,"Single parent",77,68,72,74,72.8,69.8,NA,"No","No","No","Never",7.2,"Daily","Yes","Excellent",4.2
"GESS-S0614","SCH-092","Upper East",11.2552,-0.5115,"Female",12,"JHS 1-2","Boarding","SHS","Artisan","Mid (GHS 800-2000)",7,"Both parents",77,65,73,85,75,100,3.2,"Yes","Yes","Yes","Sometimes",7.4,"Sometimes","Yes","Excellent",1.4
"GESS-S0615","SCH-080","Volta",7.4818,0.3164,"Female",16,"SHS 2-3","Boarding","JHS","Artisan","Low (<GHS 800)",4,"Both parents",73,71,84,74,75.5,85.3,2.5,"No","No","No","Sometimes",8.9,"Daily","Yes","Excellent",2.3
"GESS-S0616","SCH-009","Volta",6.8083,0.9688,"Male",19,"SHS 3+","Day","Primary","Farmer","Mid (GHS 800-2000)",5,"Single parent",71,NA,63,77,66.5,90.5,3.4,"Yes","No","No","Never",3.3,"Daily","Yes","Good",2.3
"GESS-S0617","SCH-077","Ashanti",7.0406,-1.935,"Male",15,"JHS 3-SHS 1","Boarding","JHS","Farmer","Low (<GHS 800)",8,"Both parents",46,42,39,53,45,75.3,2.7,"Yes","No","Yes","Never",8.8,"Daily","No","Average",5.6
"GESS-S0618","SCH-056","Ashanti",6.1919,-2.1706,"Male",15,"JHS 3-SHS 1","Boarding","SHS","Farmer","High (>GHS 2000)",5,"Both parents",89,87,77,72,81.2,81.1,5.5,"Yes","Yes","No","Sometimes",2.7,"Sometimes","Yes","Excellent",3.1
"GESS-S0619","SCH-075","Greater Accra",6.2014,-0.1718,"Male",14,"JHS 3-SHS 1","Day","JHS","Farmer","Mid (GHS 800-2000)",4,"Both parents",78,NA,86,81,78,85.5,4,"No","Yes","No","Never",7.9,"Never","Yes","Excellent",2.9
"GESS-S0620","SCH-066","Ashanti",6.0878,-1.1451,"Female",14,"JHS 3-SHS 1","Boarding","Tertiary","Farmer","Low (<GHS 800)",6,"Both parents",53,51,52,51,51.8,61.5,1.1,"No","Yes","No","Often",4.2,"Never","Yes","Average",4
"GESS-S0621","SCH-024","Northern",9.8662,-0.6231,"Male",15,"JHS 3-SHS 1","Boarding","Primary","Farmer","Mid (GHS 800-2000)",1,"Single parent",54,66,NA,51,56,79.2,2.7,"No","Yes","No","Never",9.7,"Never","Yes","Good",0.6
"GESS-S0622","SCH-024","Northern",9.2029,-1.1074,"Female",15,"JHS 3-SHS 1","Boarding","SHS","Farmer","Low (<GHS 800)",4,"Single parent",87,78,75,86,81.5,87.6,3,"No","No","No","Sometimes",5.3,"Sometimes","Yes","Excellent",1.1
"GESS-S0623","SCH-019","Greater Accra",5.4649,-0.0263,"Female",14,"JHS 3-SHS 1","Day","JHS","Trader","High (>GHS 2000)",5,"Both parents",45,42,40,56,45.8,93.7,3.1,"Yes","No","Yes","Never",6,"Never","No","Average",2
"GESS-S0624","SCH-082","Ashanti",7.2031,-1.5002,"Male",14,"JHS 3-SHS 1","Boarding","Primary","Farmer","Mid (GHS 800-2000)",1,"Both parents",46,60,64,45,53.8,66.8,4.7,"Yes","No","No","Never",NA,"Sometimes","Yes","Average",3.6
"GESS-S0625","SCH-050","Western North",6.8369,-2.8159,"Male",17,"SHS 2-3","Day","Primary","Unemployed","Low (<GHS 800)",7,"Both parents",30,14,15,15,18.5,69,1.9,"No","Yes","Yes","Often",7.3,"Never","No","Below Average",5.3
"GESS-S0626","SCH-060","Western",4.5789,-1.6974,"Female",16,"SHS 2-3","Boarding","Tertiary","Farmer","Low (<GHS 800)",1,"Both parents",69,47,65,67,62,NA,6.1,"No","Yes","No","Never",4.6,"Daily","Yes","Good",3
"GESS-S0627","SCH-058","Northern",9.8479,-0.9739,"Female",13,"JHS 1-2","Boarding","JHS","Unemployed","Mid (GHS 800-2000)",6,"Both parents",84,68,74,75,75.2,64.1,3.9,"Yes","Yes","No","Never",3.8,"Sometimes","Yes","Excellent",1
"GESS-S0628","SCH-020","Volta",6.8561,0.2347,"Female",15,"JHS 3-SHS 1","Day","Tertiary","Professional","High (>GHS 2000)",4,"Both parents",73,86,NA,77,77.5,85,5.1,"No","No","No","Sometimes",5.9,"Sometimes","Yes","Excellent",2.9
"GESS-S0629","SCH-099","North East",10.523,0.0801,"Female",17,"SHS 2-3","Boarding","None","Professional","Mid (GHS 800-2000)",4,"Single parent",58,64,71,58,62.8,77.6,3.8,"Yes","Yes","No","Sometimes",6.1,"Daily","Yes","Good",3.3
"GESS-S0630","SCH-088","Western",5.6995,-2.365,"Female",15,"JHS 3-SHS 1","Day","SHS","Farmer","Mid (GHS 800-2000)",4,"Both parents",62,53,44,51,52.5,75.3,3.7,"No","No","No","Never",4.3,"Never","Yes","Average",3.6
"GESS-S0631","SCH-036","Central",5.4295,-1.1065,"Male",15,"JHS 3-SHS 1","Day","Primary","Unemployed",NA,1,"Both parents",87,74,81,93,83.8,71.3,2.4,"Yes","No","Yes","Never",7.3,"Sometimes","Yes","Excellent",1.2
"GESS-S0632","SCH-071","Central",5.0842,-0.552,"Female",17,"SHS 2-3","Boarding","JHS","Professional","Low (<GHS 800)",5,"Both parents",76,56,74,74,70,80.9,5.8,"No","No","No","Never",2.8,"Sometimes","Yes","Good",1.6
"GESS-S0633","SCH-002","Bono East",7.3021,-1.1317,"Male",18,"SHS 3+","Boarding","Tertiary","Trader","Mid (GHS 800-2000)",4,"Both parents",64,75,64,75,69.5,78.9,4.8,"No","No","No","Never",6.5,"Never","Yes","Good",2.6
"GESS-S0634","SCH-008","Greater Accra",5.4754,-0.1566,"Female",19,"SHS 3+","Day","None","Professional","Mid (GHS 800-2000)",5,"Both parents",54,57,57,55,55.8,67.7,5.2,"No","Yes","Yes","Never",7.3,"Never","Yes","Good",1.9
"GESS-S0635","SCH-051","Western",5.3283,-2.3986,"Male",17,"SHS 2-3","Day","None","Artisan","Mid (GHS 800-2000)",4,"Both parents",79,57,65,68,67.2,97.8,2.7,"Yes","Yes","No","Never",7.2,"Never","Yes","Good",2.1
"GESS-S0636","SCH-093","Northern",9.9973,-0.718,"Female",15,"JHS 3-SHS 1","Boarding","SHS","Trader","High (>GHS 2000)",7,"Both parents",83,69,75,85,78,79.5,2.5,"No","Yes","No","Never",3.3,"Daily","Yes","Excellent",0.8
"GESS-S0637","SCH-013","Western North",6.6622,-2.6218,"Male",15,"JHS 3-SHS 1","Day","Primary","Civil Servant","Mid (GHS 800-2000)",6,"Single parent",73,76,86,79,78.5,89,4,"Yes","Yes","No","Often",7.5,"Daily","Yes","Excellent",1.7
"GESS-S0638","SCH-075","Northern",9.6029,-1.4304,"Male",15,"JHS 3-SHS 1","Day","Primary","Trader",NA,2,"Single parent",72,NA,69,69,68.5,72.1,4.3,"No","No","No","Never",8.3,"Never","Yes","Good",2.4
"GESS-S0639","SCH-009","Ashanti",7.244,-1.801,"Female",17,"SHS 2-3","Day","None","Civil Servant","High (>GHS 2000)",5,"Both parents",66,69,82,78,73.8,76.6,4.3,"No","No","No","Never",5.3,"Daily","Yes","Excellent",1.1
"GESS-S0640","SCH-086","Greater Accra",5.4088,-0.2889,"Male",14,"JHS 3-SHS 1","Boarding","JHS","Artisan","Mid (GHS 800-2000)",5,"Single parent",53,68,66,55,60.5,87.1,2.3,"No","Yes","No","Never",6.2,"Sometimes","Yes","Good",2.8
"GESS-S0641","SCH-074","Greater Accra",5.8523,-0.7009,"Male",19,"SHS 3+","Boarding","Tertiary","Artisan","Mid (GHS 800-2000)",8,"Single parent",66,65,61,74,66.5,92.6,3.9,"No","Yes","Yes","Never",5.6,"Sometimes","Yes","Good",NA
"GESS-S0642","SCH-074","Western",5.5061,-2.3814,"Female",14,"JHS 3-SHS 1","Day","JHS","Civil Servant","Low (<GHS 800)",4,"Both parents",61,47,71,59,59.5,100,2.4,"No","Yes","No","Never",1.4,"Daily","Yes","Good",3.3
"GESS-S0643","SCH-069","Upper East",10.2011,-0.7148,"Male",16,"SHS 2-3","Boarding","None","Trader","Low (<GHS 800)",7,"Single parent",43,33,46,45,41.8,78.1,1.5,"Yes","No","No","Never",5.9,"Never","No","Average",3.6
"GESS-S0644","SCH-095","North East",11.1141,-0.1498,"Male",12,"JHS 1-2","Day","JHS","Farmer",NA,4,"Both parents",81,76,72,90,79.8,50.4,3,"No","Yes","No","Never",6.9,"Daily","Yes","Excellent",3.7
"GESS-S0645","SCH-097","Western North",6.1747,-3.2166,"Female",17,"SHS 2-3","Boarding","None","Farmer","Mid (GHS 800-2000)",10,"Both parents",56,62,59,44,55.2,75.4,4.4,"Yes","No","Yes","Never",7.9,"Never","Yes","Good",3.6
"GESS-S0646","SCH-086","Central",5.6962,-0.8681,"Female",12,"JHS 1-2","Day","JHS",NA,"Low (<GHS 800)",5,"Both parents",37,32,27,41,34.2,99.3,NA,"No","Yes","No","Sometimes",5.5,"Sometimes","No","Below Average",4.1
"GESS-S0647","SCH-054","Upper East",11.0944,-0.924,"Female",14,"JHS 3-SHS 1","Boarding","None","Trader","Mid (GHS 800-2000)",6,"Single parent",59,65,48,62,58.5,84.8,3.5,"No","No","No","Never",5.3,"Never","Yes","Good",0.4
"GESS-S0648","SCH-087","Ashanti",6.7693,-1.1565,"Female",14,"JHS 3-SHS 1","Day","Primary",NA,"High (>GHS 2000)",3,"Both parents",50,54,45,58,51.8,91,3.4,"Yes","No","No","Never",4.5,"Never","Yes","Average",3
"GESS-S0649","SCH-017","Greater Accra",5.0713,-0.3339,"Male",13,"JHS 1-2","Day","Tertiary","Trader","High (>GHS 2000)",1,"Both parents",66,50,56,59,57.8,69.8,3.9,"Yes","No","Yes","Never",2.8,"Sometimes","Yes","Good",2.9
"GESS-S0650","SCH-030","Northern",9.7877,-0.6113,"Male",12,"JHS 1-2","Boarding","Primary","Farmer","Mid (GHS 800-2000)",7,"Both parents",50,57,52,59,54.5,85.8,2.9,"No","Yes","No","Sometimes",6.9,"Daily","Yes","Average",3.3
"GESS-S0651","SCH-014","Savannah",8.8407,-2.0283,"Male",15,"JHS 3-SHS 1","Boarding","Primary","Farmer","Mid (GHS 800-2000)",3,"Single parent",74,67,76,61,69.5,75.8,6.6,"Yes","No","No","Sometimes",8,"Sometimes","Yes","Good",3.9
"GESS-S0652","SCH-078","North East",10.104,-0.5401,"Female",13,"JHS 1-2","Day","SHS","Farmer","Mid (GHS 800-2000)",4,"Both parents",72,75,55,74,69,74.7,3.6,"No","No","Yes","Never",7,"Sometimes","Yes","Good",2.9
"GESS-S0653","SCH-071","Upper East",10.9217,-1.2337,"Female",17,"SHS 2-3","Day","None","Farmer","Low (<GHS 800)",5,"Both parents",70,81,55,59,66.2,71.6,3.3,"No","No","No","Never",8.5,"Never","Yes","Good",0.9
"GESS-S0654","SCH-001","Central",5.1916,-1.3251,"Female",19,"SHS 3+","Day","Primary","Trader","High (>GHS 2000)",3,"Both parents",85,NA,81,70,79.5,63.7,3.4,"No","No","No","Never",2.4,"Daily","Yes","Excellent",2.5
"GESS-S0655","SCH-036","Eastern",5.9307,0.0564,"Male",12,"JHS 1-2","Day","Tertiary","Trader","Mid (GHS 800-2000)",3,"Both parents",64,53,49,66,58,61.6,2.6,"No","Yes","No","Often",7.9,"Daily","Yes","Good",3.6
"GESS-S0656","SCH-031","Ahafo",6.9976,-2.5172,"Female",15,"JHS 3-SHS 1","Day","Tertiary","Civil Servant","Mid (GHS 800-2000)",6,"Both parents",68,53,55,46,55.5,61.5,2.2,"No","Yes","Yes","Never",7.2,"Daily","Yes","Good",5.4
"GESS-S0657","SCH-002","Northern",9.7697,-0.8591,"Female",18,"SHS 3+","Boarding","Primary","Artisan","Mid (GHS 800-2000)",9,"Single parent",34,34,40,55,40.8,74.6,4.1,"No","Yes","No","Never",3.5,"Never","No","Average",3.8
"GESS-S0658","SCH-017","Eastern",6.0632,-0.1162,"Male",16,"SHS 2-3","Boarding","SHS","Trader","Mid (GHS 800-2000)",5,"Both parents",48,68,42,58,54,93.4,3.9,"No","No","No","Sometimes",5.4,"Daily","Yes","Average",2
"GESS-S0659","SCH-083","Savannah",9.1007,-1.7138,"Male",20,"SHS 3+","Boarding","Tertiary","Trader","Low (<GHS 800)",7,"Both parents",73,69,62,70,68.5,89.9,4.1,"Yes","Yes","No","Sometimes",8.1,"Sometimes","Yes","Good",0.3
"GESS-S0660","SCH-076","Western",4.5665,-2.1038,"Female",12,"JHS 1-2","Day","Tertiary","Civil Servant","Low (<GHS 800)",8,"Both parents",72,61,72,75,70,87.3,3.9,"Yes","Yes","No","Never",6.7,"Daily","Yes","Good",2.5
"GESS-S0661","SCH-034","Ashanti",6.16,-1.5298,"Male",16,"SHS 2-3","Boarding","JHS","Trader","Low (<GHS 800)",3,"Both parents",72,79,80,71,75.5,81.7,4.2,"No","No","No","Sometimes",6.7,"Never","Yes","Excellent",2.1
"GESS-S0662","SCH-028","Volta",6.5892,0.0492,"Male",16,"SHS 2-3","Day","JHS","Trader","Mid (GHS 800-2000)",6,"Single parent",75,63,NA,70,67.2,86.6,4.7,"No","Yes","Yes","Never",8,"Daily","Yes","Good",2.5
"GESS-S0663","SCH-045","Ashanti",7.2362,-1.2643,"Male",17,"SHS 2-3","Day","Tertiary","Professional","Mid (GHS 800-2000)",9,"Both parents",69,82,61,78,72.5,87,3.1,"No","No","No","Sometimes",3.8,"Sometimes","Yes","Excellent",3.7
"GESS-S0664","SCH-030","Upper West",10.6661,-2.865,"Male",17,"SHS 2-3","Day","None","Trader","Low (<GHS 800)",7,"Both parents",48,45,NA,61,52,NA,3.7,"No","Yes","No","Never",5.8,"Daily","Yes","Average",3.9
"GESS-S0665","SCH-002","North East",10.9523,-0.5087,"Male",17,"SHS 2-3","Boarding","None","Professional","Low (<GHS 800)",5,"Single parent",71,42,48,46,51.8,91,4.6,"Yes","Yes","No","Sometimes",3.7,"Never","Yes","Average",2
"GESS-S0666","SCH-093","Ashanti",6.4493,-1.0359,"Male",12,"JHS 1-2","Boarding","SHS","Farmer","Low (<GHS 800)",5,"Both parents",98,76,80,80,83.5,75.8,3.7,"Yes","No","Yes","Never",5,"Sometimes","Yes","Excellent",1.2
"GESS-S0667","SCH-005","Ahafo",7.1022,-3.0067,"Male",16,"SHS 2-3","Boarding","None","Trader",NA,5,"Single parent",72,64,59,72,66.8,84.5,7.3,"No","Yes","No","Never",6.2,"Sometimes","Yes","Good",3.3
"GESS-S0668","SCH-075","Eastern",6.3845,-0.8923,"Female",13,"JHS 1-2","Day","Tertiary","Professional","High (>GHS 2000)",6,"Both parents",44,31,61,45,45.2,77.5,3.1,"No","Yes","No","Never",NA,"Daily","No","Average",1.8
"GESS-S0669","SCH-096","Central",5.8926,-1.1798,"Male",17,"SHS 2-3","Day","SHS","Unemployed","Mid (GHS 800-2000)",4,"Single parent",70,NA,61,67,65.8,92.5,3.3,"No","Yes","No","Never",5.9,"Sometimes","Yes","Good",NA
"GESS-S0670","SCH-022","Greater Accra",5.4615,-0.0654,"Male",15,"JHS 3-SHS 1","Day","None","Farmer","Mid (GHS 800-2000)",6,"Orphan",59,67,50,48,56,62.5,2.6,"No","No","Yes","Sometimes",2.4,"Sometimes","Yes","Good",5.2
"GESS-S0671","SCH-053","Greater Accra",5.6519,0.1346,"Male",19,"SHS 3+","Day","SHS","Farmer","Mid (GHS 800-2000)",8,"Both parents",78,65,67,62,68,82.5,3.8,"No","Yes","No","Never",5.4,"Sometimes","Yes","Good",3
"GESS-S0672","SCH-046","Eastern",6.3862,-0.5485,"Female",20,"SHS 3+","Boarding","JHS","Civil Servant","Mid (GHS 800-2000)",5,"Both parents",70,52,57,66,61.2,72.4,4.8,"No","Yes","Yes","Never",8.8,"Daily","Yes","Good",3.9
"GESS-S0673","SCH-033","Eastern",6.0333,-0.2438,"Male",17,"SHS 2-3","Boarding","None",NA,"Mid (GHS 800-2000)",8,"Single parent",61,50,50,54,53.8,87.8,2.5,"No","Yes","Yes","Sometimes",3.8,"Daily","Yes","Average",3
"GESS-S0674","SCH-087","Bono",7.3629,-1.9342,"Female",13,"JHS 1-2","Day","JHS","Artisan","High (>GHS 2000)",6,"Both parents",67,49,55,55,56.5,76.8,2,"Yes","No","No","Never",6.1,"Daily","Yes","Good",3.4
"GESS-S0675","SCH-019","Northern",9.7563,-0.9587,"Male",15,"JHS 3-SHS 1","Boarding","JHS","Unemployed","Mid (GHS 800-2000)",2,"Single parent",50,40,62,58,52.5,78.8,3.3,"No","No","No","Never",7.5,"Daily","Yes","Average",1.4
"GESS-S0676","SCH-073","Ashanti",6.2922,-1.2058,"Male",18,"SHS 3+","Day","JHS","Farmer","Low (<GHS 800)",6,"Both parents",56,50,43,48,49.2,83.5,2.5,"Yes","Yes","No","Never",4.1,"Never","No","Average",1.7
"GESS-S0677","SCH-033","Bono East",7.5903,-1.402,"Female",14,"JHS 3-SHS 1","Boarding","JHS","Farmer","Low (<GHS 800)",5,"Single parent",69,51,68,52,60,99.9,3,"Yes","Yes","No","Never",7.3,"Sometimes","Yes","Good",1.9
"GESS-S0678","SCH-057","Ashanti",6.4303,-2.1128,"Male",15,"JHS 3-SHS 1","Day","None","Farmer","Mid (GHS 800-2000)",3,"Orphan",43,47,50,39,44.8,71.1,3,"Yes","Yes","No","Never",6.6,"Daily","No","Average",2.5
"GESS-S0679","SCH-060","Volta",7.3514,0.8693,"Male",17,"SHS 2-3","Day","None","Professional",NA,1,"Both parents",77,79,NA,86,78.8,68.6,3.2,"No","Yes","No","Never",6.5,"Never","Yes","Excellent",NA
"GESS-S0680","SCH-033","Bono East",8.1923,-1.9417,"Female",12,"JHS 1-2","Boarding","Tertiary","Farmer","Low (<GHS 800)",4,"Both parents",41,65,24,34,41,67.9,1.5,"No","Yes","Yes","Never",7.9,"Daily","No","Average",3.9
"GESS-S0681","SCH-053","Greater Accra",5.9426,-0.2627,"Male",18,"SHS 3+","Boarding","SHS","Professional","Mid (GHS 800-2000)",6,"Both parents",76,93,68,58,73.8,100,6.4,"Yes","No","No","Sometimes",4.5,"Daily","Yes","Excellent",0.2
"GESS-S0682","SCH-033","Western",5.3101,-2.422,"Male",15,"JHS 3-SHS 1","Day","Tertiary","Artisan",NA,5,"Orphan",74,56,57,57,61,75.1,2.1,"Yes","No","Yes","Never",6,"Daily","Yes","Good",4.1
"GESS-S0683","SCH-058","Central",5.4729,-1.3952,"Male",16,"SHS 2-3","Day","Tertiary","Professional","Mid (GHS 800-2000)",2,"Both parents",96,84,99,100,94.8,83.8,3.6,"No","No","No","Never",7.1,"Sometimes","Yes","Excellent",0
"GESS-S0684","SCH-073","Northern",8.9716,-1.0395,"Female",16,"SHS 2-3","Boarding","SHS","Trader","Low (<GHS 800)",4,"Both parents",61,72,61,68,65.5,86.5,1.7,"No","Yes","Yes","Never",4.5,"Sometimes","Yes","Good",3
"GESS-S0685","SCH-050","Ashanti",6.3743,-1.7299,"Female",14,"JHS 3-SHS 1","Day","Tertiary","Civil Servant","High (>GHS 2000)",2,"Single parent",91,85,93,74,85.8,73.7,4.3,"No","No","No","Never",5,"Daily","Yes","Excellent",NA
"GESS-S0686","SCH-050","Ashanti",6.7984,-1.7301,"Male",13,"JHS 1-2","Boarding","Primary","Farmer","Low (<GHS 800)",6,"Both parents",81,91,83,89,86,92.7,1,"No","No","No","Never",8.6,"Never","Yes","Excellent",1.3
"GESS-S0687","SCH-084","Volta",6.7853,0.2672,"Male",17,"SHS 2-3","Boarding","Primary","Trader",NA,6,"Both parents",37,41,21,41,35,96.2,3.9,"No","Yes","Yes","Sometimes",8.7,"Never","No","Below Average",3.5
"GESS-S0688","SCH-061","Ashanti",6.1044,-2.1281,"Female",16,"SHS 2-3","Day","JHS","Trader","High (>GHS 2000)",9,"Both parents",40,33,65,57,48.8,92.2,3.3,"Yes","No","Yes","Sometimes",5.7,"Never","No","Average",2.3
"GESS-S0689","SCH-028","Northern",10.0863,-1.1899,"Male",13,"JHS 1-2","Boarding","SHS","Trader","Low (<GHS 800)",7,"Single parent",94,89,89,85,89.2,97,3,"Yes","No","No","Never",4.6,"Sometimes","Yes","Excellent",0
"GESS-S0690","SCH-074","Northern",9.9956,-0.6743,"Male",15,"JHS 3-SHS 1","Day","Primary","Civil Servant","Mid (GHS 800-2000)",4,"Both parents",65,71,65,70,67.8,76,1.7,"No","No","No","Often",8,"Sometimes","Yes","Good",3.7
"GESS-S0691","SCH-063","Greater Accra",6.0092,0.357,"Male",18,"SHS 3+","Day","Primary","Civil Servant",NA,2,"Both parents",52,NA,61,58,53.5,82.5,3.8,"No","Yes","No","Sometimes",6.9,"Sometimes","Yes","Average",4.8
"GESS-S0692","SCH-010","Upper West",10.0119,-2.4486,"Male",13,"JHS 1-2","Day","Primary","Professional","High (>GHS 2000)",5,"Both parents",64,60,67,66,64.2,85,2.4,"Yes","No","No","Sometimes",NA,"Daily","Yes","Good",2.2
"GESS-S0693","SCH-030","Ashanti",6.556,-1.1108,"Male",12,"JHS 1-2","Day","Tertiary","Artisan","Mid (GHS 800-2000)",5,"Both parents",37,38,27,36,34.5,90.4,3.4,"No","No","Yes","Never",5.1,"Daily","No","Below Average",3.3
"GESS-S0694","SCH-011","Ashanti",6.5583,-1.434,"Female",13,"JHS 1-2","Day","SHS","Trader","Mid (GHS 800-2000)",4,"Both parents",70,78,53,61,65.5,83.8,3.8,"Yes","Yes","Yes","Sometimes",4.2,"Daily","Yes","Good",2.3
"GESS-S0695","SCH-053","Volta",7.417,0.3036,"Male",15,"JHS 3-SHS 1","Day","JHS","Trader","High (>GHS 2000)",8,"Orphan",59,50,54,51,53.5,97.1,2.6,"Yes","No","Yes","Never",5.8,"Daily","Yes","Average",3.2
"GESS-S0696","SCH-083","Central",4.9065,-0.887,"Female",15,"JHS 3-SHS 1","Boarding","None","Trader","Mid (GHS 800-2000)",7,"Single parent",68,64,73,63,67,66.5,2.7,"Yes","Yes","Yes","Never",3.1,"Daily","Yes","Good",2.1
"GESS-S0697","SCH-007","Greater Accra",5.5705,-0.2434,"Female",17,"SHS 2-3","Day","SHS","Civil Servant","Mid (GHS 800-2000)",5,"Both parents",44,51,47,55,49.2,91.6,3.3,"No","Yes","No","Never",2.8,"Daily","No","Average",2.3
"GESS-S0698","SCH-016","Upper West",10.4738,-2.7025,"Male",12,"JHS 1-2","Day","JHS","Farmer","Mid (GHS 800-2000)",6,"Both parents",53,62,62,57,58.5,92.6,2.8,"No","Yes","No","Sometimes",NA,"Daily","Yes","Good",3.1
"GESS-S0699","SCH-002","Central",4.873,-1.3479,"Male",16,"SHS 2-3","Day","None","Artisan","High (>GHS 2000)",7,"Both parents",75,68,62,75,70,93.9,2.2,"No","No","No","Never",3.2,"Sometimes","Yes","Good",1.9
"GESS-S0700","SCH-004","Bono East",7.3376,-1.1699,"Male",15,"JHS 3-SHS 1","Boarding","Tertiary","Artisan","Mid (GHS 800-2000)",5,"Both parents",45,27,40,38,37.5,83.6,2.1,"No","Yes","Yes","Sometimes",9.8,"Never","No","Below Average",4.1
"GESS-S0701","SCH-007","Western",5.3644,-1.6133,"Male",16,"SHS 2-3","Day","JHS","Trader","Mid (GHS 800-2000)",1,"Both parents",33,29,27,31,30,82.9,1.5,"No","Yes","Yes","Never",4.1,"Never","No","Below Average",3.8
"GESS-S0702","SCH-018","Volta",7.2747,0.0194,"Female",15,"JHS 3-SHS 1","Day","JHS","Farmer","Low (<GHS 800)",2,"Single parent",57,65,55,60,59.2,76.6,1.8,"Yes","No","No","Sometimes",3.8,"Daily","Yes","Good",2
"GESS-S0703","SCH-050","Ahafo",6.5825,-2.2805,"Female",19,"SHS 3+","Day","Primary","Civil Servant","High (>GHS 2000)",2,"Orphan",72,46,50,51,54.8,88.6,4.5,"No","No","No","Sometimes",4.8,"Daily","Yes","Average",NA
"GESS-S0704","SCH-023","Upper East",10.7605,-1.1376,"Male",18,"SHS 3+","Day","Tertiary","Artisan","Mid (GHS 800-2000)",5,"Both parents",53,44,68,34,49.8,74.9,0.9,"No","Yes","No","Sometimes",8.2,"Daily","No","Average",3
"GESS-S0705","SCH-097","Upper East",11.0681,-1.0635,"Female",17,"SHS 2-3","Day","Primary","Trader","High (>GHS 2000)",6,"Orphan",69,57,72,70,67,94.4,3.3,"No","Yes","Yes","Never",4,"Daily","Yes","Good",0.5
"GESS-S0706","SCH-050","Upper East",11.1674,-0.5269,"Female",17,"SHS 2-3","Day","SHS","Farmer","Low (<GHS 800)",7,"Single parent",55,37,52,63,51.8,87.1,3.1,"No","Yes","No","Often",7,"Daily","Yes","Average",3.2
"GESS-S0707","SCH-052","Northern",10.1234,-0.5539,"Male",12,"JHS 1-2","Boarding","Primary","Trader","High (>GHS 2000)",5,"Single parent",64,56,58,56,58.5,62.7,6.2,"No","Yes","Yes","Never",5.6,"Daily","Yes","Good",2.3
"GESS-S0708","SCH-079","North East",10.0039,-0.3292,"Female",13,"JHS 1-2","Boarding","Primary","Artisan","High (>GHS 2000)",4,"Both parents",72,60,43,65,60,80.7,4,"No","Yes","No","Sometimes",7.3,"Never","Yes","Good",1.4
"GESS-S0709","SCH-015","Volta",6.9667,0.4301,"Female",18,"SHS 3+","Boarding","Tertiary","Unemployed","Low (<GHS 800)",4,"Both parents",73,65,67,82,71.8,65.8,3,"Yes","Yes","No","Sometimes",2.7,"Sometimes","Yes","Excellent",2.5
"GESS-S0710","SCH-088","Savannah",8.9326,-2.351,"Female",17,"SHS 2-3","Day","JHS","Trader",NA,9,"Both parents",65,60,54,61,60,84,1.8,"Yes","Yes","No","Never",5.2,"Daily","Yes","Good",3.3
"GESS-S0711","SCH-020","Upper West",10.294,-2.2861,"Female",16,"SHS 2-3","Day","Tertiary","Trader","High (>GHS 2000)",5,"Single parent",52,32,51,56,47.8,71.5,3.7,"No","Yes","No","Sometimes",6.5,"Never","No","Average",3.2
"GESS-S0712","SCH-098","Ashanti",7.1183,-1.5958,"Female",16,"SHS 2-3","Boarding","None","Farmer","Mid (GHS 800-2000)",6,"Both parents",58,67,50,54,57.2,81.1,6.1,"Yes","Yes","Yes","Never",6.5,"Never","Yes","Good",3.3
"GESS-S0713","SCH-010","Savannah",9.1591,-1.924,"Female",14,"JHS 3-SHS 1","Day","None","Professional","Mid (GHS 800-2000)",5,"Orphan",66,69,39,72,61.5,60.4,2.5,"Yes","No","No","Never",3.2,"Sometimes","Yes","Good",2.3
"GESS-S0714","SCH-050","Central",5.757,-1.3069,"Female",14,"JHS 3-SHS 1","Boarding","Primary","Civil Servant","High (>GHS 2000)",4,"Both parents",56,54,45,57,53,90.8,4.4,"Yes","Yes","Yes","Never",7.1,"Daily","Yes","Average",3
"GESS-S0715","SCH-020","Ashanti",6.1961,-1.9754,"Male",14,"JHS 3-SHS 1","Day","JHS","Farmer","Low (<GHS 800)",8,"Both parents",61,47,57,61,56.5,92.6,NA,"Yes","Yes","Yes","Never",4,"Sometimes","Yes","Good",3.1
"GESS-S0716","SCH-062","Western North",5.986,-2.6139,"Male",15,"JHS 3-SHS 1","Day","Tertiary","Trader","High (>GHS 2000)",9,"Orphan",80,72,NA,55,65,71.2,4.8,"No","Yes","No","Sometimes",6.7,"Sometimes","Yes","Good",2.9
"GESS-S0717","SCH-029","Central",5.7746,-0.6221,"Female",13,"JHS 1-2","Boarding","Tertiary","Artisan","Low (<GHS 800)",4,"Orphan",61,47,46,52,51.5,95.1,5,"Yes","No","No","Never",7.4,"Sometimes","Yes","Average",3.2
"GESS-S0718","SCH-073","Savannah",8.883,-2.0592,"Male",15,"JHS 3-SHS 1","Boarding","JHS","Farmer","Mid (GHS 800-2000)",7,"Single parent",70,38,51,48,51.8,NA,2,"No","Yes","No","Sometimes",8.2,"Daily","Yes","Average",1.7
"GESS-S0719","SCH-070","Western North",6.0866,-2.3043,"Female",11,"JHS 1-2","Day","None","Artisan","Low (<GHS 800)",3,"Both parents",48,40,36,43,41.8,85.9,2.1,"Yes","Yes","No","Sometimes",10,"Never","No","Average",2.4
"GESS-S0720","SCH-039","Ashanti",6.3295,-1.4687,"Male",17,"SHS 2-3","Boarding","Primary","Farmer","Low (<GHS 800)",7,"Both parents",56,59,49,63,56.8,91.2,2.5,"Yes","No","No","Never",4.6,"Daily","Yes","Good",2.2
"GESS-S0721","SCH-087","Bono",8.2247,-2.4965,"Male",20,"SHS 3+","Boarding","SHS","Farmer","Low (<GHS 800)",7,"Both parents",60,79,78,63,70,93.5,NA,"No","No","No","Never",8.4,"Daily","Yes","Good",1.3
"GESS-S0722","SCH-001","Ashanti",6.8568,-1.7299,"Female",15,"JHS 3-SHS 1","Day","JHS","Farmer","Low (<GHS 800)",4,"Both parents",49,55,45,61,52.5,79.9,4.2,"No","No","No","Never",3.2,"Daily","Yes","Average",5.8
"GESS-S0723","SCH-069","Ashanti",6.9316,-1.9328,"Male",19,"SHS 3+","Boarding","None","Farmer","Low (<GHS 800)",6,"Single parent",47,47,46,51,47.8,88,3.8,"No","No","No","Never",8.1,"Sometimes","No","Average",3.2
"GESS-S0724","SCH-041","Bono East",8.1508,-1.8826,"Female",13,"JHS 1-2","Boarding","SHS","Artisan","Mid (GHS 800-2000)",4,"Single parent",72,75,53,64,66,79.3,3.7,"No","No","Yes","Never",5.2,"Never","Yes","Good",3.4
"GESS-S0725","SCH-085","Northern",9.0476,-0.5128,"Male",17,"SHS 2-3","Boarding","None","Professional","Mid (GHS 800-2000)",4,"Both parents",55,72,53,45,56.2,77.7,3.1,"No","Yes","No","Often",3.1,"Daily","Yes","Good",3.4
"GESS-S0726","SCH-042","Northern",9.7503,-0.7748,"Male",17,"SHS 2-3","Boarding","None","Unemployed","Mid (GHS 800-2000)",4,"Both parents",36,32,49,41,39.5,93.2,6.5,"No","No","No","Sometimes",4.7,"Daily","No","Below Average",3.9
"GESS-S0727","SCH-097","Upper East",11.2671,-1.3428,"Female",15,"JHS 3-SHS 1","Boarding","Primary","Farmer","Low (<GHS 800)",8,"Single parent",34,33,NA,35,36,87.8,1.9,"No","No","No","Often",8.9,"Daily","No","Below Average",3.2
"GESS-S0728","SCH-011","Central",5.3277,-0.8987,"Female",16,"SHS 2-3","Day","None","Civil Servant","Mid (GHS 800-2000)",7,"Both parents",37,38,43,36,38.5,87.4,2.9,"No","Yes","Yes","Never",NA,"Daily","No","Below Average",3.9
"GESS-S0729","SCH-029","Northern",9.4017,-0.7075,"Male",15,"JHS 3-SHS 1","Day","None","Civil Servant","Mid (GHS 800-2000)",6,"Single parent",34,45,53,31,40.8,95.1,2.1,"No","Yes","Yes","Never",4.2,"Never","No","Average",2.5
"GESS-S0730","SCH-035","Greater Accra",5.9609,-0.5303,"Female",17,"SHS 2-3","Day","JHS","Unemployed","Low (<GHS 800)",10,"Both parents",67,60,69,65,65.2,97.5,2.8,"No","Yes","Yes","Often",6.3,"Sometimes","Yes","Good",2.2
"GESS-S0731","SCH-082","Upper East",10.2557,-1.041,"Female",18,"SHS 3+","Boarding","Primary","Professional","High (>GHS 2000)",4,"Single parent",46,47,47,39,44.8,76.3,4.3,"Yes","Yes","No","Sometimes",5.4,"Daily","No","Average",3.2
"GESS-S0732","SCH-090","Ashanti",7.1467,-2.0796,"Male",16,"SHS 2-3","Boarding","Primary","Farmer","High (>GHS 2000)",4,"Both parents",48,NA,54,36,48,88,3.4,"No","No","No","Never",4.2,"Never","No","Average",2.2
"GESS-S0733","SCH-092","Upper East",10.5424,-0.2714,"Female",15,"JHS 3-SHS 1","Boarding","SHS","Trader","Low (<GHS 800)",6,"Both parents",81,81,90,75,81.8,84.8,4,"No","No","No","Never",8,"Daily","Yes","Excellent",1.2
"GESS-S0734","SCH-029","Upper East",11.0151,-1.3291,"Male",16,"SHS 2-3","Day","JHS","Trader","Low (<GHS 800)",5,"Single parent",24,28,44,36,33,85.1,4.2,"No","Yes","No","Sometimes",6.7,"Never","No","Below Average",3.1
"GESS-S0735","SCH-096","Greater Accra",5.7893,-0.2202,"Female",15,"JHS 3-SHS 1","Day","Primary","Civil Servant","Low (<GHS 800)",4,"Single parent",49,50,41,46,46.5,92.5,2.9,"No","Yes","No","Never",6.4,"Daily","No","Average",3.3
"GESS-S0736","SCH-100","Ahafo",7.2834,-3.0842,"Female",13,"JHS 1-2","Boarding","None","Trader","High (>GHS 2000)",3,"Both parents",42,47,32,27,37,100,3.9,"No","No","Yes","Never",8.4,"Daily","No","Below Average",2.5
"GESS-S0737","SCH-012","Bono",8.182,-2.3902,"Female",17,"SHS 2-3","Day","SHS","Civil Servant","Low (<GHS 800)",7,"Single parent",46,58,41,48,48.2,77.1,1.1,"No","Yes","No","Never",5.4,"Never","No","Average",3.7
"GESS-S0738","SCH-064","Volta",7.3277,-0.1006,"Male",12,"JHS 1-2","Boarding","Primary","Professional","Low (<GHS 800)",2,"Both parents",24,25,27,37,28.2,NA,NA,"No","Yes","No","Never",6.9,"Daily","No","Below Average",3.6
"GESS-S0739","SCH-082","Volta",7.4894,0.2595,"Female",16,"SHS 2-3","Boarding","None","Professional","Mid (GHS 800-2000)",4,"Single parent",93,74,79,92,84.5,92.3,5.4,"Yes","Yes","Yes","Sometimes",6.1,"Daily","Yes","Excellent",0
"GESS-S0740","SCH-091","Volta",6.7022,0.362,"Female",14,"JHS 3-SHS 1","Boarding","None","Trader","Mid (GHS 800-2000)",5,"Orphan",54,25,41,43,40.8,87.9,5.7,"No","Yes","Yes","Never",6.2,"Sometimes","No","Average",4.6
"GESS-S0741","SCH-093","Ashanti",6.2429,-1.2812,"Male",18,"SHS 3+","Day","SHS","Farmer","Low (<GHS 800)",9,"Both parents",63,56,68,60,61.8,76.5,5.1,"Yes","Yes","Yes","Never",5.7,"Daily","Yes","Good",3.2
"GESS-S0742","SCH-096","Upper West",10.6009,-2.646,"Male",16,"SHS 2-3","Day","Primary","Professional","Low (<GHS 800)",2,"Single parent",39,47,53,42,45.2,85.5,4.3,"Yes","No","No","Sometimes",4.3,"Daily","No","Average",4.4
"GESS-S0743","SCH-018","Central",4.9481,-0.8707,"Male",15,"JHS 3-SHS 1","Boarding","Tertiary","Farmer","Low (<GHS 800)",5,"Orphan",60,47,51,61,54.8,70.7,4,"Yes","No","No","Often",5.8,"Sometimes","Yes","Average",2.4
"GESS-S0744","SCH-063","Ahafo",6.4022,-2.2554,"Male",11,"JHS 1-2","Boarding","Tertiary","Civil Servant","Low (<GHS 800)",7,"Both parents",63,62,66,59,62.5,86.4,3.5,"No","No","No","Never",NA,"Sometimes","Yes","Good",2.3
"GESS-S0745","SCH-062","Ashanti",6.5802,-1.2887,"Male",21,"SHS 3+","Day","Tertiary","Civil Servant","Low (<GHS 800)",6,"Both parents",89,67,81,98,83.8,79.5,3.3,"Yes","Yes","No","Never",8.1,"Never","Yes","Excellent",1.1
"GESS-S0746","SCH-057","Western North",6.3417,-3.0595,"Female",16,"SHS 2-3","Day","SHS","Farmer","Mid (GHS 800-2000)",6,"Both parents",59,50,NA,67,59.8,79.4,5.4,"No","Yes","No","Sometimes",7.5,"Daily","Yes","Good",3.2
"GESS-S0747","SCH-066","Greater Accra",5.2977,-0.0635,"Female",21,"SHS 3+","Boarding","Primary","Civil Servant","Mid (GHS 800-2000)",2,"Both parents",40,43,48,53,46,91.5,4.7,"No","No","Yes","Never",2,"Never","No","Average",2.1
"GESS-S0748","SCH-071","Western North",5.9433,-2.4471,"Male",19,"SHS 3+","Boarding","Primary","Artisan","Low (<GHS 800)",8,"Both parents",56,63,54,63,59,78.8,2.8,"No","No","No","Never",3.3,"Never","Yes","Good",1.8
"GESS-S0749","SCH-073","Greater Accra",5.2111,-0.3046,"Male",13,"JHS 1-2","Day","None","Trader","Mid (GHS 800-2000)",4,"Both parents",28,33,NA,43,36.2,76.5,2.1,"No","Yes","Yes","Never",5.4,"Sometimes","No","Below Average",3.4
"GESS-S0750","SCH-037","Western",5.1115,-1.8185,"Female",15,"JHS 3-SHS 1","Day","Tertiary","Artisan","Mid (GHS 800-2000)",9,"Both parents",57,66,75,62,65,99.7,3.4,"No","No","No","Never",5.4,"Sometimes","Yes","Good",3
"GESS-S0751","SCH-010","Savannah",8.9666,-2.3699,"Male",16,"SHS 2-3","Day","Primary","Farmer","Low (<GHS 800)",1,"Single parent",46,28,38,38,37.5,85.5,1.8,"No","No","Yes","Never",8.2,"Daily","No","Below Average",4.6
"GESS-S0752","SCH-034","Bono East",7.4311,-1.2519,"Female",11,"JHS 1-2","Day","SHS","Civil Servant","Low (<GHS 800)",4,"Both parents",29,24,43,35,32.8,79.4,2,"No","Yes","Yes","Never",6.2,"Sometimes","No","Below Average",5.1
"GESS-S0753","SCH-041","Western",5.5717,-2.458,"Male",11,"JHS 1-2","Day","Tertiary","Farmer","High (>GHS 2000)",5,"Both parents",70,89,79,82,80,69.6,1.2,"No","Yes","Yes","Never",4.6,"Never","Yes","Excellent",3.2
"GESS-S0754","SCH-077","Central",4.8766,-1.2574,"Male",15,"JHS 3-SHS 1","Boarding","None","Professional","Mid (GHS 800-2000)",1,"Both parents",63,58,66,48,58.8,89.7,3.3,"Yes","No","Yes","Never",4.3,"Daily","Yes","Good",4.1
"GESS-S0755","SCH-096","Ashanti",7.1921,-1.7531,"Male",19,"SHS 3+","Boarding","Primary","Unemployed","Mid (GHS 800-2000)",4,"Single parent",79,63,72,57,67.8,86.4,NA,"Yes","Yes","Yes","Never",8,"Sometimes","Yes","Good",0.9
"GESS-S0756","SCH-046","Western North",5.7571,-2.3136,"Male",14,"JHS 3-SHS 1","Day","Primary","Artisan","Low (<GHS 800)",10,"Both parents",72,53,82,80,71.8,80,3.1,"No","No","No","Sometimes",7.8,"Sometimes","Yes","Excellent",2.6
"GESS-S0757","SCH-099","Upper West",10.6141,-1.9819,"Female",16,"SHS 2-3","Boarding","Primary","Trader","Mid (GHS 800-2000)",3,"Single parent",66,62,69,71,67,54.6,4.4,"Yes","Yes","No","Sometimes",7,"Never","Yes","Good",3.3
"GESS-S0758","SCH-063","Bono",8.0224,-1.7873,"Male",14,"JHS 3-SHS 1","Day","SHS",NA,"Low (<GHS 800)",4,"Both parents",85,NA,87,69,72.5,77.4,1.8,"Yes","No","No","Sometimes",3.6,"Daily","Yes","Excellent",0
"GESS-S0759","SCH-099","Central",5.1485,-1.5084,"Male",17,"SHS 2-3","Boarding","Tertiary","Trader","Low (<GHS 800)",7,"Both parents",90,77,85,83,83.8,86.8,4.4,"Yes","No","No","Never",NA,"Never","Yes","Excellent",2.2
"GESS-S0760","SCH-045","Bono East",8.2551,-2.1047,"Male",17,"SHS 2-3","Boarding","None","Artisan","Low (<GHS 800)",4,"Orphan",40,34,NA,54,44.2,64.4,NA,"No","Yes","Yes","Often",9.6,"Sometimes","No","Average",3.7
"GESS-S0761","SCH-019","Western",4.6974,-2.0673,"Male",13,"JHS 1-2","Boarding","SHS","Farmer","High (>GHS 2000)",10,"Both parents",57,82,75,68,70.5,89.1,4.2,"No","Yes","No","Sometimes",7.3,"Never","Yes","Excellent",1.8
"GESS-S0762","SCH-046","Ashanti",7.1942,-1.2335,"Male",16,"SHS 2-3","Day","JHS","Trader","Mid (GHS 800-2000)",8,"Orphan",61,56,55,51,55.8,100,1.4,"No","Yes","No","Never",8.1,"Daily","Yes","Good",3.4
"GESS-S0763","SCH-032","Western North",5.7617,-3.0377,"Female",12,"JHS 1-2","Boarding","SHS","Artisan","Mid (GHS 800-2000)",5,"Both parents",29,52,34,53,42,74.8,4,"No","No","Yes","Often",7,"Sometimes","No","Average",4.3
"GESS-S0764","SCH-070","Western North",6.4458,-3.1306,"Female",15,"JHS 3-SHS 1","Day","None","Civil Servant","Mid (GHS 800-2000)",3,"Both parents",55,35,64,62,54,77.4,1.9,"No","Yes","No","Never",6.4,"Daily","Yes","Average",3.6
"GESS-S0765","SCH-045","Eastern",5.9862,-0.9569,"Male",18,"SHS 3+","Day","SHS","Farmer","Low (<GHS 800)",5,"Both parents",42,30,29,39,35,57.6,2.2,"Yes","No","Yes","Sometimes",6.5,"Daily","No","Below Average",5.3
"GESS-S0766","SCH-058","Savannah",9.0969,-1.6884,"Female",18,"SHS 3+","Day","SHS","Unemployed","Low (<GHS 800)",5,"Single parent",67,NA,61,63,65.8,84.5,NA,"No","Yes","Yes","Never",7,"Daily","Yes","Good",3.2
"GESS-S0767","SCH-087","North East",10.3046,-0.6171,"Female",16,"SHS 2-3","Boarding","Primary","Artisan","Mid (GHS 800-2000)",5,"Single parent",59,39,67,59,56,74.6,2.8,"No","Yes","No","Often",1,"Sometimes","Yes","Good",0.7
"GESS-S0768","SCH-084","Volta",6.6398,0.5967,"Female",17,"SHS 2-3","Boarding","Tertiary","Civil Servant","High (>GHS 2000)",6,"Both parents",49,62,NA,51,54.8,88.1,3.2,"No","Yes","Yes","Often",5.4,"Never","Yes","Average",4
"GESS-S0769","SCH-074","Greater Accra",5.1521,0.3078,"Male",13,"JHS 1-2","Boarding","None","Trader","Mid (GHS 800-2000)",6,"Both parents",30,23,13,15,20.2,78,3.2,"No","Yes","No","Never",6.2,"Daily","No","Below Average",5
"GESS-S0770","SCH-055","Central",5.1854,-1.1933,"Male",17,"SHS 2-3","Boarding","SHS","Farmer","High (>GHS 2000)",4,"Both parents",83,69,78,75,76.2,95.6,2.6,"No","No","Yes","Sometimes",6,"Never","Yes","Excellent",0
"GESS-S0771","SCH-017","Western North",5.7483,-2.1102,"Male",20,"SHS 3+","Day","Tertiary",NA,"High (>GHS 2000)",3,"Both parents",86,NA,68,60,72.2,77.1,2.8,"Yes","Yes","Yes","Never",6.9,"Sometimes","Yes","Excellent",3.3
"GESS-S0772","SCH-085","Bono",7.9138,-1.7486,"Female",15,"JHS 3-SHS 1","Day","None",NA,"Mid (GHS 800-2000)",5,"Single parent",41,55,64,60,55,63.3,1.8,"No","Yes","Yes","Never",6.5,"Daily","Yes","Average",2.7
"GESS-S0773","SCH-058","Upper West",10.2875,-1.9912,"Male",16,"SHS 2-3","Day","Primary","Artisan","Low (<GHS 800)",6,"Both parents",43,34,46,38,40.2,58.7,3.5,"No","No","No","Never",7,"Daily","No","Average",5.2
"GESS-S0774","SCH-052","Western",4.6331,-1.747,"Male",16,"SHS 2-3","Boarding","JHS","Professional","Mid (GHS 800-2000)",5,"Both parents",79,72,72,76,74.8,78.4,1.6,"Yes","Yes","No","Sometimes",4.1,"Daily","Yes","Excellent",1.8
"GESS-S0775","SCH-090","Central",5.0804,-0.9838,"Male",17,"SHS 2-3","Boarding","SHS","Trader","Mid (GHS 800-2000)",3,"Both parents",37,54,36,42,42.2,79.8,3.6,"No","No","No","Never",5.5,"Sometimes","No","Average",3.4
"GESS-S0776","SCH-034","Western North",5.794,-2.8778,"Female",14,"JHS 3-SHS 1","Day","Primary","Civil Servant","Mid (GHS 800-2000)",8,"Both parents",64,82,63,56,66.2,91.4,1.5,"Yes","No","Yes","Sometimes",6.6,"Never","Yes","Good",2.5
"GESS-S0777","SCH-041","Savannah",8.9513,-2.2865,"Male",15,"JHS 3-SHS 1","Boarding","None","Trader","High (>GHS 2000)",1,"Both parents",86,77,64,89,79,76.9,1.9,"No","Yes","No","Often",1.1,"Sometimes","Yes","Excellent",4.1
"GESS-S0778","SCH-001","Upper East",10.3235,-0.3056,"Female",16,"SHS 2-3","Day","SHS","Unemployed","Mid (GHS 800-2000)",3,"Both parents",64,57,51,44,54,75.8,4.2,"Yes","Yes","No","Never",4.3,"Daily","Yes","Average",3.3
"GESS-S0779","SCH-066","Western North",5.9354,-2.6231,"Female",13,"JHS 1-2","Boarding","SHS","Professional","Low (<GHS 800)",2,"Both parents",74,74,62,63,68.2,93.5,5,"No","No","No","Sometimes",7.9,"Sometimes","Yes","Good",1
"GESS-S0780","SCH-014","Ashanti",6.3437,-1.9551,"Male",12,"JHS 1-2","Day","Primary","Unemployed","High (>GHS 2000)",8,"Both parents",56,45,47,48,49,85.4,2.6,"No","No","No","Never",4.6,"Daily","No","Average",1.8
"GESS-S0781","SCH-026","Bono",7.4066,-2.142,"Male",17,"SHS 2-3","Boarding","SHS","Farmer",NA,5,"Both parents",55,67,55,65,60.5,81.1,3.5,"Yes","No","No","Never",2.4,"Sometimes","Yes","Good",3.6
"GESS-S0782","SCH-056","Upper West",9.6895,-2.6734,"Male",17,"SHS 2-3","Day","JHS","Farmer","Mid (GHS 800-2000)",4,"Orphan",56,54,76,72,64.5,NA,1.9,"Yes","No","No","Sometimes",5.5,"Never","Yes","Good",2.4
"GESS-S0783","SCH-091","Greater Accra",5.1976,-0.7664,"Male",11,"JHS 1-2","Day","Primary","Trader",NA,8,"Orphan",27,20,39,34,30,80.8,1.2,"No","No","Yes","Never",7.4,"Daily","No","Below Average",3.4
"GESS-S0784","SCH-076","Greater Accra",5.8141,0.1927,"Female",17,"SHS 2-3","Boarding","SHS","Artisan","Mid (GHS 800-2000)",9,"Both parents",73,79,63,78,73.2,89.4,2,"No","No","Yes","Sometimes",6.5,"Daily","Yes","Excellent",1.6
"GESS-S0785","SCH-076","Bono East",7.8584,-1.0954,"Female",13,"JHS 1-2","Day","Primary","Trader","Low (<GHS 800)",3,"Both parents",63,56,42,55,54,NA,2.8,"No","Yes","Yes","Sometimes",5.4,"Sometimes","Yes","Average",1.4
"GESS-S0786","SCH-095","Central",5.7003,-1.3248,"Female",21,"SHS 3+","Day","SHS","Civil Servant","Mid (GHS 800-2000)",4,"Single parent",74,75,90,82,80.2,87.4,4.9,"No","Yes","No","Never",4.1,"Never","Yes","Excellent",0
"GESS-S0787","SCH-055","Greater Accra",5.1433,-0.0868,"Female",14,"JHS 3-SHS 1","Day","None","Farmer","Mid (GHS 800-2000)",3,"Both parents",35,36,35,47,38.2,89.3,3.9,"Yes","No","Yes","Often",4.8,"Sometimes","No","Below Average",3.7
"GESS-S0788","SCH-013","Greater Accra",5.7646,-0.5159,"Male",13,"JHS 1-2","Day","SHS","Farmer","Low (<GHS 800)",6,"Both parents",73,72,61,79,71.2,82.7,6.1,"Yes","No","No","Often",6,"Sometimes","Yes","Excellent",2.2
"GESS-S0789","SCH-096","Ashanti",7.1222,-1.7338,"Female",17,"SHS 2-3","Day","Primary","Trader","Mid (GHS 800-2000)",8,"Both parents",66,71,NA,64,68.2,74.9,1.5,"No","Yes","No","Sometimes",4.3,"Never","Yes","Good",3.7
"GESS-S0790","SCH-017","Ashanti",6.8809,-1.3652,"Female",14,"JHS 3-SHS 1","Boarding","SHS","Farmer","Mid (GHS 800-2000)",1,"Both parents",97,88,77,93,88.8,89.1,4.1,"No","Yes","No","Never",3.6,"Sometimes","Yes","Excellent",0.1
"GESS-S0791","SCH-065","Upper West",10.4495,-2.7585,"Male",16,"SHS 2-3","Boarding","JHS","Farmer","High (>GHS 2000)",6,"Orphan",64,65,64,49,60.5,59.9,4.5,"No","No","No","Sometimes",8.5,"Never","Yes","Good",2.6
"GESS-S0792","SCH-021","Ashanti",6.157,-1.644,"Female",15,"JHS 3-SHS 1","Day","None","Farmer","Mid (GHS 800-2000)",6,"Both parents",88,66,74,69,74.2,71.9,3.9,"No","Yes","No","Sometimes",6.3,"Daily","Yes","Excellent",2.1
"GESS-S0793","SCH-079","Eastern",6.9922,0.0926,"Female",16,"SHS 2-3","Day","JHS","Trader","Low (<GHS 800)",5,"Orphan",50,45,58,48,50.2,82.5,0.9,"Yes","Yes","No","Never",4.1,"Never","Yes","Average",3.6
"GESS-S0794","SCH-078","Volta",7.2125,0.219,"Female",11,"JHS 1-2","Day","JHS","Professional","Low (<GHS 800)",10,"Both parents",38,33,47,44,40.5,72.3,2.5,"No","Yes","No","Never",7.3,"Never","No","Average",4.8
"GESS-S0795","SCH-035","Northern",10.0839,-0.4961,"Male",14,"JHS 3-SHS 1","Day","JHS","Professional","High (>GHS 2000)",5,"Both parents",47,55,55,62,54.8,83.2,2.9,"No","No","No","Never",5.8,"Sometimes","Yes","Average",3
"GESS-S0796","SCH-084","Oti",7.2638,0.8619,"Female",14,"JHS 3-SHS 1","Boarding","Primary","Civil Servant","High (>GHS 2000)",6,"Single parent",66,56,65,50,59.2,100,4.7,"No","Yes","No","Never",7.2,"Sometimes","Yes","Good",1.3
"GESS-S0797","SCH-034","North East",10.6068,0.2244,"Female",15,"JHS 3-SHS 1","Boarding","SHS","Farmer","Low (<GHS 800)",5,"Both parents",75,67,65,71,69.5,83.3,NA,"Yes","No","No","Never",4.9,"Sometimes","Yes","Good",1.8
"GESS-S0798","SCH-050","Upper East",10.3252,-0.3127,"Male",11,"JHS 1-2","Day","Primary",NA,"Mid (GHS 800-2000)",2,"Single parent",42,44,46,56,47,100,3.7,"Yes","No","Yes","Often",7,"Daily","No","Average",0.6
"GESS-S0799","SCH-020","Ashanti",6.876,-1.2512,"Female",20,"SHS 3+","Day","SHS","Artisan","High (>GHS 2000)",3,"Both parents",39,35,44,33,37.8,86,1.4,"No","No","No","Never",NA,"Sometimes","No","Below Average",5
"GESS-S0800","SCH-050","Upper East",10.4043,-1.2601,"Male",13,"JHS 1-2","Day","JHS","Farmer","Mid (GHS 800-2000)",9,"Both parents",41,43,37,54,43.8,92.7,3.5,"No","No","No","Never",4.4,"Never","No","Average",3.7
"GESS-S0801","SCH-054","Ahafo",6.8624,-2.4878,"Female",15,"JHS 3-SHS 1","Boarding","SHS","Artisan","Low (<GHS 800)",4,"Both parents",79,76,83,90,82,90,3.9,"No","Yes","No","Sometimes",6.3,"Daily","Yes","Excellent",0.6
"GESS-S0802","SCH-024","Upper East",10.2914,-0.8193,"Male",15,"JHS 3-SHS 1","Day","JHS","Farmer","Mid (GHS 800-2000)",3,"Both parents",60,58,66,60,61,65.5,2.4,"No","Yes","No","Often",4,"Never","Yes","Good",3.6
"GESS-S0803","SCH-036","Northern",9.3549,-0.8468,"Female",17,"SHS 2-3","Boarding","None","Farmer","Mid (GHS 800-2000)",7,"Both parents",68,64,82,88,75.5,58.5,2.9,"No","Yes","No","Never",7.5,"Never","Yes","Excellent",3.3
"GESS-S0804","SCH-053","Northern",9.4634,-0.4646,"Female",14,"JHS 3-SHS 1","Day","SHS","Unemployed","High (>GHS 2000)",5,"Orphan",61,65,51,47,56,77.1,4,"No","Yes","No","Sometimes",3.2,"Never","Yes","Good",1.6
"GESS-S0805","SCH-077","Greater Accra",6.0537,-0.4545,"Male",13,"JHS 1-2","Day","None","Professional","High (>GHS 2000)",3,"Single parent",69,64,72,64,67.2,87.4,2.8,"Yes","No","No","Sometimes",4.9,"Never","Yes","Good",2.4
"GESS-S0806","SCH-077","Savannah",9.1986,-1.8764,"Female",14,"JHS 3-SHS 1","Boarding","Primary","Artisan","Mid (GHS 800-2000)",7,"Both parents",76,77,70,79,75.5,74.4,2.3,"No","Yes","Yes","Sometimes",5.7,"Daily","Yes","Excellent",0.2
"GESS-S0807","SCH-078","Central",4.894,-1.5558,"Male",16,"SHS 2-3","Day","None","Civil Servant","Mid (GHS 800-2000)",7,"Both parents",44,46,34,40,41,77.8,3.4,"No","No","No","Never",1.8,"Never","No","Average",2.1
"GESS-S0808","SCH-086","Volta",7.0484,0.8762,"Male",14,"JHS 3-SHS 1","Day","SHS","Artisan","Low (<GHS 800)",5,"Both parents",73,70,81,100,81,72.7,3.2,"Yes","No","Yes","Sometimes",5.1,"Sometimes","Yes","Excellent",1.5
"GESS-S0809","SCH-068","Central",5.7278,-1.2859,"Male",12,"JHS 1-2","Day","SHS","Trader","Mid (GHS 800-2000)",5,"Both parents",64,66,65,66,65.2,81,3.4,"No","Yes","Yes","Often",8,"Daily","Yes","Good",0.3
"GESS-S0810","SCH-090","Greater Accra",5.2606,-0.2005,"Female",15,"JHS 3-SHS 1","Day","Tertiary","Farmer","High (>GHS 2000)",4,"Both parents",59,48,74,58,59.8,85.5,5.8,"Yes","Yes","No","Never",4.4,"Daily","Yes","Good",4.4
"GESS-S0811","SCH-089","Volta",6.7095,0.9517,"Male",17,"SHS 2-3","Boarding","SHS","Artisan","High (>GHS 2000)",1,"Both parents",65,44,51,61,55.2,83.5,4.9,"No","No","No","Sometimes",4.5,"Never","Yes","Good",2.9
"GESS-S0812","SCH-007","Upper West",9.8484,-2.6632,"Female",11,"JHS 1-2","Boarding","SHS","Professional","Mid (GHS 800-2000)",6,"Both parents",64,60,65,60,62.2,89.5,1.3,"No","No","No","Never",4.2,"Sometimes","Yes","Good",2
"GESS-S0813","SCH-087","Western North",6.4599,-2.9785,"Male",16,"SHS 2-3","Day","JHS","Artisan","Mid (GHS 800-2000)",4,"Single parent",63,56,52,50,55.2,96.2,0.6,"No","Yes","No","Never",5.6,"Sometimes","Yes","Good",0.1
"GESS-S0814","SCH-058","Central",5.5226,-0.5364,"Female",16,"SHS 2-3","Boarding","None","Trader","Low (<GHS 800)",7,"Both parents",76,64,85,66,72.8,77.7,2.1,"Yes","No","No","Never",3.3,"Sometimes","Yes","Excellent",1.2
"GESS-S0815","SCH-100","Western",5.0907,-1.6034,"Female",17,"SHS 2-3","Day","Primary","Trader","High (>GHS 2000)",7,"Both parents",82,74,73,74,75.8,76.4,3.2,"Yes","Yes","Yes","Never",5.5,"Sometimes","Yes","Excellent",3.1
"GESS-S0816","SCH-076","Greater Accra",5.5962,-0.7363,"Male",18,"SHS 3+","Boarding","None","Trader","Mid (GHS 800-2000)",1,"Orphan",36,46,17,33,33,65.1,4.1,"Yes","Yes","No","Never",9.8,"Never","No","Below Average",5.2
"GESS-S0817","SCH-046","Central",5.4401,-1.2332,"Male",17,"SHS 2-3","Boarding","SHS","Farmer","Mid (GHS 800-2000)",7,"Single parent",55,79,59,58,62.8,89.1,3.9,"No","Yes","No","Never",7.6,"Daily","Yes","Good",3.4
"GESS-S0818","SCH-014","Volta",6.9411,0.957,"Male",12,"JHS 1-2","Day","Primary","Farmer","Low (<GHS 800)",2,"Both parents",55,66,70,65,64,81.3,4.5,"Yes","No","No","Sometimes",6,"Daily","Yes","Good",3.2
"GESS-S0819","SCH-099","Greater Accra",5.8117,-0.6558,"Female",19,"SHS 3+","Boarding","JHS","Civil Servant","Low (<GHS 800)",3,"Both parents",82,60,60,75,69.2,88.4,3.1,"No","No","Yes","Never",6.3,"Sometimes","Yes","Good",3.3
"GESS-S0820","SCH-045","Oti",7.9628,0.4635,"Female",16,"SHS 2-3","Day","Tertiary","Farmer","High (>GHS 2000)",5,"Single parent",64,55,65,46,57.5,75.1,4.1,"Yes","Yes","No","Sometimes",5.4,"Daily","Yes","Good",3.2
"GESS-S0821","SCH-072","Western",4.8929,-2.3215,"Female",16,"SHS 2-3","Boarding","JHS","Civil Servant","High (>GHS 2000)",2,"Both parents",59,92,77,78,76.5,86.7,3.7,"No","Yes","No","Never",6,"Sometimes","Yes","Excellent",1.7
"GESS-S0822","SCH-025","Greater Accra",5.2435,-0.4397,"Female",16,"SHS 2-3","Boarding","JHS","Unemployed","High (>GHS 2000)",5,"Both parents",59,41,50,56,51.5,81,3.1,"Yes","No","No","Never",3.1,"Daily","Yes","Average",2.3
"GESS-S0823","SCH-042","North East",10.9568,0.2253,"Female",15,"JHS 3-SHS 1","Day","SHS","Unemployed","Mid (GHS 800-2000)",5,"Both parents",95,74,86,81,84,69.6,2,"Yes","Yes","No","Never",7.1,"Sometimes","Yes","Excellent",1.6
"GESS-S0824","SCH-071","North East",10.0509,0.1675,"Male",14,"JHS 3-SHS 1","Boarding","SHS","Artisan","Mid (GHS 800-2000)",11,"Both parents",66,29,57,45,49.2,NA,5.7,"Yes","No","No","Often",7.4,"Daily","No","Average",0.1
"GESS-S0825","SCH-083","Eastern",6.5335,-0.3383,"Male",14,"JHS 3-SHS 1","Boarding","SHS","Artisan","Low (<GHS 800)",9,"Both parents",44,42,63,49,49.5,75.9,3.3,"Yes","Yes","No","Never",6.3,"Never","No","Average",2.1
"GESS-S0826","SCH-021","Greater Accra",5.5538,-0.6846,"Female",16,"SHS 2-3","Day","Tertiary","Farmer","Mid (GHS 800-2000)",3,"Both parents",55,61,54,43,53.2,100,4.5,"No","No","No","Never",8.3,"Never","Yes","Average",4.4
"GESS-S0827","SCH-052","Northern",10.0936,-1.0306,"Male",17,"SHS 2-3","Day","SHS","Trader","High (>GHS 2000)",8,"Both parents",34,41,35,46,39,93.7,4.6,"Yes","No","No","Never",6,"Daily","No","Below Average",3.6
"GESS-S0828","SCH-060","Eastern",6.5356,0.0397,"Male",16,"SHS 2-3","Day","JHS","Unemployed","Mid (GHS 800-2000)",6,"Both parents",28,21,43,26,29.5,84,2,"Yes","Yes","No","Sometimes",6.2,"Sometimes","No","Below Average",3.8
"GESS-S0829","SCH-065","Greater Accra",5.7978,-0.156,"Female",18,"SHS 3+","Day","SHS","Farmer","Mid (GHS 800-2000)",6,"Single parent",79,66,63,59,66.8,69.8,2.2,"No","No","Yes","Never",5,"Never","Yes","Good",1.3
"GESS-S0830","SCH-043","Upper West",10.4867,-2.5673,"Male",20,"SHS 3+","Boarding","Primary","Farmer","Low (<GHS 800)",6,"Both parents",37,27,NA,50,36,82.6,4.5,"No","No","No","Often",3.8,"Daily","No","Below Average",3.4
"GESS-S0831","SCH-068","Western",4.8642,-2.1014,"Male",12,"JHS 1-2","Day","Primary","Professional","High (>GHS 2000)",6,"Both parents",54,40,63,57,53.5,71.5,4.6,"Yes","Yes","Yes","Never",6.2,"Daily","Yes","Average",1.3
"GESS-S0832","SCH-011","Western",5.6878,-1.8449,"Male",18,"SHS 3+","Day","JHS","Artisan","Low (<GHS 800)",6,"Both parents",47,42,46,42,44.2,70.1,3.7,"No","Yes","Yes","Never",3.1,"Never","No","Average",3
"GESS-S0833","SCH-054","Northern",9.3438,-0.6592,"Male",15,"JHS 3-SHS 1","Day","None","Artisan","Low (<GHS 800)",7,"Both parents",53,49,73,70,61.2,78.8,1.4,"No","No","No","Sometimes",6.2,"Never","Yes","Good",2.4
"GESS-S0834","SCH-085","Oti",7.7127,0.5564,"Female",18,"SHS 3+","Day","SHS","Farmer","Mid (GHS 800-2000)",4,"Both parents",100,86,98,93,94.2,93.4,NA,"Yes","No","No","Never",7.9,"Never","Yes","Excellent",2
"GESS-S0835","SCH-005","Ashanti",7.0322,-2.0032,"Male",20,"SHS 3+","Day","JHS","Farmer","Mid (GHS 800-2000)",7,"Both parents",79,77,74,69,74.8,95.9,3.5,"Yes","Yes","No","Never",4.1,"Sometimes","Yes","Excellent",2.4
"GESS-S0836","SCH-013","Volta",7.0667,-0.083,"Male",14,"JHS 3-SHS 1","Day","SHS","Civil Servant","Low (<GHS 800)",8,"Both parents",87,100,99,68,88.5,100,3.6,"Yes","Yes","Yes","Sometimes",4.3,"Daily","Yes","Excellent",0.3
"GESS-S0837","SCH-020","Western",5.3941,-2.4672,"Female",14,"JHS 3-SHS 1","Day","None","Farmer","Low (<GHS 800)",7,"Both parents",63,50,64,63,60,91.5,3.5,"No","No","Yes","Never",5.6,"Sometimes","Yes","Good",3.8
"GESS-S0838","SCH-068","Upper East",11.0019,-1.3174,"Male",17,"SHS 2-3","Day","Primary","Civil Servant",NA,6,"Both parents",52,43,46,64,51.2,83.3,2.5,"No","No","No","Often",6.3,"Never","Yes","Average",2.6
"GESS-S0839","SCH-001","Ahafo",7.0431,-2.1862,"Female",17,"SHS 2-3","Day","Primary","Artisan","High (>GHS 2000)",6,"Both parents",70,54,89,72,71.2,78.7,3.9,"No","No","No","Never",4.3,"Never","Yes","Excellent",0.8
"GESS-S0840","SCH-016","Eastern",6.5043,0.1071,"Female",16,"SHS 2-3","Boarding","None","Trader","High (>GHS 2000)",8,"Both parents",30,34,27,30,30.2,91.7,3.5,"Yes","No","Yes","Never",5.5,"Sometimes","No","Below Average",4.6
"GESS-S0841","SCH-011","Ashanti",6.1318,-1.5905,"Male",16,"SHS 2-3","Day","SHS","Trader","Mid (GHS 800-2000)",2,"Both parents",50,NA,62,35,48.5,56.7,2.7,"No","Yes","No","Never",2.8,"Sometimes","No","Average",5.1
"GESS-S0842","SCH-051","Western North",5.8395,-2.6963,"Male",14,"JHS 3-SHS 1","Boarding","Tertiary","Unemployed","Mid (GHS 800-2000)",4,"Both parents",60,58,49,66,58.2,81.7,2.9,"No","Yes","Yes","Never",5,"Never","Yes","Good",2.3
"GESS-S0843","SCH-055","Upper West",10.0164,-2.8505,"Female",12,"JHS 1-2","Day","Tertiary","Trader","Mid (GHS 800-2000)",3,"Both parents",59,63,44,75,60.2,76.2,2.4,"Yes","No","No","Sometimes",2.9,"Daily","Yes","Good",1.9
"GESS-S0844","SCH-052","Ashanti",6.1848,-1.8091,"Male",14,"JHS 3-SHS 1","Day","None","Trader",NA,4,"Both parents",46,33,30,35,36,100,3.6,"Yes","Yes","Yes","Never",2.3,"Daily","No","Below Average",4.5
"GESS-S0845","SCH-040","Greater Accra",5.1999,-0.2224,"Male",20,"SHS 3+","Day","JHS","Farmer","High (>GHS 2000)",4,"Both parents",100,NA,100,98,95,90,1.3,"No","No","No","Never",4.2,"Daily","Yes","Excellent",0.1
"GESS-S0846","SCH-031","Greater Accra",5.8267,0.0554,"Female",17,"SHS 2-3","Boarding","Primary","Civil Servant","Mid (GHS 800-2000)",6,"Both parents",61,66,59,72,64.5,71.3,2.1,"No","Yes","No","Sometimes",4.3,"Daily","Yes","Good",4.9
"GESS-S0847","SCH-046","Ashanti",7.0613,-1.2507,"Female",15,"JHS 3-SHS 1","Boarding","None","Artisan","Mid (GHS 800-2000)",3,"Orphan",70,76,61,65,68,76.8,3.6,"Yes","No","No","Never",7.1,"Daily","Yes","Good",1.6
"GESS-S0848","SCH-079","Bono",7.9627,-2.5753,"Male",15,"JHS 3-SHS 1","Day","None","Farmer","Low (<GHS 800)",7,"Both parents",77,72,77,65,72.8,90,5.3,"No","No","No","Never",4.3,"Never","Yes","Excellent",0.1
"GESS-S0849","SCH-011","Eastern",6.1992,-0.4395,"Female",13,"JHS 1-2","Day","None","Artisan","High (>GHS 2000)",4,"Both parents",75,49,62,61,61.8,69.3,3.5,"Yes","Yes","No","Never",6.8,"Daily","Yes","Good",1.2
"GESS-S0850","SCH-053","Ahafo",6.6876,-2.6871,"Female",17,"SHS 2-3","Boarding","Primary","Civil Servant","High (>GHS 2000)",2,"Orphan",48,57,28,51,46,87.2,4,"No","No","No","Never",3.1,"Sometimes","No","Average",1.6
"GESS-S0851","SCH-082","Oti",7.1534,-0.2485,"Male",13,"JHS 1-2","Day","JHS","Farmer","High (>GHS 2000)",9,"Orphan",59,64,59,61,60.8,79.6,2.9,"Yes","Yes","No","Sometimes",3.2,"Sometimes","Yes","Good",2.5
"GESS-S0852","SCH-088","Bono",7.7642,-2.5691,"Female",15,"JHS 3-SHS 1","Boarding","Primary","Unemployed","Mid (GHS 800-2000)",7,"Both parents",49,36,55,62,50.5,92.7,4.7,"Yes","Yes","No","Never",7.1,"Daily","Yes","Average",1.9
"GESS-S0853","SCH-084","Central",5.5168,-1.6829,"Female",20,"SHS 3+","Boarding","Tertiary","Farmer","High (>GHS 2000)",5,"Both parents",53,34,NA,53,48,96.7,3,"Yes","Yes","No","Sometimes",6.6,"Sometimes","No","Average",2.1
"GESS-S0854","SCH-040","Eastern",6.2781,-0.6848,"Male",13,"JHS 1-2","Boarding","Primary","Farmer","Mid (GHS 800-2000)",10,"Orphan",81,74,76,86,79.2,66.6,NA,"No","No","No","Sometimes",1.8,"Daily","Yes","Excellent",2
"GESS-S0855","SCH-045","Eastern",6.4578,-0.24,"Male",14,"JHS 3-SHS 1","Day","Primary","Artisan","Mid (GHS 800-2000)",2,"Both parents",29,39,37,15,30,77,2.3,"Yes","Yes","No","Sometimes",9.5,"Never","No","Below Average",3.9
"GESS-S0856","SCH-053","Greater Accra",5.7733,0.1109,"Male",17,"SHS 2-3","Boarding","SHS","Professional","Low (<GHS 800)",6,"Both parents",31,31,42,52,39,90.8,4.3,"No","Yes","Yes","Never",8.9,"Never","No","Below Average",3.6
"GESS-S0857","SCH-037","Northern",9.2941,-0.5531,"Male",19,"SHS 3+","Day","JHS","Unemployed","Low (<GHS 800)",3,"Both parents",65,61,53,62,60.2,NA,2.1,"No","No","No","Never",5.9,"Sometimes","Yes","Good",3.6
"GESS-S0858","SCH-001","Central",5.9084,-0.7512,"Male",13,"JHS 1-2","Day","SHS","Farmer","Mid (GHS 800-2000)",8,"Both parents",81,69,78,65,73.2,78.4,2,"Yes","Yes","No","Sometimes",7.3,"Daily","Yes","Excellent",1.7
"GESS-S0859","SCH-025","Greater Accra",5.8078,0.151,"Female",14,"JHS 3-SHS 1","Boarding","JHS","Civil Servant","Low (<GHS 800)",4,"Both parents",69,64,71,83,71.8,87.4,2.8,"No","No","Yes","Often",7.1,"Never","Yes","Excellent",2.1
"GESS-S0860","SCH-052","Northern",9.4905,-1.3579,"Female",16,"SHS 2-3","Day","Primary","Unemployed","Low (<GHS 800)",6,"Both parents",62,62,55,63,60.5,66.2,2,"No","Yes","Yes","Never",5.2,"Never","Yes","Good",3
"GESS-S0861","SCH-050","Upper West",10.1263,-1.9768,"Female",16,"SHS 2-3","Boarding","JHS","Professional","Low (<GHS 800)",2,"Orphan",66,68,80,85,74.8,87.5,2.5,"No","Yes","No","Sometimes",4.5,"Daily","Yes","Excellent",3.5
"GESS-S0862","SCH-006","Eastern",6.0076,-0.8834,"Female",19,"SHS 3+","Boarding","None","Civil Servant","Low (<GHS 800)",3,"Single parent",73,80,47,51,62.8,88.1,2.5,"No","Yes","No","Sometimes",3.8,"Daily","Yes","Good",1.4
"GESS-S0863","SCH-007","Central",5.501,-0.8894,"Female",15,"JHS 3-SHS 1","Day","None",NA,"Mid (GHS 800-2000)",4,"Both parents",57,45,60,55,54.2,81.1,2.2,"Yes","Yes","Yes","Never",NA,"Sometimes","Yes","Average",3.9
"GESS-S0864","SCH-094","Western",5.4657,-2.1315,"Male",17,"SHS 2-3","Boarding","JHS","Civil Servant","Low (<GHS 800)",9,"Both parents",47,26,48,46,41.8,94.1,3.3,"No","No","No","Never",4.5,"Daily","No","Average",3
"GESS-S0865","SCH-002","Ashanti",6.3053,-1.6714,"Male",17,"SHS 2-3","Day","Primary","Trader","Low (<GHS 800)",6,"Both parents",63,53,58,69,60.8,78.9,4,"No","No","No","Never",2.1,"Sometimes","Yes","Good",4.2
"GESS-S0866","SCH-019","Oti",7.8472,0.8566,"Male",14,"JHS 3-SHS 1","Boarding","JHS","Civil Servant","Low (<GHS 800)",6,"Single parent",79,67,64,74,71,78.3,2,"No","Yes","Yes","Sometimes",5.9,"Never","Yes","Excellent",2.5
"GESS-S0867","SCH-040","Volta",7.0904,0.9972,"Female",16,"SHS 2-3","Boarding","Primary","Civil Servant","Low (<GHS 800)",5,"Single parent",60,44,65,54,55.8,89.1,1,"Yes","No","Yes","Sometimes",10,"Sometimes","Yes","Good",2.6
"GESS-S0868","SCH-053","Ashanti",7.0661,-1.5854,"Female",16,"SHS 2-3","Boarding","Primary","Civil Servant","Low (<GHS 800)",7,"Both parents",69,68,77,75,72.2,96.6,5.4,"No","Yes","Yes","Sometimes",8.5,"Daily","Yes","Excellent",2
"GESS-S0869","SCH-038","Bono East",7.5368,-1.6935,"Male",15,"JHS 3-SHS 1","Boarding","JHS","Professional","Mid (GHS 800-2000)",3,"Both parents",70,66,75,82,73.2,94,4.8,"Yes","No","Yes","Never",9.6,"Sometimes","Yes","Excellent",1.7
"GESS-S0870","SCH-033","Northern",9.0855,-0.7348,"Male",16,"SHS 2-3","Boarding","SHS","Civil Servant","High (>GHS 2000)",5,"Both parents",65,63,41,43,53,57.6,3,"Yes","Yes","No","Sometimes",5.5,"Sometimes","Yes","Average",3
"GESS-S0871","SCH-076","Ashanti",6.8374,-1.3122,"Female",13,"JHS 1-2","Boarding","SHS","Civil Servant","Mid (GHS 800-2000)",1,"Both parents",51,57,73,46,56.8,65.2,4.2,"Yes","No","Yes","Never",6.5,"Daily","Yes","Good",2
"GESS-S0872","SCH-057","Greater Accra",5.0587,-0.5735,"Female",15,"JHS 3-SHS 1","Boarding","Primary","Civil Servant","Low (<GHS 800)",7,"Both parents",40,44,36,31,37.8,65.9,5.3,"No","Yes","No","Sometimes",8,"Sometimes","No","Below Average",4.8
"GESS-S0873","SCH-053","Western North",6.5535,-2.6732,"Female",14,"JHS 3-SHS 1","Day","JHS","Professional","Mid (GHS 800-2000)",3,"Both parents",61,42,47,68,54.5,82,4.7,"Yes","No","Yes","Never",5.2,"Daily","Yes","Average",4.5
"GESS-S0874","SCH-028","Northern",9.5721,-0.9747,"Male",16,"SHS 2-3","Day","SHS","Farmer","High (>GHS 2000)",3,"Both parents",73,85,87,87,83,72.4,3,"No","Yes","No","Never",2.5,"Sometimes","Yes","Excellent",2.3
"GESS-S0875","SCH-044","Ashanti",6.6661,-2.0801,"Female",17,"SHS 2-3","Boarding","JHS","Trader","High (>GHS 2000)",10,"Single parent",73,84,74,72,75.8,NA,4.5,"No","No","Yes","Never",6.2,"Never","Yes","Excellent",0
"GESS-S0876","SCH-024","Upper East",11.16,-0.6824,"Male",12,"JHS 1-2","Day","Primary","Trader","Mid (GHS 800-2000)",6,"Both parents",64,43,57,55,54.8,100,4.7,"Yes","No","No","Never",4.8,"Daily","Yes","Average",2.4
"GESS-S0877","SCH-035","Bono",7.7885,-2.4911,"Male",16,"SHS 2-3","Boarding","Primary","Trader","Mid (GHS 800-2000)",5,"Both parents",46,51,58,63,54.5,67.6,5,"No","No","Yes","Never",9.7,"Never","Yes","Average",3.3
"GESS-S0878","SCH-082","Western",5.497,-1.7304,"Female",21,"SHS 3+","Day","JHS",NA,"Mid (GHS 800-2000)",9,"Both parents",60,59,67,74,65,100,2.8,"No","Yes","No","Sometimes",2.7,"Sometimes","Yes","Good",2.1
"GESS-S0879","SCH-046","Eastern",6.4396,-0.8686,"Male",15,"JHS 3-SHS 1","Boarding","JHS","Professional","Low (<GHS 800)",4,"Both parents",69,75,70,64,69.5,85.8,1.9,"Yes","Yes","No","Never",9.5,"Daily","Yes","Good",2.8
"GESS-S0880","SCH-046","Central",5.0554,-0.7359,"Female",12,"JHS 1-2","Boarding","SHS","Artisan","Mid (GHS 800-2000)",10,"Single parent",86,78,91,82,84.2,82.1,4.8,"No","No","Yes","Never",8,"Sometimes","Yes","Excellent",1.8
"GESS-S0881","SCH-094","Ashanti",6.4638,-2.0124,"Male",16,"SHS 2-3","Boarding","Tertiary","Trader","Mid (GHS 800-2000)",9,"Both parents",48,67,66,56,59.2,72.1,2.3,"Yes","Yes","No","Sometimes",5.8,"Never","Yes","Good",2.5
"GESS-S0882","SCH-099","Upper West",9.8536,-2.4465,"Female",18,"SHS 3+","Day","Primary","Trader","High (>GHS 2000)",3,"Single parent",48,60,51,58,54.2,91.7,5.8,"Yes","Yes","No","Sometimes",3.6,"Never","Yes","Average",3.7
"GESS-S0883","SCH-067","Ashanti",6.9311,-1.9679,"Male",18,"SHS 3+","Day","None","Farmer","Low (<GHS 800)",4,"Single parent",55,54,46,61,54,93.5,3.4,"No","No","No","Sometimes",7.2,"Daily","Yes","Average",2.6
"GESS-S0884","SCH-097","Volta",7.1927,0.6573,"Female",19,"SHS 3+","Day","None","Artisan",NA,6,"Both parents",45,58,61,47,52.8,60.7,3.9,"No","No","Yes","Never",2.2,"Never","Yes","Average",1.1
"GESS-S0885","SCH-026","Ashanti",6.3156,-1.4068,"Female",18,"SHS 3+","Boarding","JHS","Trader","Mid (GHS 800-2000)",8,"Both parents",48,40,46,48,45.5,79.1,NA,"Yes","No","No","Never",6.4,"Never","No","Average",2.3
"GESS-S0886","SCH-090","Central",5.5059,-1.2199,"Male",13,"JHS 1-2","Day","JHS","Farmer","Low (<GHS 800)",5,"Single parent",50,48,56,60,53.5,80.8,3.2,"No","Yes","Yes","Never",6.4,"Daily","Yes","Average",3.7
"GESS-S0887","SCH-040","Ahafo",6.5705,-2.8834,"Female",16,"SHS 2-3","Day","SHS","Farmer","Low (<GHS 800)",8,"Single parent",61,50,65,40,54,61.1,2.8,"No","Yes","No","Sometimes",6.1,"Never","Yes","Average",2.4
"GESS-S0888","SCH-058","Upper West",10.4249,-2.2891,"Female",12,"JHS 1-2","Day","Primary","Civil Servant",NA,7,"Orphan",75,52,56,60,60.8,79.7,4.6,"No","Yes","Yes","Often",2.7,"Sometimes","Yes","Good",2.2
"GESS-S0889","SCH-065","Upper West",9.6539,-2.8743,"Female",15,"JHS 3-SHS 1","Boarding","Primary","Professional","Low (<GHS 800)",5,"Both parents",48,55,50,42,48.8,85.7,3.2,"Yes","No","No","Never",5.2,"Daily","No","Average",5.2
"GESS-S0890","SCH-063","Volta",6.5063,0.7962,"Male",16,"SHS 2-3","Day","SHS","Civil Servant","Mid (GHS 800-2000)",3,"Both parents",75,59,78,66,69.5,74.9,1.8,"No","No","No","Never",7.4,"Daily","Yes","Good",2.6
"GESS-S0891","SCH-073","Ashanti",6.8121,-1.9668,"Male",16,"SHS 2-3","Day","None","Artisan","Low (<GHS 800)",3,"Single parent",66,NA,67,73,74.8,82.7,3.5,"No","No","No","Never",7.2,"Sometimes","Yes","Excellent",2.5
"GESS-S0892","SCH-022","Eastern",6.7031,-0.9198,"Male",16,"SHS 2-3","Boarding","None","Trader","Low (<GHS 800)",3,"Single parent",62,43,60,41,51.5,75.2,4,"Yes","No","No","Never",5.9,"Sometimes","Yes","Average",3
"GESS-S0893","SCH-081","Upper West",10.7903,-1.9297,"Male",16,"SHS 2-3","Boarding","SHS","Professional","Low (<GHS 800)",9,"Both parents",33,41,23,24,30.2,79.7,3.6,"No","No","No","Sometimes",2.9,"Never","No","Below Average",NA
"GESS-S0894","SCH-018","Northern",9.2547,-0.6212,"Female",13,"JHS 1-2","Day","Tertiary","Unemployed",NA,4,"Both parents",80,53,70,59,65.5,61.6,1.6,"Yes","No","No","Never",6.3,"Sometimes","Yes","Good",3.8
"GESS-S0895","SCH-064","Greater Accra",5.5206,-0.4591,"Female",15,"JHS 3-SHS 1","Day","Primary","Trader","Mid (GHS 800-2000)",6,"Both parents",28,27,33,35,30.8,79.2,4.4,"No","Yes","Yes","Never",4.6,"Daily","No","Below Average",4.5
"GESS-S0896","SCH-019","Greater Accra",6.1027,-0.3528,"Female",11,"JHS 1-2","Boarding","SHS","Unemployed","Mid (GHS 800-2000)",1,"Single parent",34,21,32,28,28.8,81.3,4.4,"No","No","No","Sometimes",6.6,"Daily","No","Below Average",4
"GESS-S0897","SCH-052","Western",4.5222,-1.676,"Female",16,"SHS 2-3","Boarding","JHS",NA,"Mid (GHS 800-2000)",6,"Both parents",79,59,83,73,73.5,87.4,5.6,"No","Yes","Yes","Sometimes",10,"Never","Yes","Excellent",NA
"GESS-S0898","SCH-024","Ashanti",6.8137,-2.0314,"Female",15,"JHS 3-SHS 1","Boarding","None","Farmer","Low (<GHS 800)",6,"Orphan",62,47,58,55,55.5,84.6,3.7,"No","No","Yes","Sometimes",6.2,"Daily","Yes","Good",2.7
"GESS-S0899","SCH-072","Greater Accra",5.4198,0.3105,"Female",17,"SHS 2-3","Day","Tertiary","Trader","Mid (GHS 800-2000)",4,"Both parents",66,59,71,51,61.8,64.7,0.8,"Yes","Yes","No","Sometimes",8.2,"Daily","Yes","Good",3
"GESS-S0900","SCH-095","Greater Accra",5.3593,-0.3703,"Female",19,"SHS 3+","Day","Primary","Trader","Low (<GHS 800)",4,"Both parents",76,62,74,81,73.2,76,3.3,"Yes","Yes","No","Never",6.1,"Sometimes","Yes","Excellent",2.1
"GESS-S0901","SCH-095","Northern",9.9172,-1.0619,"Male",15,"JHS 3-SHS 1","Day","None","Civil Servant","High (>GHS 2000)",7,"Single parent",74,62,77,45,64.5,NA,3.5,"No","No","Yes","Never",9,"Never","Yes","Good",2.8
"GESS-S0902","SCH-098","Eastern",6.2651,-0.626,"Male",18,"SHS 3+","Boarding","SHS","Farmer","Low (<GHS 800)",7,"Both parents",83,74,71,89,79.2,56.4,4.2,"No","No","No","Often",NA,"Sometimes","Yes","Excellent",NA
"GESS-S0903","SCH-042","Greater Accra",5.1244,-0.6579,"Female",13,"JHS 1-2","Boarding","Primary","Trader","Mid (GHS 800-2000)",7,"Both parents",61,53,58,50,55.5,NA,3.8,"Yes","Yes","No","Sometimes",6.4,"Never","Yes","Good",1.3
"GESS-S0904","SCH-008","Ashanti",7.1084,-1.9813,"Male",11,"JHS 1-2","Boarding","JHS","Civil Servant","Mid (GHS 800-2000)",4,"Single parent",77,NA,81,84,79,88.4,2.9,"Yes","Yes","No","Sometimes",3.4,"Daily","Yes","Excellent",1.9
"GESS-S0905","SCH-065","Ashanti",6.565,-1.8996,"Male",17,"SHS 2-3","Day","SHS","Artisan","Mid (GHS 800-2000)",5,"Both parents",68,79,82,86,78.8,87.1,4.5,"Yes","Yes","No","Never",3.2,"Never","Yes","Excellent",1.3
"GESS-S0906","SCH-036","Western",5.1037,-2.3642,"Female",17,"SHS 2-3","Boarding","Primary","Trader","Low (<GHS 800)",3,"Both parents",44,23,40,37,36,78.8,2.5,"Yes","No","Yes","Never",5.9,"Sometimes","No","Below Average",3.3
"GESS-S0907","SCH-081","Northern",9.8297,-0.653,"Male",15,"JHS 3-SHS 1","Boarding","JHS","Farmer","High (>GHS 2000)",5,"Both parents",100,88,72,80,85,NA,2.2,"No","No","Yes","Never",NA,"Daily","Yes","Excellent",1.7
"GESS-S0908","SCH-052","Ashanti",6.7122,-1.4938,"Male",16,"SHS 2-3","Boarding","JHS",NA,"High (>GHS 2000)",7,"Both parents",43,26,34,45,37,76.6,2.8,"No","Yes","No","Sometimes",3.8,"Never","No","Below Average",3.2
"GESS-S0909","SCH-022","Greater Accra",5.7376,-0.197,"Female",13,"JHS 1-2","Day","None","Farmer","Mid (GHS 800-2000)",5,"Both parents",67,59,61,72,64.8,95.7,3.5,"No","Yes","No","Often",6.2,"Daily","Yes","Good",0
"GESS-S0910","SCH-003","Upper West",10.0015,-2.1798,"Male",18,"SHS 3+","Day","Tertiary","Trader","Low (<GHS 800)",4,"Both parents",95,72,100,82,87.2,82.4,4.1,"No","No","No","Never",9.5,"Sometimes","Yes","Excellent",1.5
"GESS-S0911","SCH-071","Bono",7.5435,-2.4248,"Female",14,"JHS 3-SHS 1","Boarding","SHS","Unemployed","Low (<GHS 800)",3,"Both parents",51,66,32,53,50.5,100,5.6,"No","No","No","Never",7.2,"Never","Yes","Average",0.6
"GESS-S0912","SCH-100","Northern",9.1514,-0.9838,"Male",13,"JHS 1-2","Boarding","Primary","Unemployed","Low (<GHS 800)",4,"Both parents",55,51,69,42,54.2,86.7,1.5,"Yes","No","No","Sometimes",NA,"Daily","Yes","Average",2.2
"GESS-S0913","SCH-076","Greater Accra",5.0301,0.0439,"Female",14,"JHS 3-SHS 1","Day","Primary","Artisan","Mid (GHS 800-2000)",4,"Both parents",73,38,48,66,56.2,74.7,3.8,"Yes","No","Yes","Sometimes",6.9,"Daily","Yes","Good",2.6
"GESS-S0914","SCH-004","Northern",9.1728,-0.6701,"Male",18,"SHS 3+","Boarding","Tertiary","Professional","Low (<GHS 800)",8,"Both parents",64,72,67,60,65.8,78.4,2.5,"No","No","No","Never",7.3,"Daily","Yes","Good",2.8
"GESS-S0915","SCH-036","Volta",7.0089,1.0436,"Male",18,"SHS 3+","Day","Primary","Artisan","High (>GHS 2000)",7,"Both parents",56,46,68,60,57.5,69.8,4.1,"No","No","No","Never",5.7,"Daily","Yes","Good",3
"GESS-S0916","SCH-024","Western North",6.0657,-2.8983,"Female",15,"JHS 3-SHS 1","Day","Primary","Civil Servant","High (>GHS 2000)",1,"Both parents",49,63,73,72,64.2,100,4,"Yes","Yes","Yes","Sometimes",2.5,"Sometimes","Yes","Good",1.7
"GESS-S0917","SCH-013","Upper East",10.2692,-0.91,"Male",19,"SHS 3+","Day","SHS","Trader","Mid (GHS 800-2000)",3,"Both parents",62,47,43,60,53,86,5.1,"No","Yes","No","Sometimes",4,"Never","Yes","Average",3.9
"GESS-S0918","SCH-030","Northern",9.0317,-1.3519,"Male",17,"SHS 2-3","Day","SHS","Trader","Mid (GHS 800-2000)",7,"Both parents",74,62,75,73,71,68.4,2.3,"No","Yes","Yes","Never",10,"Never","Yes","Excellent",2.6
"GESS-S0919","SCH-001","Northern",9.6783,-0.5815,"Female",16,"SHS 2-3","Day","None","Artisan","Mid (GHS 800-2000)",5,"Single parent",86,50,72,65,68.2,80,3.1,"No","Yes","No","Never",3.7,"Never","Yes","Good",3.1
"GESS-S0920","SCH-042","Upper East",10.7483,-0.8593,"Male",15,"JHS 3-SHS 1","Day","SHS","Civil Servant","Mid (GHS 800-2000)",7,"Both parents",36,48,56,56,49,NA,2,"Yes","No","No","Sometimes",NA,"Never","No","Average",4.4
"GESS-S0921","SCH-012","Bono",7.6445,-2.3093,"Male",15,"JHS 3-SHS 1","Boarding","Primary","Artisan","Low (<GHS 800)",6,"Both parents",72,63,100,91,81.5,89.4,5,"Yes","Yes","No","Never",5.8,"Sometimes","Yes","Excellent",2.7
"GESS-S0922","SCH-011","Central",5.291,-1.1305,"Male",20,"SHS 3+","Boarding","Primary","Farmer","Low (<GHS 800)",2,"Single parent",71,80,62,78,72.8,73.5,4.4,"Yes","Yes","No","Never",8,"Never","Yes","Excellent",2.5
"GESS-S0923","SCH-041","Greater Accra",5.1459,-0.051,"Female",12,"JHS 1-2","Boarding","Tertiary","Trader","High (>GHS 2000)",5,"Both parents",69,62,52,71,63.5,79.8,4,"No","No","Yes","Never",4.7,"Daily","Yes","Good",NA
"GESS-S0924","SCH-066","Greater Accra",5.4,-0.4583,"Female",17,"SHS 2-3","Boarding","None","Farmer","Low (<GHS 800)",5,"Both parents",52,37,59,63,52.8,62.3,3.8,"No","No","Yes","Never",7.4,"Daily","Yes","Average",4.2
"GESS-S0925","SCH-086","Greater Accra",5.5772,-0.2108,"Male",14,"JHS 3-SHS 1","Day","JHS","Civil Servant","Mid (GHS 800-2000)",2,"Both parents",78,50,86,63,69.2,76.4,2.5,"No","No","No","Sometimes",NA,"Sometimes","Yes","Good",0.5
"GESS-S0926","SCH-064","Western North",5.7382,-2.484,"Female",16,"SHS 2-3","Boarding","Tertiary","Civil Servant","Low (<GHS 800)",2,"Both parents",71,86,90,82,82.2,76.5,2.6,"Yes","Yes","No","Never",9.6,"Daily","Yes","Excellent",0
"GESS-S0927","SCH-097","Northern",9.7378,-1.1047,"Female",13,"JHS 1-2","Boarding","Tertiary","Professional","Mid (GHS 800-2000)",5,"Both parents",68,62,60,53,60.8,64.1,2.5,"No","No","Yes","Never",9.8,"Daily","Yes","Good",4.3
"GESS-S0928","SCH-002","Volta",6.9292,0.0126,"Male",12,"JHS 1-2","Boarding","Tertiary","Civil Servant","Low (<GHS 800)",3,"Both parents",35,40,59,66,50,84.1,2.9,"Yes","Yes","Yes","Never",4.7,"Sometimes","Yes","Average",NA
"GESS-S0929","SCH-023","Ahafo",6.6946,-2.6465,"Male",13,"JHS 1-2","Day","JHS","Farmer","High (>GHS 2000)",1,"Single parent",52,67,57,54,57.5,86.8,3.8,"Yes","Yes","Yes","Never",NA,"Daily","Yes","Good",NA
"GESS-S0930","SCH-063","Volta",7.1295,1.0632,"Male",18,"SHS 3+","Boarding","JHS","Trader","High (>GHS 2000)",6,"Both parents",63,39,60,64,56.5,NA,4.1,"No","No","No","Sometimes",9.5,"Sometimes","Yes","Good",1.9
"GESS-S0931","SCH-068","Western",4.8415,-2.2412,"Male",16,"SHS 2-3","Day","Primary","Trader","Low (<GHS 800)",10,"Both parents",47,45,41,42,43.8,96,3.2,"No","No","Yes","Never",6.8,"Sometimes","No","Average",2.8
"GESS-S0932","SCH-065","Greater Accra",5.7762,0.028,"Female",15,"JHS 3-SHS 1","Day","SHS","Professional","Mid (GHS 800-2000)",5,"Both parents",79,NA,63,80,71.2,78.4,2,"Yes","Yes","No","Never",5.1,"Daily","Yes","Excellent",0.9
"GESS-S0933","SCH-058","Upper East",10.7216,-1.3726,"Female",16,"SHS 2-3","Boarding","SHS","Artisan","Low (<GHS 800)",1,"Single parent",72,69,71,51,65.8,69,3.5,"No","Yes","No","Sometimes",9.2,"Daily","Yes","Good",3.5
"GESS-S0934","SCH-079","Eastern",6.4161,-0.6441,"Female",16,"SHS 2-3","Day","JHS","Farmer","Mid (GHS 800-2000)",5,"Single parent",63,44,85,56,62,100,2.5,"No","Yes","No","Often",6.6,"Sometimes","Yes","Good",2.2
"GESS-S0935","SCH-047","Greater Accra",5.4638,0.0524,"Female",16,"SHS 2-3","Day","Primary","Farmer","High (>GHS 2000)",6,"Both parents",100,81,61,89,82.8,67.9,5.1,"No","No","Yes","Never",3.6,"Sometimes","Yes","Excellent",0
"GESS-S0936","SCH-007","Western North",6.0641,-2.9055,"Female",17,"SHS 2-3","Day","SHS","Civil Servant","Low (<GHS 800)",5,"Both parents",66,65,68,70,67.2,100,2.6,"No","Yes","No","Often",7.7,"Daily","Yes","Good",1.2
"GESS-S0937","SCH-086","Northern",9.496,-0.8071,"Male",15,"JHS 3-SHS 1","Boarding","None","Artisan","High (>GHS 2000)",6,"Single parent",57,60,51,55,55.8,78.6,3.3,"No","No","Yes","Sometimes",3.6,"Daily","Yes","Good",3.6
"GESS-S0938","SCH-068","Upper East",10.3718,-1.1255,"Male",16,"SHS 2-3","Boarding","Primary","Unemployed","Mid (GHS 800-2000)",7,"Both parents",54,47,45,55,50.2,75.1,5.3,"No","Yes","No","Sometimes",5.1,"Never","Yes","Average",3.2
"GESS-S0939","SCH-025","Northern",8.9617,-1.2178,"Male",18,"SHS 3+","Boarding","Primary","Civil Servant","High (>GHS 2000)",7,"Single parent",49,55,42,31,44.2,81.9,4.3,"No","No","No","Never",4,"Sometimes","No","Average",3.3
"GESS-S0940","SCH-075","Upper East",11.0258,-0.6012,"Female",14,"JHS 3-SHS 1","Boarding","None","Trader","Low (<GHS 800)",2,"Both parents",58,55,45,56,53.5,89.3,4.2,"Yes","No","No","Never",4.5,"Daily","Yes","Average",1.6
"GESS-S0941","SCH-085","Central",5.5241,-1.3751,"Female",16,"SHS 2-3","Day","SHS","Farmer","Low (<GHS 800)",5,"Both parents",49,74,45,50,54.5,63.3,1.5,"No","Yes","No","Sometimes",5.8,"Daily","Yes","Average",3.4
"GESS-S0942","SCH-029","Greater Accra",5.0281,-0.1949,"Male",15,"JHS 3-SHS 1","Boarding","Tertiary","Farmer","Low (<GHS 800)",5,"Both parents",71,86,78,89,81,77.4,NA,"Yes","No","No","Sometimes",2.6,"Sometimes","Yes","Excellent",2.3
"GESS-S0943","SCH-025","Ashanti",7.108,-1.4876,"Male",14,"JHS 3-SHS 1","Boarding","SHS","Unemployed","High (>GHS 2000)",3,"Single parent",64,50,67,52,58.2,79.7,4.1,"No","Yes","Yes","Sometimes",6.8,"Daily","Yes","Good",3
"GESS-S0944","SCH-062","Greater Accra",5.9401,0.2997,"Male",14,"JHS 3-SHS 1","Day","JHS","Trader","Low (<GHS 800)",4,"Both parents",72,76,79,65,73,85.4,2.6,"Yes","Yes","No","Often",7.1,"Sometimes","Yes","Excellent",2.7
"GESS-S0945","SCH-097","Savannah",9.2428,-2.0703,"Female",17,"SHS 2-3","Boarding","JHS","Artisan","Mid (GHS 800-2000)",4,"Both parents",61,66,42,51,55,66.3,4.8,"No","No","No","Never",8.3,"Never","Yes","Average",2.2
"GESS-S0946","SCH-029","Greater Accra",5.3296,-0.1267,"Male",13,"JHS 1-2","Boarding","SHS","Civil Servant","Low (<GHS 800)",9,"Both parents",71,61,69,56,64.2,70.6,3.3,"Yes","Yes","Yes","Sometimes",9.1,"Daily","Yes","Good",3.4
"GESS-S0947","SCH-037","Bono East",8.2515,-1.6134,"Male",17,"SHS 2-3","Day","Tertiary",NA,"High (>GHS 2000)",9,"Both parents",77,66,61,60,66,64.8,NA,"No","Yes","No","Sometimes",7.9,"Daily","Yes","Good",2.5
"GESS-S0948","SCH-001","Central",5.9631,-0.8799,"Male",14,"JHS 3-SHS 1","Boarding","JHS","Trader","High (>GHS 2000)",5,"Both parents",99,71,60,82,78,73.5,2.6,"Yes","Yes","Yes","Never",8.8,"Sometimes","Yes","Excellent",0
"GESS-S0949","SCH-002","Volta",7.5252,0.1643,"Male",16,"SHS 2-3","Boarding","JHS","Trader","Low (<GHS 800)",7,"Both parents",58,68,60,58,61,85.9,3.7,"Yes","Yes","Yes","Sometimes",3.6,"Daily","Yes","Good",2.5
"GESS-S0950","SCH-099","Central",5.5807,-0.9408,"Female",19,"SHS 3+","Day","JHS","Professional","High (>GHS 2000)",3,"Single parent",84,74,78,49,71.2,90.6,NA,"Yes","Yes","No","Never",7,"Never","Yes","Excellent",2.4
"GESS-S0951","SCH-045","Volta",6.6696,0.5264,"Female",14,"JHS 3-SHS 1","Day","None","Unemployed","Low (<GHS 800)",2,"Both parents",95,95,87,87,91,84,4.2,"Yes","Yes","Yes","Never",6.1,"Never","Yes","Excellent",2.3
"GESS-S0952","SCH-028","Northern",9.6029,-0.3717,"Female",18,"SHS 3+","Day","SHS","Civil Servant","Mid (GHS 800-2000)",5,"Single parent",59,66,64,59,62,63.7,1.4,"Yes","No","No","Never",5.4,"Daily","Yes","Good",2.7
"GESS-S0953","SCH-032","Northern",10.0059,-0.557,"Female",15,"JHS 3-SHS 1","Day","JHS","Trader","High (>GHS 2000)",3,"Both parents",69,38,60,71,59.5,82.3,5.2,"No","Yes","No","Never",6.8,"Daily","Yes","Good",3.1
"GESS-S0954","SCH-084","Ashanti",6.5521,-1.5328,"Female",15,"JHS 3-SHS 1","Day","JHS","Farmer","Mid (GHS 800-2000)",8,"Orphan",88,69,93,85,83.8,60.3,4.3,"Yes","Yes","No","Never",8,"Sometimes","Yes","Excellent",NA
"GESS-S0955","SCH-016","Western North",6.0459,-2.9593,"Female",15,"JHS 3-SHS 1","Day","None","Farmer","Low (<GHS 800)",6,"Single parent",69,84,75,71,74.8,100,0.7,"No","No","No","Never",10,"Never","Yes","Excellent",0.6
"GESS-S0956","SCH-095","Savannah",9.4864,-1.5111,"Female",15,"JHS 3-SHS 1","Boarding","Tertiary","Unemployed","Mid (GHS 800-2000)",7,"Single parent",64,67,75,77,70.8,78.7,2.9,"No","No","No","Never",8.2,"Daily","Yes","Excellent",2.5
"GESS-S0957","SCH-018","Upper East",10.6629,-0.3509,"Male",17,"SHS 2-3","Day","SHS","Trader","Low (<GHS 800)",8,"Both parents",60,58,52,54,56,60.7,2.2,"Yes","No","Yes","Never",4.5,"Daily","Yes","Good",4.2
"GESS-S0958","SCH-033","Upper West",10.4291,-2.3019,"Male",15,"JHS 3-SHS 1","Boarding","Primary","Trader","High (>GHS 2000)",5,"Both parents",55,56,46,43,50,80.7,3.3,"No","Yes","No","Never",4.6,"Never","Yes","Average",1.3
"GESS-S0959","SCH-038","Western North",6.4485,-2.8606,"Male",16,"SHS 2-3","Boarding","SHS","Farmer","Mid (GHS 800-2000)",1,"Both parents",77,75,88,82,80.5,88.4,5.1,"Yes","Yes","Yes","Never",6.7,"Daily","Yes","Excellent",0.6
"GESS-S0960","SCH-031","Northern",9.7865,-1.1554,"Male",11,"JHS 1-2","Day","JHS","Trader","High (>GHS 2000)",6,"Both parents",19,11,38,15,20.8,56,2.8,"No","Yes","No","Never",2.1,"Never","No","Below Average",6.1
"GESS-S0961","SCH-035","Western",5.2591,-2.5407,"Female",18,"SHS 3+","Day","Tertiary","Civil Servant","Mid (GHS 800-2000)",4,"Both parents",62,60,84,58,66,NA,3.6,"No","Yes","No","Sometimes",5.5,"Never","Yes","Good",2.5
"GESS-S0962","SCH-091","Bono",7.1614,-1.7921,"Male",16,"SHS 2-3","Boarding","Primary","Farmer","Mid (GHS 800-2000)",5,"Both parents",85,73,73,60,72.8,77.1,1.3,"No","No","No","Never",6,"Daily","Yes","Excellent",NA
"GESS-S0963","SCH-045","Western",5.3448,-1.9194,"Female",15,"JHS 3-SHS 1","Day","SHS","Farmer","Mid (GHS 800-2000)",1,"Both parents",47,44,56,55,50.5,85.2,5.4,"No","No","No","Never",5.3,"Daily","Yes","Average",4.2
"GESS-S0964","SCH-043","Bono East",7.7329,-2.0829,"Female",16,"SHS 2-3","Day","JHS","Trader","Low (<GHS 800)",7,"Single parent",59,52,48,64,55.8,91.2,1,"No","No","No","Never",6.5,"Sometimes","Yes","Good",2.4
"GESS-S0965","SCH-041","Ashanti",6.8947,-1.3665,"Female",16,"SHS 2-3","Day","Tertiary","Civil Servant","Low (<GHS 800)",5,"Single parent",40,53,12,28,33.2,100,5.2,"Yes","Yes","No","Never",5.6,"Daily","No","Below Average",3.3
"GESS-S0966","SCH-100","North East",11.0082,-0.1915,"Male",19,"SHS 3+","Boarding","SHS","Farmer","Low (<GHS 800)",4,"Single parent",46,64,42,41,48.2,86.8,4.1,"No","Yes","Yes","Never",2,"Daily","No","Average",4.3
"GESS-S0967","SCH-066","Greater Accra",5.9436,0.3469,"Male",15,"JHS 3-SHS 1","Day","None","Farmer","High (>GHS 2000)",3,"Both parents",49,67,64,43,55.8,88.2,4,"No","No","No","Never",4.7,"Sometimes","Yes","Good",2.9
"GESS-S0968","SCH-074","Western North",6.1355,-2.1284,"Male",16,"SHS 2-3","Day","Tertiary","Professional",NA,2,"Both parents",65,70,66,58,64.8,81.4,NA,"No","Yes","Yes","Never",3.9,"Never","Yes","Good",2.1
"GESS-S0969","SCH-062","Greater Accra",5.5168,-0.4857,"Female",17,"SHS 2-3","Day","Primary","Artisan","Low (<GHS 800)",6,"Both parents",61,69,65,83,69.5,81.1,3,"Yes","Yes","Yes","Never",7.9,"Daily","Yes","Good",2.8
"GESS-S0970","SCH-039","Northern",10.1235,-0.2403,"Female",13,"JHS 1-2","Day","Tertiary","Farmer","Low (<GHS 800)",8,"Both parents",54,56,67,45,55.5,80.8,3,"No","No","No","Never",3.6,"Never","Yes","Good",3.7
"GESS-S0971","SCH-026","Savannah",8.725,-2.0578,"Female",14,"JHS 3-SHS 1","Day","Primary","Civil Servant","Mid (GHS 800-2000)",6,"Both parents",84,82,73,73,78,71.9,3.7,"Yes","No","No","Sometimes",7.2,"Sometimes","Yes","Excellent",2.7
"GESS-S0972","SCH-040","Northern",9.1955,-1.1426,"Male",16,"SHS 2-3","Day","Tertiary","Trader","Low (<GHS 800)",7,"Both parents",67,80,82,70,74.8,92.8,4.4,"No","Yes","No","Never",3.5,"Never","Yes","Excellent",1.8
"GESS-S0973","SCH-026","Western North",5.7627,-3.1289,"Female",16,"SHS 2-3","Boarding","JHS","Farmer","Mid (GHS 800-2000)",1,"Both parents",56,57,NA,44,51,67.4,2.5,"No","Yes","Yes","Never",7.4,"Never","Yes","Average",2.1
"GESS-S0974","SCH-051","North East",10.2844,-0.097,"Male",17,"SHS 2-3","Day","Primary","Professional","Low (<GHS 800)",4,"Single parent",72,53,48,56,57.2,82.5,4.5,"No","No","No","Never",2.3,"Never","Yes","Good",2.6
"GESS-S0975","SCH-001","Western North",6.1399,-2.4561,"Male",17,"SHS 2-3","Boarding","Primary","Civil Servant",NA,4,"Both parents",59,54,71,71,63.8,90.5,2.9,"No","No","Yes","Never",5.5,"Sometimes","Yes","Good",2.6
"GESS-S0976","SCH-001","Volta",7.2231,0.2463,"Male",17,"SHS 2-3","Day","Tertiary","Unemployed",NA,5,"Both parents",73,46,72,52,60.8,93.1,NA,"No","No","Yes","Sometimes",7.5,"Never","Yes","Good",NA
"GESS-S0977","SCH-054","Greater Accra",5.1317,-0.5667,"Male",15,"JHS 3-SHS 1","Day","SHS","Civil Servant","Mid (GHS 800-2000)",4,"Both parents",38,41,42,45,41.5,95.2,2.7,"No","Yes","Yes","Never",10,"Sometimes","No","Average",3.3
"GESS-S0978","SCH-039","Greater Accra",5.4805,0.3615,"Male",18,"SHS 3+","Boarding","Primary","Farmer","Low (<GHS 800)",4,"Both parents",44,31,44,24,35.8,88.4,3.8,"No","Yes","No","Never",6,"Never","No","Below Average",4.3
"GESS-S0979","SCH-059","Greater Accra",5.9719,-0.0826,"Male",18,"SHS 3+","Boarding","JHS","Professional","High (>GHS 2000)",5,"Both parents",65,64,75,62,66.5,58.6,2.7,"No","No","No","Never",6.9,"Never","Yes","Good",1.5
"GESS-S0980","SCH-077","Volta",6.8167,0.0656,"Female",16,"SHS 2-3","Boarding","Tertiary","Farmer","Mid (GHS 800-2000)",1,"Both parents",59,47,58,46,52.5,100,4.8,"Yes","Yes","No","Never",8,"Sometimes","Yes","Average",0.1
"GESS-S0981","SCH-084","Bono",7.7912,-1.8643,"Male",16,"SHS 2-3","Boarding","SHS","Artisan","Mid (GHS 800-2000)",6,"Single parent",87,100,75,79,85.2,100,2.2,"No","No","No","Never",7.3,"Sometimes","Yes","Excellent",1.9
"GESS-S0982","SCH-004","Upper West",10.3878,-2.6561,"Male",16,"SHS 2-3","Boarding","Tertiary","Civil Servant","High (>GHS 2000)",4,"Both parents",62,49,50,54,53.8,85.3,5.3,"Yes","No","No","Never",5.2,"Sometimes","Yes","Average",3.5
"GESS-S0983","SCH-017","Ashanti",6.8436,-1.3822,"Male",16,"SHS 2-3","Boarding","JHS","Trader","Mid (GHS 800-2000)",6,"Both parents",43,38,47,46,43.5,100,4.4,"Yes","Yes","No","Never",4.4,"Never","No","Average",1.7
"GESS-S0984","SCH-023","Greater Accra",6.1399,-0.102,"Male",15,"JHS 3-SHS 1","Day","Primary","Unemployed","Mid (GHS 800-2000)",4,"Both parents",62,42,64,65,58.2,97.7,1.4,"Yes","No","No","Often",5.3,"Daily","Yes","Good",1.8
"GESS-S0985","SCH-017","Northern",9.9857,-0.771,"Female",12,"JHS 1-2","Boarding","SHS","Farmer","Mid (GHS 800-2000)",4,"Both parents",49,46,NA,50,46.8,93.6,2.9,"Yes","Yes","No","Never",5.7,"Never","No","Average",1.7
"GESS-S0986","SCH-027","Greater Accra",6.1761,-0.0909,"Female",16,"SHS 2-3","Day","SHS","Unemployed","Mid (GHS 800-2000)",4,"Both parents",70,52,41,62,56.2,95.5,2.4,"No","No","No","Never",1,"Daily","Yes","Good",2
"GESS-S0987","SCH-053","Western North",6.6754,-2.2181,"Female",12,"JHS 1-2","Boarding","SHS","Trader","Low (<GHS 800)",5,"Both parents",47,23,54,27,37.8,81.1,2.8,"No","Yes","Yes","Never",1.6,"Daily","No","Below Average",3.6
"GESS-S0988","SCH-028","Upper East",10.5589,-1.0302,"Female",20,"SHS 3+","Day","Tertiary","Farmer","Low (<GHS 800)",2,"Both parents",84,80,95,86,86.2,74.5,2.9,"No","No","No","Never",4.8,"Daily","Yes","Excellent",2.9
"GESS-S0989","SCH-054","Western North",6.1049,-2.9478,"Male",14,"JHS 3-SHS 1","Day","None","Farmer","Mid (GHS 800-2000)",5,"Both parents",79,85,77,73,78.5,72.8,2.9,"Yes","Yes","Yes","Sometimes",7.1,"Sometimes","Yes","Excellent",1.8
"GESS-S0990","SCH-031","Greater Accra",5.1563,0.2271,"Male",15,"JHS 3-SHS 1","Boarding","JHS","Artisan","Mid (GHS 800-2000)",11,"Both parents",60,63,49,52,56,98.5,1.1,"Yes","No","Yes","Sometimes",6.7,"Daily","Yes","Good",0.6
"GESS-S0991","SCH-071","Bono",7.0565,-2.5324,"Male",13,"JHS 1-2","Boarding","SHS","Artisan","Low (<GHS 800)",1,"Both parents",61,66,NA,62,62.5,83.1,1.8,"Yes","Yes","No","Never",7.9,"Daily","Yes","Good",1.2
"GESS-S0992","SCH-027","Greater Accra",5.3372,-0.295,"Female",13,"JHS 1-2","Boarding","Primary","Civil Servant","Low (<GHS 800)",8,"Both parents",44,33,NA,57,42,90.2,NA,"No","Yes","Yes","Sometimes",7.6,"Sometimes","No","Average",4.2
"GESS-S0993","SCH-011","Upper East",11.0908,-0.5779,"Female",16,"SHS 2-3","Day","JHS","Unemployed","Mid (GHS 800-2000)",1,"Both parents",19,48,20,27,28.5,76.9,4.8,"Yes","Yes","Yes","Never",1.9,"Daily","No","Below Average",5
"GESS-S0994","SCH-002","Western",5.3392,-2.501,"Female",17,"SHS 2-3","Day","SHS","Trader","High (>GHS 2000)",6,"Both parents",34,52,26,57,42.2,77.9,3.3,"Yes","No","No","Never",8.3,"Never","No","Average",2.1
"GESS-S0995","SCH-044","Bono",7.7079,-1.8787,"Female",19,"SHS 3+","Boarding","None","Trader","Low (<GHS 800)",3,"Both parents",60,61,65,58,61,81.5,2.6,"Yes","Yes","No","Never",6.8,"Daily","Yes","Good",3.1
"GESS-S0996","SCH-100","Ashanti",6.6785,-1.7347,"Male",16,"SHS 2-3","Day","Tertiary","Civil Servant","Mid (GHS 800-2000)",7,"Both parents",60,66,67,56,62.2,89.3,2.3,"Yes","No","No","Sometimes",5.3,"Never","Yes","Good",2.3
"GESS-S0997","SCH-033","Savannah",9.1981,-1.8422,"Female",14,"JHS 3-SHS 1","Day","None","Farmer","High (>GHS 2000)",4,"Single parent",74,72,56,67,67.2,93.4,2.8,"No","No","No","Sometimes",6.1,"Sometimes","Yes","Good",1.9
"GESS-S0998","SCH-022","Western",4.5581,-2.0808,"Female",18,"SHS 3+","Day","JHS","Civil Servant","Mid (GHS 800-2000)",2,"Single parent",63,66,75,74,69.5,72.1,3.2,"Yes","No","No","Never",6.5,"Daily","Yes","Good",2.1
"GESS-S0999","SCH-024","Greater Accra",6.1153,-0.5693,"Male",16,"SHS 2-3","Boarding","None","Unemployed","Mid (GHS 800-2000)",5,"Both parents",100,81,88,98,91.8,79.1,4.8,"Yes","Yes","No","Never",7.1,"Sometimes","Yes","Excellent",1.6
"GESS-S1000","SCH-045","Northern",9.9874,-0.8191,"Female",15,"JHS 3-SHS 1","Day","None","Artisan","Low (<GHS 800)",5,"Both parents",61,90,69,71,72.8,57,2.8,"No","Yes","No","Never",NA,"Daily","Yes","Excellent",4.1
"GESS-S1001","SCH-058","Ashanti",6.9655,-1.9517,"Female",15,"JHS 3-SHS 1","Boarding","SHS","Professional","Mid (GHS 800-2000)",9,"Both parents",55,58,58,62,58.2,84.9,4.6,"Yes","No","Yes","Often",5.3,"Never","Yes","Good",1.1
"GESS-S1002","SCH-067","Eastern",6.6632,-0.5386,"Male",14,"JHS 3-SHS 1","Day","None","Trader","High (>GHS 2000)",5,"Both parents",58,61,61,61,60.2,63.4,2.9,"No","Yes","Yes","Sometimes",9,"Sometimes","Yes","Good",2.7
"GESS-S1003","SCH-053","Upper East",11.1019,-0.2638,"Male",15,"JHS 3-SHS 1","Day","SHS","Trader","Low (<GHS 800)",4,"Both parents",80,67,61,67,68.8,85.6,3.6,"No","No","No","Sometimes",7.5,"Sometimes","Yes","Good",3.5
"GESS-S1004","SCH-081","Greater Accra",6.1778,-0.4592,"Female",17,"SHS 2-3","Boarding","SHS","Civil Servant",NA,7,"Both parents",89,66,74,72,75.2,97.7,3.4,"No","No","Yes","Often",5.3,"Never","Yes","Excellent",1.5
"GESS-S1005","SCH-082","Western",5.5703,-2.6798,"Male",11,"JHS 1-2","Boarding","JHS","Farmer","Mid (GHS 800-2000)",9,"Both parents",73,70,79,63,71.2,100,4.3,"Yes","No","Yes","Sometimes",6.6,"Never","Yes","Excellent",1
"GESS-S1006","SCH-081","Western North",6.5966,-2.4666,"Male",18,"SHS 3+","Boarding","SHS","Professional","Low (<GHS 800)",5,"Both parents",44,69,41,43,49.2,79.3,3.3,"Yes","Yes","No","Never",8.8,"Sometimes","No","Average",2.1
"GESS-S1007","SCH-099","Bono East",7.6299,-2.1773,"Female",11,"JHS 1-2","Day","None","Professional","Mid (GHS 800-2000)",4,"Both parents",66,68,52,72,64.5,74.1,4.2,"Yes","No","Yes","Sometimes",4.3,"Daily","Yes","Good",1.8
"GESS-S1008","SCH-031","Central",5.0082,-1.4769,"Female",13,"JHS 1-2","Boarding","JHS","Trader","Low (<GHS 800)",7,"Single parent",79,55,63,64,65.2,NA,1.8,"No","Yes","Yes","Sometimes",3.5,"Daily","Yes","Good",2
"GESS-S1009","SCH-100","Western",4.8808,-2.4817,"Male",16,"SHS 2-3","Day","Tertiary","Farmer","High (>GHS 2000)",6,"Both parents",66,42,67,68,60.8,83.3,2.2,"Yes","Yes","Yes","Never",7.8,"Daily","Yes","Good",3
"GESS-S1010","SCH-100","Savannah",9.3195,-1.2673,"Female",15,"JHS 3-SHS 1","Boarding","Primary","Artisan","High (>GHS 2000)",8,"Both parents",52,46,51,57,51.5,80.9,4.1,"No","No","No","Never",2.6,"Never","Yes","Average",4.8
"GESS-S1011","SCH-078","Western",5.2229,-2.4364,"Male",12,"JHS 1-2","Day","Primary",NA,"Mid (GHS 800-2000)",7,"Single parent",80,63,NA,74,67.5,91.3,3.1,"Yes","Yes","No","Sometimes",9.8,"Daily","Yes","Good",1.9
"GESS-S1012","SCH-041","Savannah",9.3951,-2.2782,"Male",18,"SHS 3+","Day","JHS","Farmer","Mid (GHS 800-2000)",10,"Both parents",72,49,66,60,61.8,74.1,1.9,"Yes","No","No","Never",6.1,"Sometimes","Yes","Good",2.3
"GESS-S1013","SCH-068","Northern",9.2543,-0.7615,"Female",14,"JHS 3-SHS 1","Boarding","None","Civil Servant","Mid (GHS 800-2000)",8,"Single parent",79,97,59,84,79.8,83.6,5.1,"No","Yes","No","Never",6.1,"Daily","Yes","Excellent",0.4
"GESS-S1014","SCH-021","Upper West",9.9396,-2.2987,"Female",16,"SHS 2-3","Day","JHS","Farmer","High (>GHS 2000)",2,"Both parents",60,60,76,74,67.5,68.7,4,"No","Yes","No","Never",5.8,"Sometimes","Yes","Good",2.5
"GESS-S1015","SCH-055","Greater Accra",5.5916,-0.6896,"Female",13,"JHS 1-2","Boarding","Primary","Trader",NA,6,"Both parents",57,51,49,50,51.8,89.7,2.8,"Yes","No","No","Never",8.6,"Sometimes","Yes","Average",4.1
"GESS-S1016","SCH-089","Ashanti",6.5527,-1.593,"Female",15,"JHS 3-SHS 1","Day","Primary","Civil Servant","Low (<GHS 800)",6,"Both parents",55,57,59,64,58.8,94.4,2.7,"No","Yes","No","Never",3.8,"Daily","Yes","Good",4.3
"GESS-S1017","SCH-069","Greater Accra",5.4145,-0.2399,"Male",19,"SHS 3+","Day","JHS","Farmer",NA,5,"Both parents",62,74,69,72,69.2,88.1,3.1,"Yes","No","No","Never",1.6,"Daily","Yes","Good",1.3
"GESS-S1018","SCH-019","Savannah",9.3084,-2.0016,"Female",14,"JHS 3-SHS 1","Boarding","Primary","Professional","High (>GHS 2000)",8,"Both parents",70,63,62,71,66.5,71.2,4.7,"No","Yes","No","Never",7.4,"Daily","Yes","Good",2.6
"GESS-S1019","SCH-062","Ashanti",6.503,-1.5275,"Female",13,"JHS 1-2","Day","SHS","Unemployed","High (>GHS 2000)",3,"Single parent",32,43,49,49,43.2,76.9,NA,"No","No","Yes","Never",4.7,"Daily","No","Average",3.2
"GESS-S1020","SCH-042","Bono East",7.4185,-1.4351,"Male",17,"SHS 2-3","Boarding","None","Farmer","Low (<GHS 800)",8,"Both parents",60,NA,60,46,54.2,86.7,4.6,"No","No","Yes","Sometimes",3.6,"Daily","Yes","Average",3.6
"GESS-S1021","SCH-069","Bono East",7.6976,-1.564,"Male",18,"SHS 3+","Day","None","Unemployed","Low (<GHS 800)",8,"Single parent",72,61,64,63,65,70.3,2,"Yes","Yes","No","Never",6.7,"Daily","Yes","Good",1.9
"GESS-S1022","SCH-032","Bono",7.9785,-1.9752,"Male",13,"JHS 1-2","Day","None","Artisan","Mid (GHS 800-2000)",2,"Single parent",83,90,51,83,76.8,94.1,1.6,"Yes","No","No","Never",5.3,"Sometimes","Yes","Excellent",0.4
"GESS-S1023","SCH-010","Eastern",5.8881,-0.2881,"Male",17,"SHS 2-3","Boarding","None","Farmer","High (>GHS 2000)",4,"Both parents",49,26,40,45,40,72.7,4.5,"Yes","Yes","No","Never",4,"Daily","No","Below Average",4.5
"GESS-S1024","SCH-039","Central",4.9723,-1.1726,"Female",17,"SHS 2-3","Boarding","JHS","Civil Servant","Low (<GHS 800)",4,"Both parents",29,36,33,42,35,89.6,1.4,"Yes","No","No","Never",7,"Sometimes","No","Below Average",3
"GESS-S1025","SCH-010","Ashanti",6.3513,-1.9751,"Female",16,"SHS 2-3","Day","SHS",NA,"Mid (GHS 800-2000)",6,"Single parent",84,57,70,79,72.5,97.4,1.2,"No","No","Yes","Often",6.4,"Sometimes","Yes","Excellent",1.2
"GESS-S1026","SCH-023","Western",5.2987,-1.7536,"Female",13,"JHS 1-2","Day","Tertiary","Artisan","Mid (GHS 800-2000)",4,"Both parents",74,54,65,69,65.5,80.9,2.5,"No","No","No","Never",1.4,"Never","Yes","Good",0.6
"GESS-S1027","SCH-060","Ashanti",6.9252,-1.1536,"Male",17,"SHS 2-3","Day","SHS","Trader","Mid (GHS 800-2000)",4,"Both parents",73,71,75,73,73,NA,3.7,"Yes","Yes","No","Never",9.3,"Daily","Yes","Excellent",4.2
"GESS-S1028","SCH-005","Western North",6.6153,-2.1934,"Female",13,"JHS 1-2","Day","SHS","Civil Servant","Mid (GHS 800-2000)",9,"Both parents",46,58,67,44,53.8,74.3,4,"Yes","No","No","Never",9,"Sometimes","Yes","Average",2.3
"GESS-S1029","SCH-099","Volta",6.9675,-0.0776,"Female",18,"SHS 3+","Boarding","JHS","Farmer","High (>GHS 2000)",5,"Both parents",70,48,74,73,66.2,88,3.7,"No","Yes","No","Sometimes",4.4,"Never","Yes","Good",2.2
"GESS-S1030","SCH-022","Western",4.6102,-2.2889,"Male",13,"JHS 1-2","Boarding","SHS","Farmer","Mid (GHS 800-2000)",6,"Orphan",53,81,68,51,63.2,67.5,4.1,"No","No","Yes","Often",7.4,"Sometimes","Yes","Good",2.2
"GESS-S1031","SCH-090","Upper West",9.6902,-3.0382,"Female",15,"JHS 3-SHS 1","Boarding","SHS","Civil Servant","High (>GHS 2000)",8,"Both parents",67,49,59,51,56.5,93,3.5,"Yes","No","No","Never",3,"Daily","Yes","Good",4.1
"GESS-S1032","SCH-059","Oti",7.6573,0.3581,"Male",12,"JHS 1-2","Boarding","Primary","Civil Servant","High (>GHS 2000)",5,"Both parents",51,52,54,52,52.2,81.4,4,"No","Yes","No","Never",NA,"Sometimes","Yes","Average",2.5
"GESS-S1033","SCH-016","Western North",6.6336,-2.1996,"Female",14,"JHS 3-SHS 1","Day","JHS","Unemployed","Mid (GHS 800-2000)",6,"Both parents",66,52,60,58,59,78.6,1.3,"No","No","No","Sometimes",10,"Never","Yes","Good",3.1
"GESS-S1034","SCH-076","Bono East",7.6319,-1.6497,"Male",16,"SHS 2-3","Day","JHS","Civil Servant","Mid (GHS 800-2000)",6,"Both parents",75,41,60,54,57.5,66,2.8,"No","Yes","Yes","Sometimes",5.4,"Never","Yes","Good",1.8
"GESS-S1035","SCH-059","Greater Accra",5.3603,-0.3397,"Female",18,"SHS 3+","Day","JHS","Professional","Low (<GHS 800)",3,"Both parents",56,54,70,73,63.2,72.2,3.3,"No","Yes","No","Never",6.1,"Daily","Yes","Good",3.8
"GESS-S1036","SCH-048","Bono East",8.355,-1.8443,"Male",16,"SHS 2-3","Day","SHS","Farmer","Low (<GHS 800)",6,"Single parent",77,61,NA,59,66.5,78.3,2.5,"No","No","No","Never",10,"Sometimes","Yes","Good",2.5
"GESS-S1037","SCH-094","Central",5.4551,-1.0346,"Male",11,"JHS 1-2","Day","Primary","Civil Servant","Mid (GHS 800-2000)",10,"Both parents",63,65,47,59,58.5,86.4,2.5,"Yes","No","No","Never",10,"Sometimes","Yes","Good",1.8
"GESS-S1038","SCH-083","Central",5.8178,-1.1941,"Female",13,"JHS 1-2","Boarding","None","Professional","Low (<GHS 800)",6,"Both parents",69,47,47,68,57.8,100,2.6,"Yes","No","No","Never",9,"Sometimes","Yes","Good",1.7
"GESS-S1039","SCH-019","Ashanti",6.1749,-2.0267,"Female",16,"SHS 2-3","Day","Tertiary","Farmer","Mid (GHS 800-2000)",4,"Single parent",83,73,67,75,74.5,64.1,3.2,"No","Yes","No","Never",7.5,"Never","Yes","Excellent",2.7
"GESS-S1040","SCH-045","Western",4.8991,-2.6296,"Female",13,"JHS 1-2","Day","JHS","Trader","High (>GHS 2000)",2,"Both parents",55,70,65,57,61.8,92.5,4.8,"No","Yes","No","Sometimes",6.7,"Never","Yes","Good",4.2
"GESS-S1041","SCH-078","North East",10.5606,-0.7484,"Female",18,"SHS 3+","Day","None","Farmer","Low (<GHS 800)",9,"Both parents",62,36,70,61,57.2,NA,1.1,"Yes","No","No","Sometimes",6.3,"Sometimes","Yes","Good",3.9
"GESS-S1042","SCH-050","Ashanti",6.8906,-1.1061,"Female",13,"JHS 1-2","Day","SHS","Farmer","Low (<GHS 800)",1,"Both parents",61,47,58,65,57.8,100,3.6,"No","No","Yes","Never",5.7,"Daily","Yes","Good",1.3
"GESS-S1043","SCH-077","Western",5.087,-2.6659,"Male",14,"JHS 3-SHS 1","Boarding","SHS","Trader","Mid (GHS 800-2000)",5,"Both parents",88,87,81,79,83.8,100,5.4,"Yes","Yes","No","Never",2.3,"Never","Yes","Excellent",0.3
"GESS-S1044","SCH-090","Greater Accra",5.1364,0.079,"Female",15,"JHS 3-SHS 1","Day","SHS","Civil Servant","Mid (GHS 800-2000)",5,"Single parent",80,62,65,57,66,61.8,0.9,"No","Yes","No","Never",9.9,"Daily","Yes","Good",4.6
"GESS-S1045","SCH-073","Ashanti",7.0565,-1.4043,"Female",14,"JHS 3-SHS 1","Day","None","Farmer",NA,4,"Single parent",68,55,76,75,68.5,70.5,2,"No","Yes","Yes","Never",4.5,"Never","Yes","Good",2.6
"GESS-S1046","SCH-026","Ashanti",7.028,-1.7164,"Male",11,"JHS 1-2","Boarding","Primary","Professional","Low (<GHS 800)",5,"Both parents",33,48,52,49,45.5,91.2,4.6,"No","No","No","Never",4.5,"Sometimes","No","Average",2.4
"GESS-S1047","SCH-070","Ahafo",6.647,-2.6212,"Female",11,"JHS 1-2","Day","SHS",NA,NA,5,"Both parents",89,NA,99,93,92.2,75.8,3.6,"No","No","Yes","Sometimes",10,"Sometimes","Yes","Excellent",2.8
"GESS-S1048","SCH-080","Bono",7.3156,-2.5401,"Female",15,"JHS 3-SHS 1","Day","JHS","Farmer","Mid (GHS 800-2000)",4,"Both parents",49,56,57,52,53.5,81.9,4.8,"No","Yes","No","Never",6.4,"Daily","Yes","Average",4.4
"GESS-S1049","SCH-077","Bono East",7.8512,-1.8879,"Female",16,"SHS 2-3","Boarding","Tertiary","Artisan","Low (<GHS 800)",7,"Both parents",73,52,88,82,73.8,72.4,3.7,"Yes","No","No","Never",8.4,"Daily","Yes","Excellent",0.4
"GESS-S1050","SCH-099","Oti",7.4552,0.4167,"Female",15,"JHS 3-SHS 1","Boarding","Tertiary","Farmer","Mid (GHS 800-2000)",5,"Both parents",78,73,78,77,76.5,87.2,4.7,"Yes","No","No","Sometimes",7.1,"Never","Yes","Excellent",0.5
"GESS-S1051","SCH-064","Western North",5.9452,-2.6513,"Female",17,"SHS 2-3","Day","JHS","Farmer","Low (<GHS 800)",2,"Both parents",69,60,66,61,64,60.3,1.6,"No","Yes","No","Sometimes",6.2,"Daily","Yes","Good",3
"GESS-S1052","SCH-003","Oti",7.1455,0.1491,"Female",16,"SHS 2-3","Boarding","Tertiary","Artisan","Low (<GHS 800)",1,"Single parent",57,60,55,57,57.2,78.2,2.6,"Yes","No","Yes","Never",4.7,"Daily","Yes","Good",2
"GESS-S1053","SCH-017","Northern",9.9709,-0.791,"Male",11,"JHS 1-2","Day","JHS","Farmer","Mid (GHS 800-2000)",6,"Both parents",39,29,29,25,30.5,89.4,4.2,"No","Yes","No","Sometimes",6.4,"Never","No","Below Average",3.1
"GESS-S1054","SCH-052","Ahafo",6.5989,-2.4665,"Male",12,"JHS 1-2","Boarding","None","Farmer","High (>GHS 2000)",9,"Single parent",98,91,84,89,90.5,99.6,3.3,"No","No","No","Never",6.7,"Never","Yes","Excellent",0
"GESS-S1055","SCH-047","Central",5.9102,-1.613,"Male",15,"JHS 3-SHS 1","Boarding","None","Trader","Mid (GHS 800-2000)",9,"Both parents",76,60,67,71,68.5,77,5.7,"Yes","No","Yes","Often",9.9,"Never","Yes","Good",3.1
"GESS-S1056","SCH-051","Greater Accra",5.9208,0.139,"Male",14,"JHS 3-SHS 1","Day","Tertiary","Farmer","Mid (GHS 800-2000)",7,"Both parents",63,55,63,51,58,63.8,1.3,"Yes","Yes","No","Never",5.2,"Never","Yes","Good",4.4
"GESS-S1057","SCH-032","Volta",6.978,0.1376,"Male",16,"SHS 2-3","Boarding","SHS","Artisan","Low (<GHS 800)",5,"Single parent",62,46,44,64,54,69.1,3.7,"No","Yes","No","Often",4.5,"Never","Yes","Average",4.1
"GESS-S1058","SCH-039","Greater Accra",5.6088,0.0758,"Female",16,"SHS 2-3","Boarding","Primary","Farmer","Mid (GHS 800-2000)",1,"Both parents",56,75,66,75,68,78.7,2.4,"Yes","No","No","Never",6.1,"Daily","Yes","Good",3
"GESS-S1059","SCH-079","Savannah",9.1554,-2.2716,"Male",14,"JHS 3-SHS 1","Day","None","Artisan","Mid (GHS 800-2000)",3,"Single parent",51,59,60,52,55.5,72.4,5,"Yes","No","No","Never",6,"Never","Yes","Good",2
"GESS-S1060","SCH-093","Central",6.0182,-0.5397,"Male",18,"SHS 3+","Day","Primary","Farmer","Mid (GHS 800-2000)",3,"Single parent",40,37,30,27,33.5,82.3,4.2,"No","No","No","Never",3.8,"Daily","No","Below Average",2.7
"GESS-S1061","SCH-001","Ashanti",6.3273,-1.0248,"Male",11,"JHS 1-2","Boarding","None","Civil Servant","Low (<GHS 800)",3,"Single parent",73,62,75,64,68.5,84,2.6,"No","Yes","No","Never",8.7,"Daily","Yes","Good",1
"GESS-S1062","SCH-045","Central",5.5285,-1.0469,"Male",17,"SHS 2-3","Day","None","Trader","Mid (GHS 800-2000)",1,"Both parents",46,75,48,62,57.8,78.7,4.1,"Yes","Yes","Yes","Never",5.5,"Daily","Yes","Good",4.3
"GESS-S1063","SCH-054","Ashanti",7.2474,-1.7657,"Male",18,"SHS 3+","Day","JHS","Farmer","Low (<GHS 800)",8,"Single parent",79,64,80,91,78.5,73,2.2,"Yes","Yes","Yes","Never",5.3,"Never","Yes","Excellent",0.8
"GESS-S1064","SCH-083","Greater Accra",6.0335,0.2066,"Female",18,"SHS 3+","Day","JHS","Unemployed","High (>GHS 2000)",1,"Both parents",75,90,71,64,75,92,2.5,"Yes","No","No","Never",5.3,"Daily","Yes","Excellent",2.2
"GESS-S1065","SCH-009","Savannah",8.8394,-1.8523,"Male",15,"JHS 3-SHS 1","Day","Primary","Farmer","Mid (GHS 800-2000)",4,"Both parents",39,24,14,25,25.5,82.4,2.8,"Yes","Yes","No","Often",4.9,"Never","No","Below Average",4.3
"GESS-S1066","SCH-022","Western North",5.9247,-2.8943,"Male",16,"SHS 2-3","Boarding","JHS","Farmer","Mid (GHS 800-2000)",6,"Both parents",60,57,66,56,59.8,NA,2.7,"No","Yes","Yes","Never",5.7,"Sometimes","Yes","Good",1.9
"GESS-S1067","SCH-087","Upper East",11.3545,-0.7955,"Female",15,"JHS 3-SHS 1","Boarding","None","Trader","High (>GHS 2000)",7,"Single parent",47,31,43,44,41.2,74.6,5.5,"Yes","Yes","No","Never",3.5,"Daily","No","Average",2.8
"GESS-S1068","SCH-044","Western",4.7431,-1.9709,"Female",18,"SHS 3+","Boarding","JHS","Artisan","Mid (GHS 800-2000)",1,"Both parents",62,77,78,67,71,71.6,3.1,"Yes","Yes","No","Never",6.6,"Daily","Yes","Excellent",2.8
"GESS-S1069","SCH-042","Western North",6.6409,-2.5413,"Male",15,"JHS 3-SHS 1","Day","Primary","Artisan","Mid (GHS 800-2000)",5,"Both parents",80,59,66,55,65,100,0.5,"Yes","No","Yes","Never",5.7,"Daily","Yes","Good",2.4
"GESS-S1070","SCH-015","Volta",7.092,0.9653,"Female",13,"JHS 1-2","Day","SHS","Civil Servant","Low (<GHS 800)",2,"Orphan",48,56,41,37,45.5,76.7,NA,"Yes","Yes","Yes","Never",6,"Sometimes","No","Average",4.5
"GESS-S1071","SCH-033","Western North",6.1799,-3.2876,"Male",16,"SHS 2-3","Day","SHS","Farmer","Low (<GHS 800)",1,"Both parents",67,53,62,59,60.2,92.9,1.4,"No","Yes","Yes","Never",NA,"Sometimes","Yes","Good",1.9
"GESS-S1072","SCH-009","Eastern",5.9216,-0.7471,"Male",16,"SHS 2-3","Day","JHS","Farmer","Mid (GHS 800-2000)",2,"Both parents",73,43,51,61,57,100,3.8,"No","Yes","No","Never",NA,"Sometimes","Yes","Good",2.8
"GESS-S1073","SCH-038","Ahafo",7.2983,-2.1672,"Female",12,"JHS 1-2","Day","JHS","Trader","Mid (GHS 800-2000)",3,"Both parents",68,73,69,62,68,84.9,2.4,"Yes","No","No","Never",8.4,"Daily","Yes","Good",1.1
"GESS-S1074","SCH-061","Greater Accra",5.0761,0.1833,"Female",12,"JHS 1-2","Boarding","JHS","Unemployed","Mid (GHS 800-2000)",4,"Both parents",61,67,NA,65,60.5,95.5,3.9,"Yes","No","No","Never",8,"Never","Yes","Good",2.4
"GESS-S1075","SCH-006","Western",4.971,-2.5988,"Female",14,"JHS 3-SHS 1","Boarding","JHS","Farmer","Mid (GHS 800-2000)",4,"Both parents",37,30,44,48,39.8,80.5,3.9,"No","Yes","No","Never",5.5,"Sometimes","No","Below Average",3.1
"GESS-S1076","SCH-062","Bono East",7.9754,-1.0324,"Male",17,"SHS 2-3","Day","JHS","Trader","Low (<GHS 800)",7,"Both parents",71,NA,49,61,62.8,100,1.7,"Yes","Yes","Yes","Never",2.6,"Never","Yes","Good",2.1
"GESS-S1077","SCH-089","Ashanti",6.1931,-2.0704,"Female",14,"JHS 3-SHS 1","Day","None","Farmer","Mid (GHS 800-2000)",4,"Both parents",72,50,57,80,64.8,81.4,3.4,"No","No","No","Never",3.4,"Daily","Yes","Good",2.3
"GESS-S1078","SCH-022","Upper East",10.3957,-0.5725,"Male",15,"JHS 3-SHS 1","Day","SHS","Trader","Low (<GHS 800)",3,"Single parent",69,57,66,53,61.2,79.3,4.7,"No","No","No","Never",6.1,"Never","Yes","Good",4
"GESS-S1079","SCH-093","Greater Accra",5.4075,-0.2494,"Male",20,"SHS 3+","Boarding","SHS",NA,"High (>GHS 2000)",4,"Both parents",91,66,91,95,85.8,91,4.5,"No","Yes","No","Sometimes",6.7,"Sometimes","Yes","Excellent",0.6
"GESS-S1080","SCH-032","Northern",9.7165,-0.8679,"Female",16,"SHS 2-3","Day","SHS","Farmer","Mid (GHS 800-2000)",5,"Both parents",62,68,47,53,57.5,58.6,3.7,"Yes","Yes","No","Sometimes",5.2,"Daily","Yes","Good",3.1
"GESS-S1081","SCH-020","Northern",8.9922,-0.653,"Male",11,"JHS 1-2","Day","SHS","Artisan","High (>GHS 2000)",5,"Both parents",60,50,66,59,58.8,71.4,2.6,"No","Yes","No","Never",6.8,"Sometimes","Yes","Good",3.9
"GESS-S1082","SCH-080","Savannah",9.4204,-1.8264,"Male",16,"SHS 2-3","Day","JHS","Civil Servant","Mid (GHS 800-2000)",5,"Both parents",39,50,35,50,43.5,NA,4.8,"Yes","Yes","No","Never",6.7,"Daily","No","Average",2.8
"GESS-S1083","SCH-029","Eastern",6.141,-0.1131,"Female",11,"JHS 1-2","Day","None","Artisan","Mid (GHS 800-2000)",3,"Both parents",69,49,61,59,59.5,82,1.6,"No","No","No","Never",6.3,"Sometimes","Yes","Good",3.8
"GESS-S1084","SCH-060","Savannah",9.5727,-1.9297,"Female",16,"SHS 2-3","Day","JHS","Unemployed","Mid (GHS 800-2000)",8,"Both parents",66,60,76,69,67.8,93.3,1.9,"No","No","No","Never",6,"Daily","Yes","Good",2.1
"GESS-S1085","SCH-027","Ashanti",7.0479,-1.4082,"Male",17,"SHS 2-3","Day","Primary","Civil Servant","Low (<GHS 800)",6,"Both parents",69,66,74,60,67.2,61.2,3.3,"Yes","No","No","Never",6.9,"Sometimes","Yes","Good",2.8
"GESS-S1086","SCH-042","Western North",6.2588,-2.3122,"Male",14,"JHS 3-SHS 1","Day","JHS","Civil Servant",NA,6,"Both parents",70,58,60,62,62.5,94.3,2.3,"Yes","No","No","Sometimes",8.7,"Never","Yes","Good",2.4
"GESS-S1087","SCH-024","Upper East",10.5124,-1.3764,"Male",15,"JHS 3-SHS 1","Day","SHS","Trader","Low (<GHS 800)",4,"Both parents",53,33,46,43,43.8,75.3,1.8,"Yes","Yes","No","Sometimes",5.2,"Daily","No","Average",2.9
"GESS-S1088","SCH-015","Greater Accra",5.0871,0.4006,"Female",18,"SHS 3+","Boarding","SHS","Unemployed","Low (<GHS 800)",1,"Both parents",21,26,29,23,24.8,100,2.3,"No","No","Yes","Never",8.5,"Sometimes","No","Below Average",3.1
"GESS-S1089","SCH-032","Western North",5.9326,-2.1543,"Female",15,"JHS 3-SHS 1","Day","None","Professional","Low (<GHS 800)",7,"Both parents",61,70,57,71,64.8,81.5,2.2,"No","Yes","No","Never",9.6,"Daily","Yes","Good",2.9
"GESS-S1090","SCH-094","Ahafo",6.4388,-2.4978,"Male",17,"SHS 2-3","Day","SHS","Artisan","Low (<GHS 800)",2,"Both parents",65,64,46,62,59.2,86.7,2.5,"Yes","No","No","Sometimes",4.7,"Never","Yes","Good",1.8
"GESS-S1091","SCH-021","Western",5.6748,-2.1125,"Male",13,"JHS 1-2","Day","SHS","Civil Servant","Low (<GHS 800)",5,"Both parents",65,56,82,63,66.5,86.4,2.5,"Yes","No","Yes","Never",8.1,"Never","Yes","Good",3.6
"GESS-S1092","SCH-098","Volta",7.27,0.2404,"Male",16,"SHS 2-3","Boarding","JHS","Farmer","Mid (GHS 800-2000)",12,"Both parents",83,83,83,80,82.2,84.3,4.8,"No","No","No","Often",3.5,"Sometimes","Yes","Excellent",1
"GESS-S1093","SCH-010","Western North",5.8861,-2.6548,"Male",21,"SHS 3+","Boarding","SHS","Professional","Low (<GHS 800)",2,"Both parents",73,66,70,60,67.2,74.8,2,"No","Yes","Yes","Never",4.2,"Never","Yes","Good",2.9
"GESS-S1094","SCH-018","Ashanti",6.7236,-1.6505,"Male",15,"JHS 3-SHS 1","Day","None","Trader","Mid (GHS 800-2000)",6,"Both parents",60,53,49,67,57.2,88.2,1.7,"Yes","Yes","Yes","Often",5.5,"Daily","Yes","Good",3
"GESS-S1095","SCH-017","Central",4.97,-0.9115,"Male",15,"JHS 3-SHS 1","Boarding","JHS","Artisan","High (>GHS 2000)",5,"Both parents",63,49,64,56,58,76.9,4.9,"Yes","Yes","No","Sometimes",7,"Daily","Yes","Good",2.2
"GESS-S1096","SCH-018","Western",5.1918,-2.5895,"Male",14,"JHS 3-SHS 1","Boarding","SHS","Unemployed","High (>GHS 2000)",1,"Single parent",80,71,72,65,72,92.1,5.1,"Yes","Yes","No","Sometimes",7.9,"Sometimes","Yes","Excellent",0
"GESS-S1097","SCH-003","Ashanti",6.8612,-1.531,"Male",14,"JHS 3-SHS 1","Day","None","Farmer","Mid (GHS 800-2000)",2,"Both parents",64,50,77,61,63,79.3,3.5,"No","Yes","Yes","Never",8.3,"Sometimes","Yes","Good",2.9
"GESS-S1098","SCH-074","Upper East",10.7502,-1.1114,"Male",17,"SHS 2-3","Day","Tertiary","Unemployed","Low (<GHS 800)",5,"Both parents",59,49,53,51,53,87.2,2.7,"No","Yes","No","Often",6.6,"Sometimes","Yes","Average",2.5
"GESS-S1099","SCH-013","Northern",10.0741,-0.3635,"Female",15,"JHS 3-SHS 1","Day","SHS","Farmer","Low (<GHS 800)",2,"Single parent",55,47,41,44,46.8,79,1.9,"Yes","No","No","Sometimes",7.7,"Never","No","Average",3.3
"GESS-S1100","SCH-007","Ashanti",7.2068,-2.1702,"Male",16,"SHS 2-3","Day","Tertiary","Artisan","Low (<GHS 800)",3,"Both parents",91,71,84,78,81,84.1,2.6,"No","Yes","Yes","Never",5,"Never","Yes","Excellent",1.6
"GESS-S1101","SCH-074","Greater Accra",5.4535,-0.3207,"Female",19,"SHS 3+","Day","SHS","Artisan","Low (<GHS 800)",4,"Single parent",68,78,67,68,70.2,88.5,3,"Yes","No","No","Never",6.1,"Sometimes","Yes","Excellent",2.1
"GESS-S1102","SCH-065","Volta",7.1297,0.892,"Male",17,"SHS 2-3","Boarding","SHS","Farmer","Low (<GHS 800)",4,"Single parent",71,43,50,57,55.2,85.4,2.8,"No","Yes","No","Sometimes",6.4,"Daily","Yes","Good",1.5
"GESS-S1103","SCH-067","Eastern",6.727,-0.2204,"Female",18,"SHS 3+","Day","None","Farmer","Mid (GHS 800-2000)",3,"Both parents",52,71,72,62,64.2,83.3,4.4,"No","Yes","Yes","Sometimes",8.7,"Sometimes","Yes","Good",1.8
"GESS-S1104","SCH-017","Greater Accra",6.0191,-0.1725,"Female",14,"JHS 3-SHS 1","Day","JHS","Civil Servant",NA,2,"Both parents",90,85,85,100,90,69.9,2.8,"No","Yes","No","Sometimes",5.1,"Sometimes","Yes","Excellent",0
"GESS-S1105","SCH-077","Volta",6.5808,0.2324,"Female",12,"JHS 1-2","Day","Tertiary","Farmer","High (>GHS 2000)",3,"Both parents",60,73,74,64,67.8,79.1,2.6,"Yes","No","Yes","Sometimes",6.1,"Sometimes","Yes","Good",3.5
"GESS-S1106","SCH-021","Greater Accra",5.1477,-0.2937,"Female",14,"JHS 3-SHS 1","Day","JHS","Artisan","Mid (GHS 800-2000)",6,"Single parent",81,70,66,72,72.2,90.3,2.4,"Yes","No","Yes","Often",4.4,"Never","Yes","Excellent",1.9
"GESS-S1107","SCH-039","Northern",9.0579,-1.0451,"Female",16,"SHS 2-3","Boarding","None","Farmer","High (>GHS 2000)",2,"Both parents",44,NA,68,46,51.5,89.1,3.4,"Yes","Yes","No","Often",7.9,"Daily","Yes","Average",2.1
"GESS-S1108","SCH-024","Upper West",10.0817,-2.2662,"Male",17,"SHS 2-3","Boarding","Tertiary","Artisan","Mid (GHS 800-2000)",8,"Both parents",78,80,74,72,76,79.3,1.2,"Yes","Yes","No","Never",5.8,"Never","Yes","Excellent",0.2
"GESS-S1109","SCH-066","Central",5.9527,-1.1658,"Female",18,"SHS 3+","Day","JHS","Farmer","Mid (GHS 800-2000)",8,"Both parents",94,88,80,99,90.2,79.9,1,"Yes","Yes","No","Sometimes",5.5,"Daily","Yes","Excellent",2.2
"GESS-S1110","SCH-030","Bono East",8.3455,-1.3177,"Female",15,"JHS 3-SHS 1","Day","JHS","Professional","Low (<GHS 800)",7,"Both parents",71,63,64,69,66.8,87.8,2.4,"No","No","Yes","Sometimes",4.3,"Sometimes","Yes","Good",1.4
"GESS-S1111","SCH-034","Ashanti",7.1968,-1.1844,"Male",15,"JHS 3-SHS 1","Day","Primary","Trader","High (>GHS 2000)",3,"Both parents",82,34,42,65,55.8,74.4,3,"Yes","No","Yes","Never",3.4,"Daily","Yes","Good",3.7
"GESS-S1112","SCH-006","Upper East",11.1923,-0.8449,"Male",16,"SHS 2-3","Day","None","Trader","Low (<GHS 800)",3,"Both parents",37,39,58,57,47.8,85.2,1.2,"No","No","Yes","Sometimes",9.1,"Daily","No","Average",3.2
"GESS-S1113","SCH-071","Greater Accra",6.0685,-0.6281,"Female",16,"SHS 2-3","Boarding","SHS","Artisan","High (>GHS 2000)",6,"Both parents",69,75,54,64,65.5,71.7,4.2,"No","No","No","Sometimes",4.4,"Sometimes","Yes","Good",3
"GESS-S1114","SCH-081","Eastern",6.0768,-0.0946,"Male",19,"SHS 3+","Day","SHS","Trader","Mid (GHS 800-2000)",1,"Both parents",97,80,75,77,82.2,71.1,1.9,"No","Yes","No","Sometimes",8.4,"Sometimes","Yes","Excellent",3.4
"GESS-S1115","SCH-035","Bono East",7.6222,-1.4132,"Male",18,"SHS 3+","Day","None","Civil Servant","High (>GHS 2000)",4,"Orphan",43,53,57,27,45,100,3.8,"Yes","Yes","No","Never",6,"Daily","No","Average",2.8
"GESS-S1116","SCH-007","Western North",6.5985,-2.792,"Female",19,"SHS 3+","Day","SHS","Trader","Low (<GHS 800)",6,"Single parent",50,43,41,41,43.8,90.4,1.9,"No","No","No","Never",9.4,"Never","No","Average",NA
"GESS-S1117","SCH-048","Eastern",6.6841,-0.468,"Female",17,"SHS 2-3","Day","Tertiary","Artisan","Low (<GHS 800)",1,"Both parents",70,67,69,76,70.5,80.9,3.1,"No","Yes","No","Sometimes",7.8,"Sometimes","Yes","Excellent",3.2
"GESS-S1118","SCH-066","Oti",7.6037,0.1167,"Male",14,"JHS 3-SHS 1","Day","SHS","Farmer",NA,7,"Both parents",89,77,NA,82,87,64.2,2.2,"Yes","Yes","No","Often",6.3,"Daily","Yes","Excellent",3.4
"GESS-S1119","SCH-094","Northern",9.5762,-1.1586,"Female",14,"JHS 3-SHS 1","Day","Primary","Trader","High (>GHS 2000)",4,"Both parents",69,49,58,53,57.2,54.5,4.3,"Yes","No","No","Never",3.9,"Never","Yes","Good",3
"GESS-S1120","SCH-085","Bono East",7.3126,-1.0992,"Male",15,"JHS 3-SHS 1","Boarding","Tertiary","Farmer","Mid (GHS 800-2000)",3,"Both parents",15,21,25,15,19,93.7,2.3,"Yes","Yes","Yes","Often",7.3,"Daily","No","Below Average",NA
"GESS-S1121","SCH-018","Greater Accra",5.9964,0.0788,"Female",15,"JHS 3-SHS 1","Boarding","Tertiary","Artisan","High (>GHS 2000)",5,"Single parent",89,93,83,77,85.5,70.1,5.2,"No","No","No","Never",5.6,"Daily","Yes","Excellent",2.2
"GESS-S1122","SCH-093","Greater Accra",5.678,-0.1771,"Female",16,"SHS 2-3","Boarding","JHS","Farmer","Low (<GHS 800)",5,"Single parent",48,71,60,40,54.8,96.3,4.1,"No","Yes","No","Often",6.4,"Daily","Yes","Average",2.6
"GESS-S1123","SCH-090","Western",4.9639,-1.6823,"Female",17,"SHS 2-3","Day","None","Unemployed","Mid (GHS 800-2000)",6,"Both parents",73,90,63,56,70.5,80.2,1.3,"No","No","Yes","Never",6.2,"Daily","Yes","Excellent",1.4
"GESS-S1124","SCH-020","Greater Accra",5.5539,-0.2316,"Female",16,"SHS 2-3","Day","JHS","Farmer","Mid (GHS 800-2000)",9,"Single parent",55,66,45,62,57,87.8,3.8,"Yes","No","No","Often",6.9,"Daily","Yes","Good",1.4
"GESS-S1125","SCH-083","Savannah",9.453,-2.4035,"Female",16,"SHS 2-3","Boarding","None","Farmer","Low (<GHS 800)",4,"Both parents",45,35,44,62,46.5,82.7,NA,"Yes","Yes","No","Never",7.3,"Sometimes","No","Average",2.5
"GESS-S1126","SCH-097","Northern",9.1125,-0.4812,"Female",17,"SHS 2-3","Boarding","JHS","Farmer",NA,5,"Both parents",94,85,NA,74,85,76.8,1.8,"Yes","Yes","No","Never",5.3,"Never","Yes","Excellent",2.5
"GESS-S1127","SCH-092","Bono",7.6841,-2.4962,"Female",12,"JHS 1-2","Day","SHS","Unemployed","Low (<GHS 800)",4,"Both parents",53,43,53,62,52.8,68,2.8,"No","Yes","No","Never",3.6,"Daily","Yes","Average",1.9
"GESS-S1128","SCH-027","Eastern",6.9199,-0.4047,"Female",16,"SHS 2-3","Day","JHS","Civil Servant","High (>GHS 2000)",5,"Both parents",46,52,45,67,52.5,79,3.1,"No","Yes","No","Often",4.9,"Sometimes","Yes","Average",1.4
"GESS-S1129","SCH-044","Greater Accra",6.0481,0.3628,"Female",19,"SHS 3+","Day","None","Civil Servant","Mid (GHS 800-2000)",2,"Single parent",49,67,52,63,57.8,73.5,NA,"No","No","No","Sometimes",6.9,"Sometimes","Yes","Good",1.8
"GESS-S1130","SCH-086","Volta",6.7996,1.0313,"Female",16,"SHS 2-3","Boarding","None","Trader","Low (<GHS 800)",4,"Both parents",54,75,59,71,64.8,100,2.2,"No","Yes","No","Sometimes",5.9,"Sometimes","Yes","Good",0
"GESS-S1131","SCH-029","Northern",10.1068,-1.3437,"Male",13,"JHS 1-2","Boarding","SHS","Farmer","Low (<GHS 800)",5,"Single parent",78,73,85,79,78.8,93.8,4.3,"No","No","No","Never",4,"Daily","Yes","Excellent",NA
"GESS-S1132","SCH-081","Western North",5.8173,-2.1607,"Female",18,"SHS 3+","Day","SHS","Professional","Mid (GHS 800-2000)",3,"Orphan",58,56,38,51,50.8,56.2,3.8,"No","No","Yes","Sometimes",9.9,"Sometimes","Yes","Average",1.8
"GESS-S1133","SCH-010","Savannah",9.4812,-1.8436,"Male",14,"JHS 3-SHS 1","Boarding","JHS","Farmer","High (>GHS 2000)",5,"Both parents",66,49,46,49,52.5,80.5,7.1,"Yes","No","No","Sometimes",8.2,"Sometimes","Yes","Average",4.1
"GESS-S1134","SCH-054","Upper East",10.5129,-0.9295,"Male",15,"JHS 3-SHS 1","Boarding","Primary","Civil Servant","Low (<GHS 800)",7,"Both parents",77,71,65,77,72.5,98.5,1.1,"No","No","Yes","Never",4,"Daily","Yes","Excellent",2.3
"GESS-S1135","SCH-058","Eastern",6.7008,-0.6405,"Male",14,"JHS 3-SHS 1","Boarding","Tertiary","Trader","Mid (GHS 800-2000)",4,"Both parents",85,70,69,78,75.5,88.9,3.8,"Yes","No","Yes","Never",9.1,"Daily","Yes","Excellent",1.3
"GESS-S1136","SCH-045","Bono",7.3575,-2.7103,"Female",16,"SHS 2-3","Day","JHS","Civil Servant",NA,7,"Single parent",71,64,67,78,70,NA,1.6,"Yes","Yes","No","Never",5.7,"Never","Yes","Good",3
"GESS-S1137","SCH-002","Northern",9.3235,-0.6295,"Female",18,"SHS 3+","Day","Primary","Professional","Low (<GHS 800)",8,"Single parent",41,65,53,51,52.5,89,2.1,"Yes","Yes","No","Never",5.5,"Never","Yes","Average",4.5
"GESS-S1138","SCH-018","Bono",8.2436,-2.6727,"Female",15,"JHS 3-SHS 1","Boarding","None","Farmer","Low (<GHS 800)",5,"Single parent",77,66,59,67,67.2,87.6,3.4,"No","No","Yes","Sometimes",1,"Never","Yes","Good",1.6
"GESS-S1139","SCH-061","Western",5.6648,-1.5942,"Female",17,"SHS 2-3","Boarding","Primary","Professional","High (>GHS 2000)",4,"Both parents",78,63,60,64,66.2,55.6,4.8,"No","Yes","No","Never",4.2,"Sometimes","Yes","Good",3.6
"GESS-S1140","SCH-003","Western",5.5521,-2.5316,"Female",19,"SHS 3+","Day","SHS","Professional","Mid (GHS 800-2000)",6,"Single parent",56,24,29,29,34.5,74.4,2.6,"No","Yes","Yes","Never",4.2,"Sometimes","No","Below Average",5.1
"GESS-S1141","SCH-065","Western North",6.9065,-2.8022,"Male",13,"JHS 1-2","Day","JHS","Farmer","High (>GHS 2000)",4,"Single parent",82,88,NA,97,87.8,79.3,0.5,"No","No","No","Never",10,"Daily","Yes","Excellent",1.3
"GESS-S1142","SCH-072","Western",4.6601,-2.0563,"Male",15,"JHS 3-SHS 1","Boarding","Primary","Farmer","Low (<GHS 800)",7,"Single parent",46,NA,66,58,54.8,76.5,4,"No","No","Yes","Sometimes",3.4,"Never","Yes","Average",4
"GESS-S1143","SCH-076","Western",4.5806,-2.3035,"Male",19,"SHS 3+","Day","SHS","Farmer","High (>GHS 2000)",8,"Single parent",65,67,54,47,58.2,75.8,5.3,"Yes","No","Yes","Sometimes",6,"Never","Yes","Good",2.4
"GESS-S1144","SCH-025","Savannah",8.7364,-1.5174,"Male",15,"JHS 3-SHS 1","Boarding","Primary","Artisan","Mid (GHS 800-2000)",3,"Both parents",66,68,60,57,62.8,58.4,3.4,"Yes","No","No","Never",4.8,"Daily","Yes","Good",3.9
"GESS-S1145","SCH-047","Savannah",8.8618,-1.4441,"Male",19,"SHS 3+","Day","SHS","Trader","Mid (GHS 800-2000)",2,"Both parents",88,61,72,75,74,70.7,3.3,"Yes","No","No","Sometimes",5.2,"Sometimes","Yes","Excellent",2.5
"GESS-S1146","SCH-031","Eastern",6.4276,0.144,"Male",16,"SHS 2-3","Boarding","Primary","Artisan","Low (<GHS 800)",4,"Single parent",69,57,70,57,63.2,83.8,1.8,"Yes","No","No","Often",7.9,"Daily","Yes","Good",4.8
"GESS-S1147","SCH-014","Western",4.757,-1.9458,"Female",17,"SHS 2-3","Day","SHS","Civil Servant","Mid (GHS 800-2000)",3,"Orphan",50,56,53,56,53.8,58.2,3.7,"Yes","No","Yes","Never",5.2,"Sometimes","Yes","Average",3.4
"GESS-S1148","SCH-094","Ashanti",7.2164,-1.3263,"Male",14,"JHS 3-SHS 1","Day","SHS","Trader","Mid (GHS 800-2000)",6,"Single parent",60,87,85,74,76.5,92.3,1.7,"No","No","Yes","Never",6.6,"Sometimes","Yes","Excellent",0.7
"GESS-S1149","SCH-020","Savannah",9.3296,-1.4089,"Female",16,"SHS 2-3","Day","None","Professional","Low (<GHS 800)",4,"Single parent",63,37,66,54,55,94.8,NA,"No","No","No","Never",7,"Daily","Yes","Average",1.9
"GESS-S1150","SCH-035","Savannah",8.5874,-2.2662,"Male",20,"SHS 3+","Day","Tertiary","Unemployed","High (>GHS 2000)",3,"Both parents",61,66,61,57,61.2,74.3,2.5,"No","Yes","No","Never",8.8,"Never","Yes","Good",0.9
"GESS-S1151","SCH-086","Greater Accra",5.4995,0.2063,"Female",19,"SHS 3+","Boarding","None","Artisan","Mid (GHS 800-2000)",5,"Both parents",30,16,24,28,24.5,99.9,1.8,"Yes","Yes","No","Sometimes",6.5,"Daily","No","Below Average",2.9
"GESS-S1152","SCH-018","Ashanti",7.0335,-2.017,"Male",15,"JHS 3-SHS 1","Day","JHS","Civil Servant","Low (<GHS 800)",8,"Both parents",73,51,63,55,60.5,85.3,3.4,"No","Yes","No","Sometimes",10,"Never","Yes","Good",2.2
"GESS-S1153","SCH-064","Western",5.0477,-1.719,"Female",14,"JHS 3-SHS 1","Day","Primary","Artisan","Mid (GHS 800-2000)",5,"Both parents",48,33,41,42,41,NA,4.7,"No","Yes","No","Never",8.2,"Sometimes","No","Average",3.4
"GESS-S1154","SCH-086","Western North",6.602,-3.2261,"Female",14,"JHS 3-SHS 1","Boarding","SHS","Farmer","Low (<GHS 800)",2,"Both parents",40,56,46,49,47.8,75.3,3.5,"Yes","Yes","Yes","Never",4,"Daily","No","Average",2.3
"GESS-S1155","SCH-007","Western",4.5832,-2.6758,"Female",15,"JHS 3-SHS 1","Day","Primary","Unemployed","Low (<GHS 800)",7,"Both parents",65,69,74,72,70,70.3,2.2,"No","Yes","No","Never",5.9,"Never","Yes","Good",2.9
"GESS-S1156","SCH-078","Eastern",6.4999,-0.089,"Female",15,"JHS 3-SHS 1","Boarding","SHS","Artisan","Mid (GHS 800-2000)",6,"Single parent",80,65,64,70,69.8,90.8,3.2,"No","Yes","Yes","Never",NA,"Daily","Yes","Good",0
"GESS-S1157","SCH-062","Upper East",11.3094,-0.4317,"Male",17,"SHS 2-3","Boarding","Primary",NA,"Low (<GHS 800)",1,"Both parents",59,40,59,54,53,67,2.7,"Yes","Yes","No","Never",8,"Sometimes","Yes","Average",2.1
"GESS-S1158","SCH-029","Upper West",10.4868,-2.8406,"Female",14,"JHS 3-SHS 1","Day","JHS","Professional","Low (<GHS 800)",4,"Single parent",78,59,59,53,62.2,90.2,NA,"Yes","No","Yes","Sometimes",8.1,"Never","Yes","Good",NA
"GESS-S1159","SCH-076","Upper East",10.6113,-1.3793,"Female",14,"JHS 3-SHS 1","Boarding","None","Trader","High (>GHS 2000)",2,"Single parent",79,71,72,77,74.8,71.3,3.7,"No","Yes","No","Sometimes",5.6,"Sometimes","Yes","Excellent",4
"GESS-S1160","SCH-029","Eastern",6.1082,-0.5353,"Male",16,"SHS 2-3","Boarding","SHS","Civil Servant","Low (<GHS 800)",5,"Both parents",37,19,45,41,35.5,88.8,2.2,"Yes","Yes","No","Never",7,"Daily","No","Below Average",4.1
"GESS-S1161","SCH-050","Central",5.5022,-1.219,"Male",19,"SHS 3+","Day","JHS","Artisan","Mid (GHS 800-2000)",12,"Single parent",41,20,47,52,40,70.2,2.7,"No","No","Yes","Often",9.7,"Never","No","Below Average",3.1
"GESS-S1162","SCH-045","Upper West",9.9063,-2.9815,"Female",12,"JHS 1-2","Day","None","Farmer","High (>GHS 2000)",2,"Both parents",66,86,70,69,72.8,78.3,3.8,"No","No","No","Sometimes",7.1,"Never","Yes","Excellent",1
"GESS-S1163","SCH-074","Volta",6.5576,0.4989,"Female",14,"JHS 3-SHS 1","Day","JHS",NA,"Low (<GHS 800)",8,"Both parents",39,45,32,54,42.5,89.8,2.5,"No","Yes","No","Never",3.5,"Never","No","Average",4.8
"GESS-S1164","SCH-028","Upper East",10.8514,-0.7124,"Female",13,"JHS 1-2","Day","Tertiary","Civil Servant","Mid (GHS 800-2000)",5,"Single parent",88,86,72,77,80.8,79.7,3.4,"Yes","No","No","Never",7.4,"Sometimes","Yes","Excellent",1.4
"GESS-S1165","SCH-060","Ashanti",6.5692,-1.3895,"Male",14,"JHS 3-SHS 1","Day","JHS","Trader","Mid (GHS 800-2000)",9,"Both parents",29,38,45,41,38.2,88.9,5.3,"No","No","Yes","Never",6.3,"Sometimes","No","Below Average",1
"GESS-S1166","SCH-048","Upper West",10.2523,-3.0289,"Female",16,"SHS 2-3","Day","JHS","Unemployed","Low (<GHS 800)",8,"Orphan",37,53,33,32,38.8,79.9,1.8,"Yes","No","No","Never",6.7,"Never","No","Below Average",4.5
"GESS-S1167","SCH-047","Ashanti",7.1657,-1.8588,"Female",19,"SHS 3+","Boarding","SHS","Artisan","Low (<GHS 800)",4,"Both parents",72,83,65,84,76,89.2,3.4,"No","Yes","Yes","Sometimes",5.4,"Never","Yes","Excellent",1.7
"GESS-S1168","SCH-058","Western",5.6559,-1.8386,"Male",14,"JHS 3-SHS 1","Day","JHS","Farmer","Mid (GHS 800-2000)",7,"Both parents",73,NA,71,57,66,94.3,4,"No","Yes","No","Often",5.1,"Never","Yes","Good",1.1
"GESS-S1169","SCH-047","Bono",8.0041,-1.9205,"Female",13,"JHS 1-2","Boarding","JHS","Trader","Low (<GHS 800)",2,"Both parents",63,69,47,56,58.8,74.6,3.5,"No","No","Yes","Never",6.1,"Sometimes","Yes","Good",1.9
"GESS-S1170","SCH-026","Western",5.5742,-2.3208,"Male",17,"SHS 2-3","Day","None","Farmer","High (>GHS 2000)",10,"Single parent",35,42,28,35,35,78.2,4.2,"No","Yes","Yes","Never",3.5,"Sometimes","No","Below Average",4.1
"GESS-S1171","SCH-008","Oti",8.2967,-0.0346,"Female",17,"SHS 2-3","Day","JHS",NA,"Mid (GHS 800-2000)",6,"Both parents",62,NA,43,55,55.2,68.1,3.9,"No","Yes","Yes","Sometimes",8.6,"Daily","Yes","Good",1.8
"GESS-S1172","SCH-083","Ashanti",7.246,-1.5858,"Male",15,"JHS 3-SHS 1","Day","SHS","Artisan","Mid (GHS 800-2000)",7,"Both parents",52,49,48,35,46,48.6,0.5,"No","Yes","No","Often",6.7,"Daily","No","Average",4.9
"GESS-S1173","SCH-005","Greater Accra",5.4037,-0.0123,"Female",12,"JHS 1-2","Boarding","SHS","Unemployed",NA,7,"Both parents",57,65,43,63,57,91.7,3.6,"No","No","Yes","Never",3.6,"Sometimes","Yes","Good",1.1
"GESS-S1174","SCH-092","Ashanti",6.1321,-2.0314,"Female",17,"SHS 2-3","Boarding","None","Trader","Mid (GHS 800-2000)",3,"Single parent",55,46,48,40,47.2,84.2,3.8,"No","Yes","Yes","Never",10,"Never","No","Average",4.6
"GESS-S1175","SCH-022","Bono",7.4294,-2.75,"Female",15,"JHS 3-SHS 1","Day","None","Trader","Mid (GHS 800-2000)",3,"Both parents",43,10,50,50,38.2,100,1.2,"No","Yes","No","Never",6.4,"Daily","No","Below Average",2.1
"GESS-S1176","SCH-027","Central",5.5163,-1.1095,"Male",14,"JHS 3-SHS 1","Day","Tertiary","Artisan","Low (<GHS 800)",5,"Both parents",63,55,42,59,54.8,100,NA,"Yes","Yes","No","Never",8.8,"Daily","Yes","Average",1.3
"GESS-S1177","SCH-009","Northern",9.3287,-1.2354,"Female",17,"SHS 2-3","Day","None","Artisan","Low (<GHS 800)",4,"Both parents",37,59,43,47,46.5,77.4,2.9,"No","Yes","Yes","Never",5.5,"Sometimes","No","Average",4.4
"GESS-S1178","SCH-040","Bono East",8.0658,-1.5798,"Female",16,"SHS 2-3","Day","SHS","Farmer","Mid (GHS 800-2000)",6,"Both parents",42,41,56,64,50.8,78,4,"No","Yes","No","Never",4.1,"Sometimes","Yes","Average",0.6
"GESS-S1179","SCH-063","Upper West",10.3271,-2.7783,"Female",14,"JHS 3-SHS 1","Boarding","Primary","Civil Servant","Low (<GHS 800)",9,"Orphan",88,74,88,94,86,98.3,3.7,"No","No","Yes","Sometimes",6,"Sometimes","Yes","Excellent",1.5
"GESS-S1180","SCH-022","Western",5.3699,-1.6176,"Female",19,"SHS 3+","Boarding","JHS","Professional","Low (<GHS 800)",3,"Both parents",70,43,62,55,57.5,71.5,3,"No","No","No","Sometimes",3.7,"Sometimes","Yes","Good",3.8
"GESS-S1181","SCH-056","Western",4.6665,-2.6596,"Female",17,"SHS 2-3","Boarding","JHS","Farmer","Mid (GHS 800-2000)",5,"Orphan",64,56,45,63,57,80.8,3,"No","Yes","Yes","Never",7,"Never","Yes","Good",2.5
"GESS-S1182","SCH-054","Western North",6.8981,-2.5239,"Female",16,"SHS 2-3","Day","JHS","Trader","Low (<GHS 800)",7,"Single parent",45,43,44,27,39.8,91.3,3,"Yes","No","No","Never",7.2,"Never","No","Below Average",5.9
"GESS-S1183","SCH-071","Savannah",8.6003,-1.5025,"Female",16,"SHS 2-3","Boarding","SHS","Civil Servant","Low (<GHS 800)",1,"Single parent",78,58,69,75,70,97,4.5,"No","No","Yes","Never",NA,"Daily","Yes","Good",1.4
"GESS-S1184","SCH-069","Savannah",9.4766,-1.9176,"Female",17,"SHS 2-3","Day","None","Professional","High (>GHS 2000)",4,"Both parents",54,42,38,27,40.2,NA,1.9,"No","No","No","Never",7,"Never","No","Average",3.4
"GESS-S1185","SCH-047","Ashanti",6.2001,-1.5103,"Male",15,"JHS 3-SHS 1","Day","Tertiary","Trader","Mid (GHS 800-2000)",4,"Both parents",64,91,67,62,71,81.5,4.9,"No","No","Yes","Often",3.6,"Sometimes","Yes","Excellent",0.6
"GESS-S1186","SCH-015","Central",5.8268,-1.1492,"Female",15,"JHS 3-SHS 1","Day","None","Farmer","Mid (GHS 800-2000)",3,"Both parents",73,61,67,64,66.2,95.7,3,"Yes","Yes","Yes","Never",4.9,"Sometimes","Yes","Good",2.2
"GESS-S1187","SCH-060","Upper West",10.3689,-2.9975,"Female",16,"SHS 2-3","Boarding","SHS","Unemployed","Low (<GHS 800)",3,"Both parents",97,81,90,90,89.5,81.2,4.5,"No","No","No","Sometimes",10,"Never","Yes","Excellent",0
"GESS-S1188","SCH-062","Volta",6.574,-0.0411,"Female",17,"SHS 2-3","Day","Tertiary","Civil Servant","Low (<GHS 800)",1,"Both parents",87,74,88,86,83.8,95.8,3.6,"Yes","Yes","No","Sometimes",4.9,"Daily","Yes","Excellent",2.3
"GESS-S1189","SCH-096","Central",4.8603,-0.8083,"Male",14,"JHS 3-SHS 1","Day","SHS","Professional","Mid (GHS 800-2000)",3,"Both parents",54,46,59,54,53.2,100,3.6,"No","Yes","No","Sometimes",4.9,"Sometimes","Yes","Average",2.2
"GESS-S1190","SCH-003","Northern",10.0699,-1.3471,"Male",18,"SHS 3+","Day","Primary","Trader",NA,1,"Both parents",63,69,50,73,63.8,69,4,"No","Yes","Yes","Sometimes",7.1,"Daily","Yes","Good",2.6
"GESS-S1191","SCH-052","Savannah",9.5754,-1.5018,"Female",14,"JHS 3-SHS 1","Boarding","SHS","Trader","Mid (GHS 800-2000)",4,"Both parents",41,34,36,23,33.5,97.3,4,"No","Yes","No","Never",8.7,"Daily","No","Below Average",2.8
"GESS-S1192","SCH-014","Upper East",10.4384,-1.26,"Male",15,"JHS 3-SHS 1","Day","Primary","Professional","Mid (GHS 800-2000)",5,"Both parents",65,71,NA,48,60.2,84.2,2.5,"No","Yes","No","Never",6.3,"Daily","Yes","Good",3.1
"GESS-S1193","SCH-050","Greater Accra",5.8965,-0.5924,"Male",16,"SHS 2-3","Boarding","None","Trader","Low (<GHS 800)",5,"Single parent",46,60,40,63,52.2,89.9,3,"No","Yes","Yes","Never",4,"Sometimes","Yes","Average",4.2
"GESS-S1194","SCH-097","Eastern",6.1414,-0.1631,"Male",17,"SHS 2-3","Boarding","Primary","Civil Servant","Low (<GHS 800)",10,"Single parent",64,62,58,61,61.2,78.1,3.6,"No","No","Yes","Never",6.7,"Daily","Yes","Good",1.9
"GESS-S1195","SCH-056","Western North",6.7227,-2.4276,"Male",13,"JHS 1-2","Boarding","JHS","Farmer","Mid (GHS 800-2000)",7,"Both parents",76,75,64,65,70,87.5,3.9,"Yes","No","No","Never",NA,"Daily","Yes","Good",3.3
"GESS-S1196","SCH-063","Ahafo",7.1524,-3.0433,"Female",18,"SHS 3+","Boarding","SHS","Trader","Mid (GHS 800-2000)",4,"Both parents",70,84,69,71,73.5,84.7,4.4,"No","Yes","No","Sometimes",5.9,"Never","Yes","Excellent",1.7
"GESS-S1197","SCH-025","Savannah",9.2111,-1.8748,"Female",14,"JHS 3-SHS 1","Day","Primary","Farmer","Low (<GHS 800)",4,"Both parents",73,64,49,65,62.8,90.3,3.1,"Yes","No","No","Never",5.6,"Daily","Yes","Good",NA
"GESS-S1198","SCH-053","Greater Accra",5.6491,-0.5044,"Male",14,"JHS 3-SHS 1","Day","None","Unemployed","Low (<GHS 800)",12,"Single parent",46,58,54,26,46,90.8,1.7,"No","Yes","No","Never",8.4,"Daily","No","Average",4.5
"GESS-S1199","SCH-055","Western",5.6434,-1.6218,"Male",15,"JHS 3-SHS 1","Boarding","Primary","Artisan","Mid (GHS 800-2000)",8,"Single parent",61,60,76,76,68.2,95.1,4.5,"No","Yes","No","Never",6.6,"Never","Yes","Good",1.7
"GESS-S1200","SCH-099","Northern",9.2327,-0.8389,"Male",20,"SHS 3+","Boarding","Tertiary","Professional","High (>GHS 2000)",5,"Both parents",71,69,84,78,75.5,72.5,0.8,"No","Yes","No","Sometimes",4.3,"Sometimes","Yes","Excellent",1.8
"GESS-S1201","SCH-087","Eastern",6.0238,-0.0504,"Female",11,"JHS 1-2","Day","SHS","Unemployed","Mid (GHS 800-2000)",3,"Both parents",89,72,80,80,80.2,97.5,2.5,"No","Yes","No","Never",4.5,"Sometimes","Yes","Excellent",0
"GESS-S1202","SCH-085","Western",4.898,-2.1239,"Male",16,"SHS 2-3","Boarding","SHS","Unemployed","Low (<GHS 800)",7,"Both parents",93,91,90,83,89.2,96.5,1.7,"No","Yes","Yes","Never",5.3,"Daily","Yes","Excellent",0.8
"GESS-S1203","SCH-036","Eastern",6.5166,-0.2869,"Male",17,"SHS 2-3","Boarding","SHS","Trader",NA,5,"Both parents",48,60,58,63,57.2,91.6,2.5,"Yes","No","Yes","Often",10,"Never","Yes","Good",1.7
"GESS-S1204","SCH-043","Ashanti",6.2415,-1.2595,"Male",15,"JHS 3-SHS 1","Day","SHS","Farmer","Mid (GHS 800-2000)",1,"Orphan",61,69,45,59,58.5,78.6,2.2,"Yes","Yes","No","Often",7.5,"Daily","Yes","Good",2.3
"GESS-S1205","SCH-027","Central",5.4729,-1.021,"Female",13,"JHS 1-2","Day","JHS","Civil Servant","Mid (GHS 800-2000)",6,"Both parents",46,50,47,45,47,82.5,3.3,"Yes","No","Yes","Never",8,"Sometimes","No","Average",4.1
"GESS-S1206","SCH-014","Upper East",10.8878,-0.49,"Female",16,"SHS 2-3","Day","Tertiary","Trader","Low (<GHS 800)",1,"Both parents",43,32,41,43,39.8,90.5,3.8,"Yes","Yes","Yes","Often",4.8,"Daily","No","Below Average",4.6
"GESS-S1207","SCH-073","Northern",9.721,-0.3593,"Male",12,"JHS 1-2","Day","JHS","Artisan","Low (<GHS 800)",5,"Single parent",62,71,82,77,73,78.5,1.5,"No","No","No","Never",5.7,"Sometimes","Yes","Excellent",1.8
"GESS-S1208","SCH-035","Oti",7.9014,0.0246,"Female",15,"JHS 3-SHS 1","Day","JHS","Artisan","High (>GHS 2000)",5,"Single parent",60,46,40,43,47.2,81.7,1,"No","No","Yes","Never",7.3,"Daily","No","Average",NA
"GESS-S1209","SCH-043","Eastern",6.1357,-0.4142,"Female",17,"SHS 2-3","Day","Tertiary","Civil Servant","Mid (GHS 800-2000)",8,"Both parents",57,82,71,55,66.2,71.3,4.7,"No","Yes","No","Never",8.8,"Daily","Yes","Good",1.7
"GESS-S1210","SCH-063","Western",4.9701,-2.3977,"Female",12,"JHS 1-2","Day","None","Artisan","Low (<GHS 800)",4,"Both parents",65,76,53,64,64.5,91.9,3.7,"No","Yes","Yes","Never",4.9,"Daily","Yes","Good",0
"GESS-S1211","SCH-090","Eastern",6.3149,-1.0453,"Male",16,"SHS 2-3","Boarding","SHS","Artisan","Low (<GHS 800)",6,"Single parent",38,NA,58,60,51,100,3.4,"No","Yes","Yes","Sometimes",9,"Never","Yes","Average",3.3
"GESS-S1212","SCH-025","Ashanti",7.0253,-1.7585,"Female",14,"JHS 3-SHS 1","Day","SHS","Trader","Low (<GHS 800)",3,"Both parents",69,59,70,72,67.5,100,4.9,"Yes","Yes","No","Never",7.9,"Daily","Yes","Good",1.2
"GESS-S1213","SCH-076","North East",10.7906,0.0684,"Female",18,"SHS 3+","Day","JHS","Civil Servant","Mid (GHS 800-2000)",8,"Single parent",75,76,55,62,67,71.4,5.1,"No","No","No","Never",6.4,"Sometimes","Yes","Good",2.2
"GESS-S1214","SCH-085","Greater Accra",5.8567,0.349,"Female",11,"JHS 1-2","Day","JHS","Farmer","High (>GHS 2000)",1,"Single parent",56,81,52,67,64,69.6,4,"No","Yes","Yes","Never",6.1,"Never","Yes","Good",NA
"GESS-S1215","SCH-035","Upper West",10.0425,-2.2659,"Female",14,"JHS 3-SHS 1","Day","SHS","Farmer","Mid (GHS 800-2000)",3,"Both parents",67,52,58,70,61.8,88,4.3,"Yes","Yes","No","Often",5.6,"Daily","Yes","Good",2.3
"GESS-S1216","SCH-081","Upper West",10.7034,-1.9148,"Male",16,"SHS 2-3","Day","None","Artisan","Mid (GHS 800-2000)",7,"Both parents",78,74,67,69,72,63.4,4.7,"No","No","No","Often",7.2,"Sometimes","Yes","Excellent",3.7
"GESS-S1217","SCH-017","Upper East",10.5307,-0.4055,"Male",15,"JHS 3-SHS 1","Boarding","JHS","Trader","Low (<GHS 800)",7,"Both parents",75,57,74,70,69,69.1,3.4,"No","Yes","No","Never",4.6,"Sometimes","Yes","Good",2.2
"GESS-S1218","SCH-006","Savannah",8.5686,-1.2721,"Male",17,"SHS 2-3","Day","SHS","Civil Servant","Low (<GHS 800)",7,"Orphan",76,NA,75,54,62.8,68.4,1.6,"Yes","No","No","Sometimes",4.2,"Daily","Yes","Good",2.9
"GESS-S1219","SCH-010","Eastern",6.983,0.0861,"Female",21,"SHS 3+","Boarding","Primary","Civil Servant","Mid (GHS 800-2000)",5,"Both parents",61,62,68,71,65.5,74.4,3.7,"No","Yes","Yes","Never",5,"Sometimes","Yes","Good",2.3
"GESS-S1220","SCH-048","Upper West",10.0184,-2.526,"Male",17,"SHS 2-3","Boarding","SHS","Civil Servant","Mid (GHS 800-2000)",4,"Both parents",64,69,51,77,65.2,100,2.8,"Yes","Yes","Yes","Sometimes",10,"Daily","Yes","Good",0
"GESS-S1221","SCH-082","Volta",7.2965,0.6966,"Female",16,"SHS 2-3","Boarding","JHS","Unemployed","Low (<GHS 800)",6,"Both parents",52,63,49,61,56.2,79.6,4.2,"No","No","Yes","Never",5.9,"Daily","Yes","Good",3.1
"GESS-S1222","SCH-089","Central",5.1376,-1.6171,"Male",15,"JHS 3-SHS 1","Boarding","None","Civil Servant","Mid (GHS 800-2000)",3,"Both parents",59,62,62,60,60.8,77.7,3,"No","No","No","Never",5.8,"Sometimes","Yes","Good",2.1
"GESS-S1223","SCH-070","Eastern",6.8934,0.0855,"Male",16,"SHS 2-3","Day","Primary","Farmer","Mid (GHS 800-2000)",6,"Both parents",58,61,NA,73,65,80.7,1.8,"Yes","No","No","Never",5.3,"Daily","Yes","Good",2.9
"GESS-S1224","SCH-046","Ashanti",6.4786,-1.4649,"Female",15,"JHS 3-SHS 1","Day","JHS","Artisan","Low (<GHS 800)",6,"Orphan",33,39,47,53,43,94.4,NA,"No","No","No","Never",7.2,"Daily","No","Average",2.8
"GESS-S1225","SCH-080","Ashanti",7.1977,-2.2219,"Female",17,"SHS 2-3","Day","JHS","Trader",NA,5,"Orphan",56,61,73,67,64.2,77.8,3.7,"No","Yes","Yes","Never",5.6,"Daily","Yes","Good",3.3
"GESS-S1226","SCH-039","Western",5.6456,-2.3177,"Female",13,"JHS 1-2","Day","Primary","Artisan","Low (<GHS 800)",5,"Single parent",58,66,46,52,55.5,93.1,3,"No","No","Yes","Sometimes",4.9,"Daily","Yes","Good",3.8
"GESS-S1227","SCH-036","Western North",5.8357,-3.0652,"Female",15,"JHS 3-SHS 1","Day","Primary","Professional","Mid (GHS 800-2000)",4,"Single parent",64,46,67,63,60,95.3,2.9,"Yes","No","No","Never",4.3,"Sometimes","Yes","Good",2.7
"GESS-S1228","SCH-023","Eastern",6.3887,-0.8381,"Female",12,"JHS 1-2","Day","None","Farmer","Mid (GHS 800-2000)",7,"Both parents",34,25,31,27,29.2,71.2,3.3,"No","No","No","Never",7.3,"Daily","No","Below Average",3.1
"GESS-S1229","SCH-093","Western",5.427,-2.0525,"Male",13,"JHS 1-2","Day","Tertiary","Farmer","Low (<GHS 800)",4,"Both parents",36,51,22,51,40,80.3,4.3,"No","Yes","No","Never",5.8,"Never","No","Below Average",4.9
"GESS-S1230","SCH-008","North East",10.5819,-0.7074,"Male",15,"JHS 3-SHS 1","Boarding","Tertiary","Farmer","Low (<GHS 800)",8,"Orphan",44,31,39,34,37,90.5,3.3,"No","Yes","No","Sometimes",3.9,"Daily","No","Below Average",4.8
"GESS-S1231","SCH-032","Upper East",10.5327,-0.6251,"Male",17,"SHS 2-3","Boarding","SHS","Civil Servant","High (>GHS 2000)",8,"Both parents",66,56,69,50,60.2,91.8,5.5,"Yes","No","No","Sometimes",7.4,"Daily","Yes","Good",3.5
"GESS-S1232","SCH-031","Western",5.2835,-1.5184,"Female",13,"JHS 1-2","Boarding","JHS","Trader","Mid (GHS 800-2000)",5,"Both parents",56,62,57,68,60.8,89.1,4.4,"No","Yes","Yes","Never",5.4,"Daily","Yes","Good",2.7
"GESS-S1233","SCH-009","Western",5.2448,-1.8592,"Female",16,"SHS 2-3","Day","None","Farmer","Low (<GHS 800)",6,"Both parents",27,48,35,30,35,80.3,2.8,"No","Yes","Yes","Never",7.4,"Never","No","Below Average",2.3
"GESS-S1234","SCH-043","Bono East",7.7329,-2.0145,"Female",12,"JHS 1-2","Boarding","SHS","Farmer","Low (<GHS 800)",4,"Both parents",81,80,67,75,75.8,83.1,2.1,"Yes","No","No","Often",5.4,"Sometimes","Yes","Excellent",1.8
"GESS-S1235","SCH-078","Ashanti",6.7464,-2.1816,"Female",15,"JHS 3-SHS 1","Day","SHS","Farmer","Low (<GHS 800)",4,"Both parents",49,47,33,50,44.8,76.6,3.6,"Yes","No","Yes","Never",3.2,"Never","No","Average",4.4
"GESS-S1236","SCH-097","Greater Accra",5.1343,0.1934,"Male",16,"SHS 2-3","Boarding","SHS","Unemployed","High (>GHS 2000)",6,"Single parent",65,47,61,55,57,100,4.7,"No","Yes","No","Sometimes",8.6,"Sometimes","Yes","Good",2.4
"GESS-S1237","SCH-016","Northern",8.9935,-0.716,"Female",11,"JHS 1-2","Day","Primary","Professional","High (>GHS 2000)",3,"Single parent",30,63,17,36,36.5,78.2,3.8,"Yes","No","Yes","Never",5.5,"Daily","No","Below Average",2.4
"GESS-S1238","SCH-050","Central",5.529,-0.9694,"Female",14,"JHS 3-SHS 1","Day","SHS","Unemployed","Mid (GHS 800-2000)",8,"Both parents",62,70,59,65,64,91.1,4.4,"Yes","No","No","Never",6.1,"Daily","Yes","Good",2.3
"GESS-S1239","SCH-098","Savannah",8.857,-2.1875,"Female",14,"JHS 3-SHS 1","Day","Primary","Farmer","High (>GHS 2000)",5,"Both parents",58,47,66,64,58.8,77.7,4.2,"Yes","Yes","No","Often",6.2,"Sometimes","Yes","Good",NA
"GESS-S1240","SCH-051","Volta",7.073,0.0691,"Male",16,"SHS 2-3","Day","JHS","Trader",NA,6,"Orphan",52,62,63,44,55.2,NA,5.9,"Yes","Yes","Yes","Never",5.9,"Never","Yes","Good",NA
"GESS-S1241","SCH-034","Ashanti",7.1035,-1.2368,"Female",17,"SHS 2-3","Day","JHS","Farmer","Mid (GHS 800-2000)",5,"Single parent",64,64,NA,71,65,84.6,4.9,"No","Yes","No","Never",5.2,"Daily","Yes","Good",0.8
"GESS-S1242","SCH-017","Greater Accra",5.8026,0.0951,"Male",14,"JHS 3-SHS 1","Boarding","Tertiary","Trader","Mid (GHS 800-2000)",5,"Both parents",55,63,65,68,62.8,52.2,NA,"Yes","No","Yes","Never",5.8,"Never","Yes","Good",3.9
"GESS-S1243","SCH-092","Upper East",10.4818,-0.8076,"Female",16,"SHS 2-3","Boarding","SHS","Trader","Low (<GHS 800)",6,"Orphan",28,22,30,29,27.2,70.8,4.7,"No","Yes","No","Never",4.1,"Never","No","Below Average",4.4
"GESS-S1244","SCH-055","Northern",8.9506,-1.3148,"Male",18,"SHS 3+","Boarding","Primary","Artisan","Low (<GHS 800)",6,"Single parent",54,33,34,48,42.2,75.3,2.8,"Yes","Yes","No","Often",9.6,"Sometimes","No","Average",3.7
"GESS-S1245","SCH-038","Western North",6.1829,-3.1681,"Male",16,"SHS 2-3","Boarding","JHS","Civil Servant","Low (<GHS 800)",5,"Both parents",53,56,33,52,48.5,83.2,NA,"Yes","Yes","No","Sometimes",NA,"Daily","No","Average",3
"GESS-S1246","SCH-001","Ashanti",6.1679,-2.1067,"Female",21,"SHS 3+","Day","SHS","Artisan","Low (<GHS 800)",5,"Single parent",88,79,62,66,73.8,80.1,2.8,"No","No","No","Often",8,"Sometimes","Yes","Excellent",0.7
"GESS-S1247","SCH-081","Ashanti",6.1643,-1.3341,"Male",18,"SHS 3+","Boarding","Primary","Trader","High (>GHS 2000)",7,"Both parents",78,78,62,67,71.2,94.8,4.3,"No","Yes","No","Never",6.6,"Never","Yes","Excellent",0.4
"GESS-S1248","SCH-023","Bono",7.9718,-2.291,"Male",18,"SHS 3+","Boarding","SHS","Unemployed","Mid (GHS 800-2000)",8,"Both parents",42,38,48,46,43.5,67,3.7,"No","No","Yes","Never",5.9,"Sometimes","No","Average",4.4
"GESS-S1249","SCH-087","Western",5.0361,-2.4011,"Male",18,"SHS 3+","Boarding","Primary","Professional","Mid (GHS 800-2000)",7,"Single parent",57,45,66,57,56.2,92.6,5.3,"Yes","Yes","Yes","Never",4.4,"Never","Yes","Good",1.5
"GESS-S1250","SCH-052","Central",4.9202,-0.7785,"Female",15,"JHS 3-SHS 1","Day","JHS","Civil Servant","Mid (GHS 800-2000)",5,"Both parents",64,50,54,57,56.2,100,3.6,"Yes","No","No","Never",5.5,"Daily","Yes","Good",1.9
"GESS-S1251","SCH-053","Greater Accra",5.6404,-0.6387,"Male",21,"SHS 3+","Boarding","None","Professional","Mid (GHS 800-2000)",6,"Both parents",83,81,57,66,71.8,61,5.2,"No","Yes","No","Often",6.7,"Never","Yes","Excellent",2.7
"GESS-S1252","SCH-056","Eastern",6.4269,-0.9531,"Female",16,"SHS 2-3","Day","Primary","Farmer","Mid (GHS 800-2000)",5,"Both parents",63,35,44,74,54,98.7,2.3,"No","Yes","No","Never",8.2,"Never","Yes","Average",2.3
"GESS-S1253","SCH-077","Oti",7.6766,-0.2233,"Female",14,"JHS 3-SHS 1","Day","Primary","Artisan","Low (<GHS 800)",6,"Both parents",46,50,NA,61,49.8,70.4,2.7,"Yes","No","Yes","Never",4.9,"Daily","No","Average",2.9
"GESS-S1254","SCH-011","Western",5.4818,-2.4296,"Female",17,"SHS 2-3","Boarding","JHS","Farmer","Mid (GHS 800-2000)",4,"Both parents",46,58,53,54,52.8,89.4,2.8,"No","Yes","No","Never",6.5,"Daily","Yes","Average",1.9
"GESS-S1255","SCH-026","Greater Accra",5.8318,-0.4193,"Male",15,"JHS 3-SHS 1","Day","JHS","Civil Servant","Mid (GHS 800-2000)",7,"Both parents",89,72,98,90,87.2,70.9,2.4,"No","No","No","Often",4.8,"Sometimes","Yes","Excellent",1.7
"GESS-S1256","SCH-081","Eastern",6.1581,-0.9731,"Male",14,"JHS 3-SHS 1","Day","JHS","Civil Servant","High (>GHS 2000)",5,"Single parent",60,68,63,63,63.5,100,2.5,"No","No","Yes","Never",5.2,"Sometimes","Yes","Good",1.9
"GESS-S1257","SCH-067","Northern",9.696,-0.6803,"Female",16,"SHS 2-3","Day","Tertiary","Farmer","Mid (GHS 800-2000)",6,"Single parent",69,64,59,61,63.2,100,2.4,"No","Yes","No","Never",4.1,"Sometimes","Yes","Good",0.2
"GESS-S1258","SCH-098","Eastern",6.8625,-0.1399,"Male",15,"JHS 3-SHS 1","Day","None","Civil Servant","Low (<GHS 800)",7,"Single parent",39,39,53,54,46.2,91.7,3.2,"Yes","Yes","No","Never",1.8,"Never","No","Average",2.8
"GESS-S1259","SCH-054","Volta",7.35,0.8503,"Male",17,"SHS 2-3","Day","SHS","Civil Servant","Mid (GHS 800-2000)",6,"Both parents",82,97,81,84,86,NA,2.1,"Yes","Yes","No","Never",2.4,"Never","Yes","Excellent",2.4
"GESS-S1260","SCH-069","Ashanti",6.8838,-1.6147,"Male",18,"SHS 3+","Day","None","Farmer","Mid (GHS 800-2000)",10,"Both parents",63,57,47,49,54,64.4,3.1,"Yes","No","No","Sometimes",5,"Daily","Yes","Average",4.9
"GESS-S1261","SCH-092","Northern",10.045,-0.9178,"Female",14,"JHS 3-SHS 1","Day","JHS","Artisan","Low (<GHS 800)",1,"Both parents",43,57,29,45,43.5,60,3.2,"No","No","No","Sometimes",3.9,"Sometimes","No","Average",4
"GESS-S1262","SCH-002","Western",5.0381,-1.8472,"Female",16,"SHS 2-3","Boarding","Primary","Trader","Low (<GHS 800)",4,"Both parents",34,19,41,33,31.8,85.2,NA,"No","No","Yes","Never",7,"Never","No","Below Average",2.7
"GESS-S1263","SCH-087","Greater Accra",5.2212,-0.3578,"Male",15,"JHS 3-SHS 1","Day","SHS","Artisan","Mid (GHS 800-2000)",2,"Both parents",33,36,53,51,43.2,67.8,4.7,"No","Yes","Yes","Sometimes",7.7,"Sometimes","No","Average",3.9
"GESS-S1264","SCH-100","Northern",10.1274,-0.775,"Female",16,"SHS 2-3","Boarding","None","Professional","Low (<GHS 800)",4,"Both parents",49,46,62,37,48.5,88.4,3.7,"No","No","No","Sometimes",5.5,"Sometimes","No","Average",4.5
"GESS-S1265","SCH-003","Volta",7.2556,0.2998,"Male",19,"SHS 3+","Boarding","JHS","Farmer","Mid (GHS 800-2000)",1,"Single parent",65,67,74,81,71.8,85.9,3.8,"Yes","No","Yes","Never",7.9,"Sometimes","Yes","Excellent",1.8
"GESS-S1266","SCH-020","Volta",7.1995,0.7197,"Female",12,"JHS 1-2","Boarding","JHS","Trader","Low (<GHS 800)",11,"Both parents",68,66,75,83,73,86.3,5.6,"Yes","No","No","Sometimes",6.4,"Daily","Yes","Excellent",2
"GESS-S1267","SCH-070","Western",4.9317,-1.5437,"Male",13,"JHS 1-2","Day","JHS","Unemployed","Low (<GHS 800)",9,"Both parents",16,NA,34,37,30.2,65.9,3.2,"No","Yes","Yes","Never",8.6,"Daily","No","Below Average",5
"GESS-S1268","SCH-002","Western",4.9448,-1.5437,"Male",17,"SHS 2-3","Day","JHS","Trader","Low (<GHS 800)",7,"Both parents",55,53,54,57,54.8,94.1,5.7,"Yes","No","No","Never",3.5,"Sometimes","Yes","Average",4.3
"GESS-S1269","SCH-033","Ahafo",6.3601,-2.9088,"Male",12,"JHS 1-2","Day","SHS","Artisan","Mid (GHS 800-2000)",5,"Orphan",61,69,58,56,61,75.1,NA,"No","No","No","Never",5.3,"Sometimes","Yes","Good",NA
"GESS-S1270","SCH-016","Central",5.017,-1.2315,"Female",17,"SHS 2-3","Boarding","JHS","Farmer","Low (<GHS 800)",6,"Both parents",70,33,42,61,51.5,71.8,4.2,"No","Yes","No","Never",2.8,"Sometimes","Yes","Average",2.5
"GESS-S1271","SCH-068","Bono East",7.4533,-1.2179,"Male",16,"SHS 2-3","Boarding","SHS","Trader","Low (<GHS 800)",9,"Orphan",66,48,53,64,57.8,82.3,3,"Yes","No","No","Never",3.5,"Daily","Yes","Good",NA
"GESS-S1272","SCH-057","Upper West",9.8088,-2.4516,"Male",18,"SHS 3+","Boarding","Primary","Artisan","High (>GHS 2000)",4,"Both parents",82,84,100,78,86,83.3,3,"No","Yes","No","Never",8,"Sometimes","Yes","Excellent",1.7
"GESS-S1273","SCH-044","Ashanti",6.6454,-1.2027,"Female",19,"SHS 3+","Day","SHS","Farmer","Mid (GHS 800-2000)",3,"Both parents",64,66,82,61,68.2,NA,0.6,"No","No","Yes","Never",2.6,"Daily","Yes","Good",2.3
"GESS-S1274","SCH-080","Eastern",6.5243,-0.1855,"Female",16,"SHS 2-3","Day","SHS","Trader","High (>GHS 2000)",5,"Both parents",68,64,86,73,72.8,NA,2.7,"No","Yes","Yes","Sometimes",8.4,"Never","Yes","Excellent",2.6
"GESS-S1275","SCH-086","Western",4.5335,-2.4634,"Male",17,"SHS 2-3","Day","Primary","Farmer","Mid (GHS 800-2000)",5,"Both parents",39,31,37,43,37.5,85.3,2.3,"Yes","No","Yes","Often",6.3,"Never","No","Below Average",2.7
"GESS-S1276","SCH-031","Greater Accra",6.0124,0.4073,"Female",15,"JHS 3-SHS 1","Day","JHS","Artisan","Low (<GHS 800)",4,"Both parents",64,36,50,55,51.2,88.3,5.7,"Yes","No","No","Never",4.5,"Never","Yes","Average",3.6
"GESS-S1277","SCH-012","Western North",6.8774,-2.2915,"Female",13,"JHS 1-2","Day","JHS","Trader","High (>GHS 2000)",6,"Both parents",49,36,NA,41,41.8,94.8,3.9,"Yes","Yes","No","Never",5.7,"Daily","No","Average",2.7
"GESS-S1278","SCH-027","Ashanti",6.7652,-1.9936,"Male",15,"JHS 3-SHS 1","Day","JHS","Trader","High (>GHS 2000)",5,"Both parents",61,54,66,66,61.8,91.5,2.9,"Yes","No","No","Never",3.7,"Sometimes","Yes","Good",2.4
"GESS-S1279","SCH-047","Western",4.5881,-2.3719,"Female",17,"SHS 2-3","Boarding","None","Farmer","Low (<GHS 800)",1,"Single parent",49,41,73,59,55.5,78.7,4.6,"No","Yes","Yes","Never",3.5,"Never","Yes","Good",3.2
"GESS-S1280","SCH-036","Ahafo",6.8602,-2.0841,"Male",19,"SHS 3+","Day","None","Professional","High (>GHS 2000)",2,"Both parents",95,100,94,100,97.2,80.4,3.9,"No","No","No","Never",4.7,"Daily","Yes","Excellent",0.6
"GESS-S1281","SCH-024","Greater Accra",5.2338,-0.1482,"Male",13,"JHS 1-2","Boarding","JHS","Farmer","Mid (GHS 800-2000)",5,"Both parents",73,79,65,67,71,83.7,4.5,"Yes","No","No","Never",NA,"Daily","Yes","Excellent",0.6
"GESS-S1282","SCH-098","Northern",9.6254,-0.9003,"Female",12,"JHS 1-2","Day","Primary","Civil Servant","Mid (GHS 800-2000)",4,"Both parents",32,44,38,44,39.5,69.4,3.7,"No","No","No","Often",8.6,"Sometimes","No","Below Average",2.7
"GESS-S1283","SCH-065","Bono",7.0939,-2.3305,"Female",12,"JHS 1-2","Boarding","SHS","Civil Servant","High (>GHS 2000)",7,"Both parents",79,66,77,68,72.5,81.3,2.7,"No","Yes","No","Never",3.2,"Sometimes","Yes","Excellent",2.7
"GESS-S1284","SCH-081","Northern",8.9784,-0.6148,"Female",18,"SHS 3+","Day","JHS","Professional","Low (<GHS 800)",1,"Both parents",66,68,59,58,62.8,75,3.2,"Yes","No","No","Sometimes",6.9,"Sometimes","Yes","Good",NA
"GESS-S1285","SCH-050","Ashanti",6.818,-1.1181,"Female",14,"JHS 3-SHS 1","Day","Tertiary","Civil Servant","Low (<GHS 800)",6,"Both parents",65,57,60,68,62.5,55.7,2.6,"Yes","Yes","No","Sometimes",1.2,"Never","Yes","Good",4.1
"GESS-S1286","SCH-027","Greater Accra",5.2164,-0.2586,"Male",16,"SHS 2-3","Day","Tertiary","Trader","High (>GHS 2000)",4,"Both parents",85,78,80,68,77.8,72.5,4.9,"No","Yes","No","Sometimes",5.8,"Daily","Yes","Excellent",3.9
"GESS-S1287","SCH-070","Greater Accra",5.7843,0.1512,"Female",16,"SHS 2-3","Day","Tertiary","Trader","Low (<GHS 800)",2,"Both parents",68,84,78,78,77,78.6,1.7,"Yes","No","No","Never",3.2,"Never","Yes","Excellent",3.8
"GESS-S1288","SCH-065","Bono",7.0556,-1.746,"Female",15,"JHS 3-SHS 1","Day","None","Artisan","Low (<GHS 800)",5,"Both parents",59,46,63,49,54.2,79.2,3.9,"No","Yes","No","Sometimes",3.8,"Never","Yes","Average",2.5
"GESS-S1289","SCH-003","Bono",7.4802,-2.2084,"Male",12,"JHS 1-2","Boarding","Primary","Civil Servant","Low (<GHS 800)",3,"Single parent",76,91,94,77,84.5,NA,1.6,"No","No","Yes","Sometimes",6.5,"Daily","Yes","Excellent",2.5
"GESS-S1290","SCH-022","Greater Accra",5.5998,-0.2795,"Female",14,"JHS 3-SHS 1","Boarding","SHS","Farmer","Low (<GHS 800)",4,"Both parents",42,56,47,52,49.2,92.5,2.1,"No","No","No","Never",4.5,"Sometimes","No","Average",2.5
"GESS-S1291","SCH-054","Upper East",10.1916,-1.3992,"Female",19,"SHS 3+","Day","JHS","Farmer","Mid (GHS 800-2000)",1,"Both parents",51,50,NA,33,42.8,100,3.9,"No","No","No","Sometimes",6.6,"Never","No","Average",NA
"GESS-S1292","SCH-057","Western",4.9549,-2.4482,"Male",15,"JHS 3-SHS 1","Day","Tertiary","Trader","Mid (GHS 800-2000)",4,"Orphan",60,51,71,60,60.5,73.3,2.6,"No","Yes","No","Never",8.8,"Never","Yes","Good",4.7
"GESS-S1293","SCH-074","Bono East",7.5032,-1.3521,"Female",13,"JHS 1-2","Day","None","Farmer","Mid (GHS 800-2000)",1,"Both parents",35,44,49,38,41.5,85.2,3.4,"Yes","No","Yes","Never",4.9,"Daily","No","Average",4.1
"GESS-S1294","SCH-094","Greater Accra",5.6705,-0.377,"Male",13,"JHS 1-2","Boarding","SHS","Artisan","High (>GHS 2000)",8,"Both parents",72,72,74,63,70.2,100,3.6,"No","Yes","No","Never",6.6,"Sometimes","Yes","Excellent",0
"GESS-S1295","SCH-021","Ahafo",7.3177,-2.5508,"Male",20,"SHS 3+","Boarding","Primary","Trader","Mid (GHS 800-2000)",10,"Both parents",77,74,71,63,71.2,71.1,4.1,"No","Yes","No","Sometimes",2.7,"Daily","Yes","Excellent",4.3
"GESS-S1296","SCH-041","Greater Accra",5.3632,0.1426,"Male",12,"JHS 1-2","Day","JHS","Artisan","Low (<GHS 800)",3,"Single parent",62,64,51,55,58,77,2.1,"Yes","No","Yes","Never",5.8,"Sometimes","Yes","Good",1.5
"GESS-S1297","SCH-040","Western",4.6286,-1.6462,"Male",13,"JHS 1-2","Boarding","SHS","Professional","High (>GHS 2000)",3,"Both parents",70,57,62,46,58.8,84.7,2.9,"Yes","Yes","No","Never",6.6,"Sometimes","Yes","Good",2
"GESS-S1298","SCH-094","Ahafo",7.01,-2.4099,"Male",12,"JHS 1-2","Boarding","JHS",NA,"Mid (GHS 800-2000)",4,"Both parents",80,33,69,57,59.8,84,5.7,"No","Yes","No","Never",NA,"Sometimes","Yes","Good",1.6
"GESS-S1299","SCH-011","Ashanti",7.1899,-1.1373,"Male",18,"SHS 3+","Day","JHS","Unemployed","Mid (GHS 800-2000)",3,"Both parents",100,NA,100,80,89.8,91.5,1,"No","No","Yes","Never",3.2,"Never","Yes","Excellent",1.4
"GESS-S1300","SCH-006","Western North",6.9051,-2.7205,"Male",16,"SHS 2-3","Boarding","SHS","Civil Servant","Mid (GHS 800-2000)",6,"Orphan",59,69,60,59,61.8,88.1,2.8,"No","Yes","Yes","Never",8.3,"Sometimes","Yes","Good",NA
"GESS-S1301","SCH-060","Ashanti",6.3941,-1.9999,"Male",16,"SHS 2-3","Boarding","SHS","Farmer","Mid (GHS 800-2000)",1,"Single parent",55,48,54,48,51.2,100,3.9,"No","No","No","Sometimes",6.2,"Never","Yes","Average",2.4
"GESS-S1302","SCH-067","Bono",7.6558,-2.5199,"Female",14,"JHS 3-SHS 1","Boarding","None","Farmer",NA,3,"Orphan",44,46,39,48,44.2,81,4.4,"Yes","No","No","Never",2.6,"Never","No","Average",4.2
"GESS-S1303","SCH-076","Central",4.9218,-1.6452,"Female",17,"SHS 2-3","Day","Primary","Trader","Low (<GHS 800)",1,"Single parent",59,49,43,51,50.5,83.9,4.3,"No","Yes","No","Never",6.3,"Sometimes","Yes","Average",4.5
"GESS-S1304","SCH-088","Greater Accra",5.1457,-0.6184,"Male",13,"JHS 1-2","Day","JHS","Trader","Mid (GHS 800-2000)",7,"Both parents",51,22,62,68,50.8,99.3,5.4,"Yes","Yes","No","Sometimes",8.5,"Daily","Yes","Average",1.3
"GESS-S1305","SCH-035","Western",5.0752,-2.6263,"Male",13,"JHS 1-2","Day","None","Professional","Mid (GHS 800-2000)",5,"Both parents",66,61,43,68,59.5,84.5,2.6,"Yes","Yes","No","Sometimes",3.5,"Sometimes","Yes","Good",2.9
"GESS-S1306","SCH-059","Bono",7.3089,-2.1537,"Male",13,"JHS 1-2","Day","Tertiary","Civil Servant","Low (<GHS 800)",8,"Both parents",54,73,57,38,55.5,82.4,2.3,"Yes","Yes","Yes","Sometimes",6.6,"Sometimes","Yes","Good",3.7
"GESS-S1307","SCH-075","Bono East",7.2928,-1.2225,"Female",18,"SHS 3+","Boarding","JHS","Unemployed","Mid (GHS 800-2000)",1,"Both parents",54,42,61,64,55.2,78.8,2.2,"Yes","Yes","No","Often",5.1,"Sometimes","Yes","Good",1.9
"GESS-S1308","SCH-031","Central",4.9119,-0.6331,"Male",16,"SHS 2-3","Day","Tertiary","Professional","Low (<GHS 800)",6,"Single parent",47,48,49,58,50.5,95.6,1.2,"No","No","No","Sometimes",4.7,"Sometimes","Yes","Average",3
"GESS-S1309","SCH-066","Western",5.1575,-2.3777,"Male",17,"SHS 2-3","Day","Primary","Trader","Mid (GHS 800-2000)",8,"Both parents",55,51,62,67,58.8,76.7,1.8,"Yes","No","Yes","Sometimes",6.7,"Daily","Yes","Good",NA
"GESS-S1310","SCH-061","Upper West",10.4143,-2.0764,"Male",15,"JHS 3-SHS 1","Day","None","Farmer","Mid (GHS 800-2000)",1,"Both parents",57,70,67,64,64.5,97.7,5,"Yes","Yes","No","Never",1.2,"Sometimes","Yes","Good",0.9
"GESS-S1311","SCH-020","Northern",9.3984,-0.6919,"Female",16,"SHS 2-3","Day","Primary","Farmer","Low (<GHS 800)",5,"Both parents",51,57,48,55,52.8,NA,3.1,"Yes","Yes","No","Never",5,"Never","Yes","Average",2.7
"GESS-S1312","SCH-026","Ashanti",6.4621,-2.1064,"Male",16,"SHS 2-3","Day","None","Trader","Low (<GHS 800)",3,"Both parents",37,24,41,53,38.8,87.8,4.4,"No","No","No","Often",8.2,"Never","No","Below Average",5.1
"GESS-S1313","SCH-053","Bono East",7.411,-1.9832,"Female",15,"JHS 3-SHS 1","Day","None","Trader","Mid (GHS 800-2000)",4,"Single parent",88,60,66,80,73.5,77.4,4.2,"No","Yes","No","Never",5.4,"Daily","Yes","Excellent",2
"GESS-S1314","SCH-091","Volta",6.9186,0.2735,"Female",19,"SHS 3+","Boarding","JHS","Civil Servant","Mid (GHS 800-2000)",3,"Both parents",52,54,53,51,52.5,92.1,4.7,"No","Yes","No","Often",7.3,"Never","Yes","Average",2.2
"GESS-S1315","SCH-058","Ashanti",7.1708,-2.1474,"Male",17,"SHS 2-3","Boarding","SHS","Farmer","Mid (GHS 800-2000)",3,"Both parents",81,65,70,72,72,89.3,7.2,"No","No","No","Never",6,"Never","Yes","Excellent",1.1
"GESS-S1316","SCH-067","Ashanti",6.9493,-2.1887,"Female",16,"SHS 2-3","Day","None","Farmer","Mid (GHS 800-2000)",7,"Both parents",59,66,54,58,59.2,97.7,4.3,"Yes","Yes","No","Never",1,"Sometimes","Yes","Good",3.2
"GESS-S1317","SCH-044","Ashanti",6.8338,-1.8673,"Male",14,"JHS 3-SHS 1","Day","Tertiary","Professional","Mid (GHS 800-2000)",6,"Single parent",62,48,56,58,56,71.5,3.2,"Yes","No","Yes","Never",5.9,"Never","Yes","Good",3.4
"GESS-S1318","SCH-032","Oti",7.2363,-0.2058,"Male",14,"JHS 3-SHS 1","Day","JHS","Professional","High (>GHS 2000)",5,"Single parent",57,66,36,61,55,100,2.3,"Yes","No","No","Never",5.5,"Daily","Yes","Average",4.6
"GESS-S1319","SCH-030","Ashanti",7.2397,-1.8728,"Male",12,"JHS 1-2","Day","SHS","Civil Servant","Mid (GHS 800-2000)",3,"Both parents",59,38,52,57,51.5,90.7,2.8,"Yes","No","Yes","Never",8,"Daily","Yes","Average",1.5
"GESS-S1320","SCH-087","Greater Accra",5.7525,-0.5295,"Male",14,"JHS 3-SHS 1","Day","SHS",NA,"Mid (GHS 800-2000)",7,"Orphan",83,75,76,85,79.8,77.5,4.8,"Yes","Yes","Yes","Never",3.1,"Never","Yes","Excellent",2.5
"GESS-S1321","SCH-028","Northern",9.5765,-1.366,"Male",13,"JHS 1-2","Day","JHS","Unemployed","Low (<GHS 800)",8,"Both parents",70,64,NA,62,67.2,61.8,3.8,"No","No","No","Sometimes",5.8,"Daily","Yes","Good",5
"GESS-S1322","SCH-001","Oti",7.4877,0.5669,"Male",16,"SHS 2-3","Day","SHS","Farmer","High (>GHS 2000)",7,"Single parent",67,41,51,54,53.2,61.7,3.3,"No","Yes","Yes","Never",7.3,"Sometimes","Yes","Average",5.2
"GESS-S1323","SCH-058","Northern",9.5904,-0.7668,"Male",13,"JHS 1-2","Day","Tertiary","Unemployed","Low (<GHS 800)",5,"Both parents",66,78,58,68,67.5,86.6,NA,"Yes","Yes","No","Sometimes",7.1,"Sometimes","Yes","Good",3.3
"GESS-S1324","SCH-056","Central",5.9036,-1.2021,"Female",14,"JHS 3-SHS 1","Boarding","Tertiary","Farmer","High (>GHS 2000)",5,"Single parent",75,69,62,83,72.2,97.6,4.5,"Yes","Yes","No","Sometimes",10,"Sometimes","Yes","Excellent",0.4
"GESS-S1325","SCH-093","Greater Accra",5.184,0.0118,"Female",17,"SHS 2-3","Day","JHS",NA,"Mid (GHS 800-2000)",8,"Both parents",47,39,44,42,43,78.7,2.7,"Yes","Yes","No","Never",4.3,"Daily","No","Average",4.6
"GESS-S1326","SCH-056","Western North",6.7405,-2.1772,"Male",17,"SHS 2-3","Day","Primary","Trader","Mid (GHS 800-2000)",3,"Both parents",44,44,41,56,46.2,64.8,3.3,"No","Yes","No","Never",5.6,"Daily","No","Average",3.5
"GESS-S1327","SCH-020","Ashanti",6.493,-2.0024,"Female",15,"JHS 3-SHS 1","Day","JHS","Civil Servant","Mid (GHS 800-2000)",7,"Single parent",85,73,NA,74,76,79.1,2,"No","Yes","Yes","Never",5.2,"Never","Yes","Excellent",0.1
"GESS-S1328","SCH-022","Eastern",6.6367,-0.3536,"Female",19,"SHS 3+","Boarding","SHS","Farmer","Low (<GHS 800)",2,"Both parents",94,100,93,99,96.5,75.6,1.1,"Yes","No","No","Sometimes",6.7,"Daily","Yes","Excellent",0.4
"GESS-S1329","SCH-100","Western North",6.0583,-2.8177,"Female",13,"JHS 1-2","Boarding","JHS","Civil Servant","Low (<GHS 800)",3,"Both parents",46,34,52,50,45.5,83.6,2.6,"No","Yes","No","Sometimes",7.2,"Sometimes","No","Average",3.4
"GESS-S1330","SCH-036","Western North",6.5352,-3.1172,"Female",12,"JHS 1-2","Day","Tertiary","Farmer","Low (<GHS 800)",7,"Single parent",58,67,50,46,55.2,94.2,2.4,"Yes","Yes","Yes","Never",7.3,"Sometimes","Yes","Good",1.4
"GESS-S1331","SCH-024","Upper West",9.6583,-2.4275,"Male",16,"SHS 2-3","Day","Primary","Artisan","Low (<GHS 800)",2,"Both parents",75,69,49,65,64.5,100,2,"Yes","Yes","No","Often",7.5,"Daily","Yes","Good",1.3
"GESS-S1332","SCH-050","North East",10.3524,-0.2931,"Female",16,"SHS 2-3","Boarding","JHS","Artisan","High (>GHS 2000)",3,"Both parents",55,46,59,50,52.5,92.7,3.3,"Yes","No","No","Never",5.6,"Never","Yes","Average",2.1
"GESS-S1333","SCH-001","Eastern",6.1016,-0.7584,"Female",16,"SHS 2-3","Boarding","None","Farmer","Low (<GHS 800)",4,"Both parents",49,75,68,69,65.2,75.8,2,"Yes","Yes","Yes","Never",9,"Never","Yes","Good",0
"GESS-S1334","SCH-023","Upper West",9.946,-2.1905,"Female",12,"JHS 1-2","Boarding","JHS","Farmer",NA,5,"Both parents",55,44,53,65,54.2,87,1.5,"Yes","No","No","Sometimes",8.4,"Daily","Yes","Average",0.2
"GESS-S1335","SCH-018","Western North",6.7437,-2.1763,"Female",14,"JHS 3-SHS 1","Day","JHS","Trader","Low (<GHS 800)",4,"Orphan",38,60,56,51,51.2,71.1,2.4,"Yes","Yes","Yes","Never",7.3,"Never","Yes","Average",2.1
"GESS-S1336","SCH-072","Greater Accra",5.7342,0.0401,"Female",16,"SHS 2-3","Boarding","SHS","Farmer","Low (<GHS 800)",4,"Orphan",46,22,48,49,41.2,79.6,4.9,"Yes","Yes","Yes","Never",5.2,"Never","No","Average",5.4
"GESS-S1337","SCH-050","Eastern",5.8866,-0.112,"Female",15,"JHS 3-SHS 1","Boarding","SHS","Trader","Mid (GHS 800-2000)",2,"Both parents",68,64,48,53,58.2,97.3,4.7,"No","Yes","No","Sometimes",1.8,"Sometimes","Yes","Good",4.1
"GESS-S1338","SCH-001","Central",4.857,-1.0647,"Male",12,"JHS 1-2","Day","JHS","Artisan","Low (<GHS 800)",3,"Both parents",71,80,61,72,71,79.2,0.5,"Yes","No","No","Never",3.8,"Sometimes","Yes","Excellent",2.9
"GESS-S1339","SCH-040","Greater Accra",5.551,-0.7614,"Male",17,"SHS 2-3","Boarding","None","Artisan","Low (<GHS 800)",7,"Both parents",35,38,22,25,30,81.5,3.6,"Yes","No","No","Never",6.7,"Sometimes","No","Below Average",NA
"GESS-S1340","SCH-025","Bono",7.4613,-2.4439,"Male",12,"JHS 1-2","Boarding","Primary","Professional",NA,3,"Both parents",76,54,NA,91,76,100,5.3,"No","No","No","Often",9.7,"Never","Yes","Excellent",1.6
"GESS-S1341","SCH-059","Greater Accra",5.4157,0.3392,"Male",15,"JHS 3-SHS 1","Boarding","None","Artisan","Mid (GHS 800-2000)",1,"Single parent",74,65,57,61,64.2,86,3.4,"Yes","No","Yes","Never",8.1,"Sometimes","Yes","Good",0.5
"GESS-S1342","SCH-083","Ashanti",6.9572,-1.7202,"Female",13,"JHS 1-2","Day","Tertiary","Professional","Low (<GHS 800)",5,"Single parent",74,59,72,64,67.2,82.9,2.5,"Yes","No","Yes","Never",NA,"Never","Yes","Good",2.1
"GESS-S1343","SCH-087","Western North",6.378,-2.253,"Male",15,"JHS 3-SHS 1","Day","SHS","Farmer","Low (<GHS 800)",8,"Single parent",32,NA,39,28,36.2,81.7,3.4,"Yes","Yes","No","Sometimes",8,"Daily","No","Below Average",3.8
"GESS-S1344","SCH-007","North East",10.3117,0.145,"Female",16,"SHS 2-3","Boarding","SHS","Trader","Low (<GHS 800)",6,"Both parents",42,41,27,43,38.2,NA,3.6,"No","Yes","No","Never",4.7,"Daily","No","Below Average",3.8
"GESS-S1345","SCH-086","Ashanti",6.4157,-1.1975,"Male",17,"SHS 2-3","Day","SHS","Trader","Mid (GHS 800-2000)",8,"Single parent",60,64,74,54,63,86.4,1.2,"Yes","Yes","No","Often",7.7,"Never","Yes","Good",2.3
"GESS-S1346","SCH-063","Bono",8.0556,-2.4281,"Female",15,"JHS 3-SHS 1","Day","JHS","Farmer","Mid (GHS 800-2000)",8,"Both parents",100,96,97,100,98.2,59.6,3.4,"Yes","Yes","No","Never",6.1,"Sometimes","Yes","Excellent",0
"GESS-S1347","SCH-089","Upper West",9.9529,-1.9161,"Female",15,"JHS 3-SHS 1","Boarding","SHS","Farmer","Mid (GHS 800-2000)",4,"Single parent",40,36,25,39,35,83.5,NA,"Yes","Yes","No","Never",7.1,"Never","No","Below Average",4.7
"GESS-S1348","SCH-055","Volta",6.9126,1.0645,"Male",17,"SHS 2-3","Boarding","Primary","Farmer",NA,5,"Orphan",67,61,54,54,59,72.5,4.1,"No","Yes","No","Often",3.9,"Never","Yes","Good",5.2
"GESS-S1349","SCH-002","Ashanti",6.3378,-1.3187,"Female",18,"SHS 3+","Day","SHS","Farmer","High (>GHS 2000)",7,"Orphan",83,89,68,80,80,72.4,2.8,"Yes","No","Yes","Never",8.1,"Daily","Yes","Excellent",2.5
"GESS-S1350","SCH-075","Northern",9.9751,-0.6885,"Male",12,"JHS 1-2","Day","SHS","Civil Servant","High (>GHS 2000)",3,"Both parents",75,51,71,63,65,63,4,"No","No","No","Never",4,"Never","Yes","Good",1.9
"GESS-S1351","SCH-035","Western North",6.492,-2.73,"Male",16,"SHS 2-3","Boarding","JHS","Trader","Mid (GHS 800-2000)",5,"Single parent",47,57,62,61,56.8,97.5,4.4,"Yes","No","Yes","Never",8.3,"Sometimes","Yes","Good",0
"GESS-S1352","SCH-090","Ashanti",6.4141,-1.9468,"Male",17,"SHS 2-3","Boarding","JHS","Artisan","Low (<GHS 800)",7,"Single parent",70,62,85,77,73.5,92,3.1,"Yes","No","No","Never",7.2,"Never","Yes","Excellent",1.4
"GESS-S1353","SCH-035","Greater Accra",5.1966,0.3685,"Male",18,"SHS 3+","Day","Primary","Farmer","High (>GHS 2000)",7,"Both parents",76,48,71,65,65,77.5,1.2,"No","No","No","Sometimes",6.3,"Daily","Yes","Good",1.5
"GESS-S1354","SCH-053","Greater Accra",5.6166,-0.5914,"Male",15,"JHS 3-SHS 1","Boarding","None","Farmer","Mid (GHS 800-2000)",8,"Single parent",60,66,62,69,64.2,66,3.3,"No","Yes","Yes","Never",8.3,"Never","Yes","Good",1.4
"GESS-S1355","SCH-056","Bono East",7.9081,-1.0151,"Male",17,"SHS 2-3","Boarding","SHS","Trader","Low (<GHS 800)",4,"Orphan",66,87,60,70,70.8,85,2.2,"No","No","No","Never",5.3,"Never","Yes","Excellent",3.2
"GESS-S1356","SCH-083","Central",5.1101,-0.5077,"Male",11,"JHS 1-2","Day","SHS","Artisan","High (>GHS 2000)",1,"Both parents",75,85,93,92,86.2,82.9,2.5,"No","Yes","Yes","Never",5.6,"Never","Yes","Excellent",1.1
"GESS-S1357","SCH-011","Bono",7.466,-2.1447,"Female",17,"SHS 2-3","Boarding","Tertiary","Trader","High (>GHS 2000)",3,"Both parents",62,65,72,57,64,74.6,2.9,"No","No","No","Never",5.7,"Daily","Yes","Good",3.2
"GESS-S1358","SCH-004","Upper West",9.8032,-2.1262,"Female",18,"SHS 3+","Day","JHS","Trader","High (>GHS 2000)",5,"Both parents",49,41,NA,56,53,64,1.4,"No","No","No","Never",6.9,"Daily","Yes","Average",3.7
"GESS-S1359","SCH-026","Upper West",10.6372,-2.919,"Female",16,"SHS 2-3","Boarding","Tertiary","Civil Servant","Mid (GHS 800-2000)",6,"Both parents",54,65,68,53,60,84.2,4.5,"Yes","No","No","Never",5.4,"Never","Yes","Good",2.3
"GESS-S1360","SCH-091","Ashanti",6.7747,-1.3762,"Male",16,"SHS 2-3","Boarding","JHS","Trader","Mid (GHS 800-2000)",6,"Single parent",54,45,59,43,50.2,99.7,2.6,"Yes","Yes","No","Sometimes",4.2,"Daily","Yes","Average",2.8
"GESS-S1361","SCH-033","Western",4.8215,-2.1558,"Female",14,"JHS 3-SHS 1","Day","Primary","Farmer","High (>GHS 2000)",8,"Both parents",91,56,69,71,71.8,NA,1.3,"No","Yes","No","Never",7,"Sometimes","Yes","Excellent",1.4
"GESS-S1362","SCH-071","Ahafo",7.3366,-3.0105,"Male",19,"SHS 3+","Boarding","JHS","Farmer","Mid (GHS 800-2000)",4,"Single parent",57,52,53,41,50.8,83.6,4.1,"No","Yes","Yes","Sometimes",8,"Sometimes","Yes","Average",1.4
"GESS-S1363","SCH-057","Greater Accra",5.6894,-0.556,"Male",16,"SHS 2-3","Day","None","Farmer","Low (<GHS 800)",7,"Single parent",63,37,34,62,49,60.1,2.5,"Yes","Yes","No","Often",NA,"Sometimes","No","Average",4.7
"GESS-S1364","SCH-040","Ahafo",6.6052,-2.5302,"Male",18,"SHS 3+","Day","Tertiary","Trader","Mid (GHS 800-2000)",1,"Single parent",67,65,54,59,61.2,72,NA,"No","No","Yes","Never",10,"Never","Yes","Good",2
"GESS-S1365","SCH-082","Upper East",10.4059,-0.5695,"Female",16,"SHS 2-3","Boarding","Primary","Professional","Low (<GHS 800)",5,"Single parent",48,34,59,49,47.5,NA,5.2,"No","No","Yes","Never",4.4,"Daily","No","Average",5.4
"GESS-S1366","SCH-055","Western North",6.0918,-2.7589,"Female",12,"JHS 1-2","Boarding","JHS","Artisan","Low (<GHS 800)",4,"Single parent",47,29,67,43,46.5,52.5,2.1,"Yes","No","No","Never",3.4,"Never","No","Average",4.9
"GESS-S1367","SCH-073","Western",5.6728,-2.4989,"Male",12,"JHS 1-2","Boarding","JHS","Trader","Low (<GHS 800)",6,"Both parents",65,44,56,74,59.8,NA,3.7,"Yes","Yes","Yes","Sometimes",5.9,"Daily","Yes","Good",2
"GESS-S1368","SCH-051","Ahafo",7.4931,-2.7813,"Female",14,"JHS 3-SHS 1","Boarding","Tertiary",NA,"High (>GHS 2000)",4,"Single parent",69,38,45,50,50.5,73.2,3.9,"Yes","No","No","Often",2.6,"Sometimes","Yes","Average",2.5
"GESS-S1369","SCH-037","Volta",7.555,0.2405,"Male",12,"JHS 1-2","Day","JHS","Farmer","Mid (GHS 800-2000)",2,"Both parents",52,51,65,55,55.8,100,3.9,"No","No","No","Never",5.3,"Daily","Yes","Good",0.7
"GESS-S1370","SCH-029","Greater Accra",5.7061,-0.4968,"Female",15,"JHS 3-SHS 1","Day","JHS","Artisan","Mid (GHS 800-2000)",7,"Both parents",70,60,75,70,68.8,71.3,3.6,"No","No","Yes","Sometimes",6.1,"Never","Yes","Good",2.8
"GESS-S1371","SCH-079","Greater Accra",5.2069,-0.3463,"Female",16,"SHS 2-3","Day","JHS","Professional","Low (<GHS 800)",1,"Both parents",63,39,48,55,51.2,81.2,2.8,"Yes","Yes","No","Sometimes",5.5,"Sometimes","Yes","Average",4.1
"GESS-S1372","SCH-046","Eastern",6.5516,-0.8706,"Female",16,"SHS 2-3","Day","JHS","Farmer","Mid (GHS 800-2000)",6,"Single parent",51,41,47,49,47,77.8,3,"Yes","Yes","No","Sometimes",4.6,"Sometimes","No","Average",3
"GESS-S1373","SCH-016","Greater Accra",5.9777,-0.0193,"Male",18,"SHS 3+","Boarding","None","Trader","Low (<GHS 800)",4,"Both parents",42,48,56,51,49.2,67.9,3.4,"No","Yes","Yes","Never",7.3,"Never","No","Average",4.1
"GESS-S1374","SCH-084","Northern",9.5496,-0.7569,"Male",16,"SHS 2-3","Boarding","Primary","Trader","Low (<GHS 800)",3,"Both parents",57,51,36,51,48.8,94.2,4.6,"No","No","No","Sometimes",5.2,"Sometimes","No","Average",NA
"GESS-S1375","SCH-085","Central",5.6131,-1.2552,"Male",14,"JHS 3-SHS 1","Boarding","JHS","Trader","Low (<GHS 800)",10,"Both parents",47,49,51,55,50.5,91.6,3.4,"Yes","Yes","Yes","Never",7.8,"Daily","Yes","Average",2.5
"GESS-S1376","SCH-036","Savannah",9.2721,-1.7815,"Female",21,"SHS 3+","Day","SHS","Trader","Low (<GHS 800)",11,"Both parents",53,40,48,48,47.2,65.1,2.1,"No","No","No","Often",7.4,"Sometimes","No","Average",4.2
"GESS-S1377","SCH-083","Western North",6.3107,-3.1793,"Male",13,"JHS 1-2","Day","Primary","Farmer","Low (<GHS 800)",4,"Both parents",71,75,69,43,64.5,96.8,2.8,"No","Yes","No","Never",5.6,"Sometimes","Yes","Good",0
"GESS-S1378","SCH-025","Savannah",8.7524,-2.1889,"Female",18,"SHS 3+","Day","None","Farmer","Mid (GHS 800-2000)",4,"Both parents",66,94,88,65,78.2,52.6,3.3,"Yes","Yes","No","Sometimes",6.4,"Never","Yes","Excellent",1
"GESS-S1379","SCH-080","Ashanti",6.0874,-1.6631,"Female",19,"SHS 3+","Boarding","None","Artisan","Mid (GHS 800-2000)",8,"Both parents",62,59,49,70,60,94.7,1.8,"No","No","Yes","Sometimes",8,"Never","Yes","Good",1.5
"GESS-S1380","SCH-081","Ahafo",7.0603,-2.9033,"Male",14,"JHS 3-SHS 1","Boarding","Primary","Farmer","Low (<GHS 800)",4,"Single parent",57,36,54,58,51.2,98.4,3.3,"No","No","Yes","Never",2.5,"Daily","Yes","Average",NA
"GESS-S1381","SCH-015","Greater Accra",5.9785,-0.6691,"Male",13,"JHS 1-2","Day","SHS","Artisan","Mid (GHS 800-2000)",4,"Both parents",72,86,63,72,73.2,77.7,NA,"Yes","Yes","No","Never",6.7,"Sometimes","Yes","Excellent",1.3
"GESS-S1382","SCH-012","Bono",7.6765,-1.7403,"Female",19,"SHS 3+","Day","JHS",NA,"High (>GHS 2000)",3,"Both parents",78,73,77,84,78,95.4,3.1,"Yes","Yes","Yes","Never",6.8,"Daily","Yes","Excellent",0.2
"GESS-S1383","SCH-080","Ashanti",6.8032,-2.1442,"Male",12,"JHS 1-2","Boarding","JHS","Professional","High (>GHS 2000)",9,"Both parents",77,88,66,72,75.8,76.6,NA,"No","No","No","Never",10,"Sometimes","Yes","Excellent",3.2
"GESS-S1384","SCH-039","Ashanti",6.4509,-1.2152,"Male",15,"JHS 3-SHS 1","Day","None","Civil Servant","Low (<GHS 800)",4,"Both parents",80,71,67,75,73.2,58.4,3.3,"No","Yes","Yes","Never",4.6,"Sometimes","Yes","Excellent",NA
"GESS-S1385","SCH-078","Northern",9.8519,-1.0268,"Male",14,"JHS 3-SHS 1","Boarding","Primary","Farmer","High (>GHS 2000)",7,"Single parent",74,52,61,51,59.5,78.9,4.1,"No","Yes","No","Never",1.3,"Daily","Yes","Good",2.8
"GESS-S1386","SCH-075","Ashanti",6.8293,-1.5037,"Female",15,"JHS 3-SHS 1","Boarding","JHS","Farmer","High (>GHS 2000)",8,"Both parents",79,99,78,71,81.8,100,4.1,"Yes","No","No","Often",2,"Never","Yes","Excellent",0.6
"GESS-S1387","SCH-003","Greater Accra",5.5848,-0.4895,"Female",18,"SHS 3+","Boarding","None","Farmer","Low (<GHS 800)",3,"Both parents",75,77,74,72,74.5,70.7,1.9,"Yes","No","Yes","Never",7,"Daily","Yes","Excellent",NA
"GESS-S1388","SCH-067","Northern",9.8023,-0.453,"Male",15,"JHS 3-SHS 1","Day","None","Civil Servant","High (>GHS 2000)",7,"Both parents",98,65,59,72,73.5,85,4.4,"No","No","No","Never",6.6,"Never","Yes","Excellent",2.7
"GESS-S1389","SCH-070","Greater Accra",5.6312,-0.1519,"Female",15,"JHS 3-SHS 1","Day","Tertiary","Trader","Mid (GHS 800-2000)",2,"Both parents",61,62,52,56,57.8,71.4,1.7,"No","Yes","No","Sometimes",NA,"Sometimes","Yes","Good",2.3
"GESS-S1390","SCH-084","Eastern",6.9961,-0.6426,"Male",17,"SHS 2-3","Boarding","JHS","Artisan","Low (<GHS 800)",10,"Both parents",52,49,NA,59,51,84.8,2,"No","No","No","Sometimes",4.6,"Sometimes","Yes","Average",2.4
"GESS-S1391","SCH-078","Northern",10.1235,-1.2188,"Male",20,"SHS 3+","Boarding","None","Trader","Low (<GHS 800)",2,"Both parents",42,64,38,40,46,84.8,3.3,"Yes","Yes","No","Never",4.5,"Daily","No","Average",NA
"GESS-S1392","SCH-060","Ahafo",6.3387,-2.3697,"Female",14,"JHS 3-SHS 1","Boarding","SHS","Artisan","High (>GHS 2000)",2,"Single parent",75,73,77,77,75.5,72.3,3.8,"Yes","No","No","Never",6,"Sometimes","Yes","Excellent",2.7
"GESS-S1393","SCH-007","Ashanti",7.1281,-1.7941,"Male",13,"JHS 1-2","Boarding","None","Unemployed","Low (<GHS 800)",4,"Both parents",90,88,67,89,83.5,72.1,3,"Yes","Yes","No","Sometimes",6.6,"Sometimes","Yes","Excellent",3.4
"GESS-S1394","SCH-071","Upper West",9.6695,-2.0277,"Female",18,"SHS 3+","Day","Primary",NA,"Low (<GHS 800)",11,"Both parents",34,NA,33,40,36.8,85.8,2.2,"No","No","Yes","Sometimes",5.3,"Daily","No","Below Average",4.6
"GESS-S1395","SCH-081","Eastern",5.8992,-0.1277,"Female",14,"JHS 3-SHS 1","Day","JHS","Farmer","Mid (GHS 800-2000)",5,"Both parents",55,87,61,73,69,84.6,1.2,"No","Yes","No","Never",5.2,"Never","Yes","Good",1.8
"GESS-S1396","SCH-053","Ashanti",6.5332,-1.5821,"Male",15,"JHS 3-SHS 1","Day","Tertiary","Trader","Low (<GHS 800)",4,"Single parent",57,48,44,45,48.5,75.3,2.5,"No","No","Yes","Never",4.9,"Daily","No","Average",3.8
"GESS-S1397","SCH-035","Central",5.1295,-0.6085,"Female",13,"JHS 1-2","Day","None","Farmer","Mid (GHS 800-2000)",3,"Both parents",39,46,45,47,44.2,73.4,3.7,"No","Yes","Yes","Never",6.4,"Never","No","Average",2.6
"GESS-S1398","SCH-042","Northern",9.913,-1.4245,"Male",13,"JHS 1-2","Day","Primary","Farmer","High (>GHS 2000)",6,"Orphan",50,53,48,53,51,79,4.7,"Yes","Yes","No","Never",4.7,"Sometimes","Yes","Average",4.7
"GESS-S1399","SCH-066","Volta",7.3976,0.6167,"Female",18,"SHS 3+","Day","None","Farmer","Mid (GHS 800-2000)",5,"Both parents",56,60,58,53,56.8,61.5,2.1,"No","No","Yes","Often",7.8,"Daily","Yes","Good",3
"GESS-S1400","SCH-080","Western",5.1206,-1.9106,"Female",16,"SHS 2-3","Day","JHS","Trader","Mid (GHS 800-2000)",2,"Both parents",77,91,77,70,78.8,73.6,3.1,"Yes","Yes","Yes","Never",6.9,"Never","Yes","Excellent",2.3
"GESS-S1401","SCH-007","Eastern",6.8585,0.1365,"Female",16,"SHS 2-3","Boarding","None","Trader","Low (<GHS 800)",8,"Both parents",38,47,45,48,44.5,76.9,3.4,"No","Yes","Yes","Never",4.7,"Sometimes","No","Average",3.7
"GESS-S1402","SCH-081","Ashanti",6.9246,-2.0715,"Male",18,"SHS 3+","Boarding","None","Professional","Mid (GHS 800-2000)",5,"Both parents",60,63,54,72,62.2,75.7,4.2,"No","Yes","No","Never",6.5,"Never","Yes","Good",3
"GESS-S1403","SCH-057","Greater Accra",6.1673,-0.6711,"Male",13,"JHS 1-2","Boarding","Primary","Farmer","Low (<GHS 800)",6,"Both parents",61,59,72,57,62.2,72.6,3.7,"Yes","No","Yes","Sometimes",7.2,"Never","Yes","Good",2.2
"GESS-S1404","SCH-012","Greater Accra",5.5415,-0.6158,"Female",16,"SHS 2-3","Boarding","SHS","Trader",NA,9,"Both parents",74,73,63,81,72.8,68.8,3.5,"Yes","Yes","No","Sometimes",4.3,"Never","Yes","Excellent",0.4
"GESS-S1405","SCH-098","Ashanti",6.6802,-2.0203,"Female",16,"SHS 2-3","Boarding","SHS","Civil Servant","High (>GHS 2000)",6,"Both parents",86,98,83,83,87.5,95.5,4.4,"Yes","Yes","No","Never",8.6,"Never","Yes","Excellent",0
"GESS-S1406","SCH-079","Upper West",9.796,-2.3028,"Male",16,"SHS 2-3","Day","JHS","Farmer","Low (<GHS 800)",3,"Both parents",68,59,70,82,69.8,100,1,"No","No","Yes","Never",6.2,"Sometimes","Yes","Good",0.8
"GESS-S1407","SCH-053","Eastern",6.1977,-0.9224,"Male",16,"SHS 2-3","Boarding","Primary","Professional","Mid (GHS 800-2000)",6,"Both parents",79,62,69,77,71.8,87.1,1.8,"No","Yes","No","Never",6.9,"Daily","Yes","Excellent",0
"GESS-S1408","SCH-081","Ahafo",7.2529,-1.9224,"Male",18,"SHS 3+","Boarding","JHS","Professional","High (>GHS 2000)",5,"Orphan",51,59,71,68,62.2,96,1.6,"Yes","Yes","Yes","Never",6.6,"Never","Yes","Good",NA
"GESS-S1409","SCH-030","Ahafo",7.0415,-2.182,"Female",18,"SHS 3+","Boarding","SHS","Trader","High (>GHS 2000)",5,"Both parents",81,55,65,74,68.8,85.6,5.2,"No","Yes","No","Never",7.4,"Sometimes","Yes","Good",2
"GESS-S1410","SCH-038","Central",5.3354,-0.9269,"Male",13,"JHS 1-2","Day","Primary","Trader","Mid (GHS 800-2000)",4,"Both parents",39,48,29,49,41.2,76.4,4.1,"No","Yes","No","Often",9.4,"Sometimes","No","Average",3.2
"GESS-S1411","SCH-071","Volta",7.1519,0.2793,"Male",17,"SHS 2-3","Day","Primary","Farmer","Low (<GHS 800)",2,"Both parents",82,83,64,58,71.8,71.6,3.2,"Yes","Yes","Yes","Often",3.6,"Sometimes","Yes","Excellent",2.1
"GESS-S1412","SCH-037","Northern",9.506,-0.5487,"Male",17,"SHS 2-3","Day","SHS","Farmer","Mid (GHS 800-2000)",7,"Both parents",32,51,49,43,43.8,82,0.5,"Yes","No","No","Never",6.6,"Never","No","Average",4.5
"GESS-S1413","SCH-035","Ashanti",6.8751,-1.6541,"Male",16,"SHS 2-3","Day","JHS","Trader","High (>GHS 2000)",4,"Both parents",63,48,58,63,58,91.9,0.6,"No","No","Yes","Sometimes",9.8,"Sometimes","Yes","Good",1.2
"GESS-S1414","SCH-100","Central",5.6369,-0.7761,"Female",17,"SHS 2-3","Day","JHS","Farmer","Low (<GHS 800)",3,"Single parent",48,52,60,60,55,93.6,3.1,"Yes","Yes","No","Never",8.5,"Sometimes","Yes","Average",3.8
"GESS-S1415","SCH-093","Bono",8.0156,-2.829,"Female",19,"SHS 3+","Day","None","Artisan",NA,6,"Both parents",75,79,67,65,71.5,76.9,1.5,"Yes","No","No","Never",4.3,"Sometimes","Yes","Excellent",3.3
"GESS-S1416","SCH-002","Eastern",6.4042,-0.4105,"Male",15,"JHS 3-SHS 1","Day","SHS","Farmer","Low (<GHS 800)",5,"Single parent",74,53,74,65,66.5,64.8,2.8,"Yes","Yes","Yes","Sometimes",6.8,"Never","Yes","Good",3.5
"GESS-S1417","SCH-017","North East",10.9953,-0.3785,"Male",13,"JHS 1-2","Boarding","None","Farmer","High (>GHS 2000)",5,"Single parent",66,81,79,58,71,87.5,3,"No","Yes","Yes","Often",1.8,"Never","Yes","Excellent",1
"GESS-S1418","SCH-070","Ashanti",6.4345,-2.2211,"Male",15,"JHS 3-SHS 1","Day","None","Farmer","Low (<GHS 800)",4,"Both parents",62,56,53,51,55.5,96.5,1.2,"No","Yes","No","Never",9.5,"Daily","Yes","Good",3.6
"GESS-S1419","SCH-084","Upper East",11.0545,-0.7674,"Female",16,"SHS 2-3","Boarding","SHS","Artisan","Mid (GHS 800-2000)",2,"Single parent",75,80,63,56,68.5,NA,2.5,"No","No","No","Never",5.9,"Daily","Yes","Good",3.4
"GESS-S1420","SCH-100","Ashanti",6.2465,-1.3496,"Female",15,"JHS 3-SHS 1","Boarding","Primary","Trader","Mid (GHS 800-2000)",1,"Single parent",70,42,44,45,50.2,97.2,4.1,"No","Yes","No","Sometimes",8.9,"Sometimes","Yes","Average",3.7
"GESS-S1421","SCH-005","Bono",8.1565,-2.6478,"Female",18,"SHS 3+","Boarding","Primary","Farmer","High (>GHS 2000)",1,"Single parent",51,45,42,40,44.5,87.9,4.5,"No","Yes","No","Never",7.5,"Sometimes","No","Average",2.5
"GESS-S1422","SCH-092","Western",4.8064,-2.5779,"Female",16,"SHS 2-3","Boarding","SHS","Trader","Mid (GHS 800-2000)",6,"Both parents",56,63,39,45,50.8,75.9,5.1,"Yes","No","No","Never",8.8,"Daily","Yes","Average",3.7
"GESS-S1423","SCH-089","North East",10.5972,-0.0274,"Female",14,"JHS 3-SHS 1","Day","Tertiary","Civil Servant","High (>GHS 2000)",2,"Both parents",56,53,65,56,57.5,77.5,1.9,"No","Yes","Yes","Never",2.6,"Daily","Yes","Good",2.7
"GESS-S1424","SCH-016","Ashanti",6.5011,-1.2323,"Male",17,"SHS 2-3","Day","Primary","Artisan","High (>GHS 2000)",5,"Single parent",73,49,74,64,65,90.6,3.2,"No","Yes","No","Never",5,"Sometimes","Yes","Good",1.4
"GESS-S1425","SCH-048","Ashanti",6.5577,-1.5899,"Female",12,"JHS 1-2","Boarding","Primary","Unemployed","Mid (GHS 800-2000)",1,"Both parents",51,56,63,47,54.2,75.9,2,"Yes","Yes","No","Never",10,"Daily","Yes","Average",4.8
"GESS-S1426","SCH-075","Ashanti",7.2316,-1.1245,"Female",15,"JHS 3-SHS 1","Day","Primary","Trader","Mid (GHS 800-2000)",5,"Single parent",53,58,72,68,62.8,91.9,4.2,"Yes","Yes","Yes","Never",4.2,"Sometimes","Yes","Good",3.5
"GESS-S1427","SCH-006","Eastern",6.9253,-0.0461,"Female",15,"JHS 3-SHS 1","Day","None","Farmer","Low (<GHS 800)",2,"Both parents",93,84,64,85,81.5,75.5,3.3,"Yes","No","Yes","Never",6.3,"Never","Yes","Excellent",2.4
"GESS-S1428","SCH-035","Bono East",7.4421,-1.9769,"Female",13,"JHS 1-2","Boarding","JHS","Artisan","Mid (GHS 800-2000)",3,"Both parents",44,47,46,42,44.8,79.5,2.2,"No","Yes","Yes","Never",6.4,"Sometimes","No","Average",3.5
"GESS-S1429","SCH-006","Northern",9.1776,-1.1061,"Male",16,"SHS 2-3","Day","SHS",NA,"Low (<GHS 800)",6,"Single parent",74,63,71,63,67.8,76.1,3.7,"No","No","No","Never",6.6,"Sometimes","Yes","Good",3.3
"GESS-S1430","SCH-092","Northern",9.3324,-1.1542,"Female",14,"JHS 3-SHS 1","Day","JHS","Professional","Mid (GHS 800-2000)",4,"Both parents",57,51,50,49,51.8,NA,3.9,"No","No","No","Never",3.4,"Daily","Yes","Average",1.9
"GESS-S1431","SCH-089","Greater Accra",5.9357,-0.1252,"Female",16,"SHS 2-3","Boarding","Primary","Trader","High (>GHS 2000)",5,"Both parents",75,73,80,77,76.2,91.4,4.4,"No","No","No","Never",7.2,"Daily","Yes","Excellent",0
"GESS-S1432","SCH-069","Central",5.4979,-1.1944,"Female",20,"SHS 3+","Boarding","Primary","Trader","High (>GHS 2000)",3,"Both parents",67,64,55,58,61,73,2.9,"No","Yes","No","Never",6.7,"Daily","Yes","Good",2.7
"GESS-S1433","SCH-004","Western",5.6965,-1.7377,"Female",11,"JHS 1-2","Day","SHS","Professional","Low (<GHS 800)",7,"Both parents",47,45,48,42,45.5,71.3,2.9,"Yes","No","No","Often",5,"Sometimes","No","Average",4.8
"GESS-S1434","SCH-064","Northern",9.7726,-1.1308,"Male",15,"JHS 3-SHS 1","Day","SHS","Trader","High (>GHS 2000)",2,"Both parents",62,58,73,60,63.2,61.4,2.5,"No","No","No","Never",5.1,"Daily","Yes","Good",NA
"GESS-S1435","SCH-065","Western",4.9026,-1.8656,"Male",14,"JHS 3-SHS 1","Boarding","JHS","Trader","Mid (GHS 800-2000)",6,"Both parents",78,45,46,56,56.2,89.5,3.1,"No","No","No","Never",4.6,"Never","Yes","Good",2.4
"GESS-S1436","SCH-017","Ashanti",7.2165,-1.7309,"Female",15,"JHS 3-SHS 1","Boarding","SHS","Professional","Low (<GHS 800)",5,"Both parents",75,NA,70,67,67.8,92.9,5.4,"Yes","Yes","No","Never",5.5,"Sometimes","Yes","Good",2.6
"GESS-S1437","SCH-044","Greater Accra",5.0111,-0.0647,"Female",15,"JHS 3-SHS 1","Boarding","JHS",NA,"High (>GHS 2000)",6,"Single parent",75,67,68,58,67,96.6,3.6,"No","No","Yes","Never",4.1,"Sometimes","Yes","Good",1.5
"GESS-S1438","SCH-084","Bono",7.5565,-1.7869,"Female",18,"SHS 3+","Boarding","None","Farmer","Mid (GHS 800-2000)",4,"Both parents",88,72,77,73,77.5,100,0.8,"Yes","No","No","Never",4.9,"Sometimes","Yes","Excellent",0
"GESS-S1439","SCH-061","Upper West",9.6561,-2.5977,"Male",15,"JHS 3-SHS 1","Boarding","SHS","Trader","Mid (GHS 800-2000)",5,"Both parents",67,52,42,56,54.2,78.7,5.2,"No","No","No","Sometimes",6.4,"Never","Yes","Average",2.3
"GESS-S1440","SCH-070","Central",6.0202,-0.693,"Male",15,"JHS 3-SHS 1","Day","Primary","Unemployed","Low (<GHS 800)",6,"Both parents",46,32,53,51,45.5,79.1,1.3,"No","No","Yes","Never",8.8,"Never","No","Average",3.4
"GESS-S1441","SCH-018","Western",5.3374,-2.2443,"Male",12,"JHS 1-2","Boarding","JHS","Unemployed","Low (<GHS 800)",8,"Both parents",60,42,57,42,50.2,100,1.8,"No","No","No","Never",8.5,"Daily","Yes","Average",3.4
"GESS-S1442","SCH-027","Greater Accra",5.0362,-0.6029,"Male",15,"JHS 3-SHS 1","Boarding","JHS","Professional","Low (<GHS 800)",5,"Both parents",66,76,66,69,69.2,77.3,3.5,"No","Yes","Yes","Never",8.9,"Never","Yes","Good",1.6
"GESS-S1443","SCH-094","Eastern",6.3052,-0.9427,"Male",16,"SHS 2-3","Day","JHS","Civil Servant","Mid (GHS 800-2000)",5,"Both parents",47,64,45,49,51.2,98.5,NA,"No","Yes","Yes","Often",7.4,"Sometimes","Yes","Average",NA
"GESS-S1444","SCH-038","Volta",6.4525,0.8765,"Male",15,"JHS 3-SHS 1","Boarding","None","Farmer","Low (<GHS 800)",4,"Orphan",65,53,67,63,62,74.7,2.3,"Yes","Yes","Yes","Never",8.8,"Sometimes","Yes","Good",4
"GESS-S1445","SCH-072","Western North",5.8418,-2.8789,"Male",16,"SHS 2-3","Day","Tertiary","Trader","Low (<GHS 800)",9,"Both parents",57,57,56,67,59.2,85.1,2.2,"Yes","Yes","Yes","Never",4.7,"Daily","Yes","Good",2.7
"GESS-S1446","SCH-045","Northern",9.4242,-0.8915,"Female",11,"JHS 1-2","Day","Tertiary","Trader","High (>GHS 2000)",7,"Both parents",69,74,74,73,72.5,90.8,4.1,"No","Yes","No","Never",5.8,"Sometimes","Yes","Excellent",1
"GESS-S1447","SCH-019","Savannah",8.6326,-2.2109,"Male",13,"JHS 1-2","Day","None","Farmer",NA,3,"Both parents",73,70,64,66,68.2,70.4,3,"Yes","Yes","No","Sometimes",6.5,"Never","Yes","Good",0.1
"GESS-S1448","SCH-035","Savannah",9.3083,-1.5104,"Female",12,"JHS 1-2","Day","SHS","Professional","Mid (GHS 800-2000)",7,"Single parent",69,68,81,83,75.2,65,5.6,"No","No","No","Never",5.4,"Never","Yes","Excellent",NA
"GESS-S1449","SCH-058","Greater Accra",5.5836,0.0878,"Female",11,"JHS 1-2","Day","JHS","Artisan","Low (<GHS 800)",3,"Single parent",54,NA,55,59,55.8,74,2.6,"No","No","No","Never",7.6,"Sometimes","Yes","Good",3.5
"GESS-S1450","SCH-018","Eastern",6.8816,-0.6113,"Female",19,"SHS 3+","Day","JHS","Artisan","Mid (GHS 800-2000)",4,"Orphan",79,46,74,66,66.2,96.5,2.5,"No","Yes","No","Sometimes",7.4,"Daily","Yes","Good",1.1
"GESS-S1451","SCH-008","Northern",9.1611,-0.9069,"Female",13,"JHS 1-2","Day","None","Farmer","Low (<GHS 800)",2,"Both parents",67,72,52,51,60.5,81.6,1.5,"No","No","No","Never",6.6,"Daily","Yes","Good",3.4
"GESS-S1452","SCH-097","Bono East",7.8851,-1.6999,"Male",15,"JHS 3-SHS 1","Boarding","SHS","Artisan","Mid (GHS 800-2000)",3,"Single parent",93,NA,85,83,85,87.1,2.4,"Yes","Yes","Yes","Sometimes",3.8,"Never","Yes","Excellent",0.4
"GESS-S1453","SCH-074","Eastern",6.0446,-0.9016,"Female",14,"JHS 3-SHS 1","Boarding","Primary","Artisan","Mid (GHS 800-2000)",7,"Single parent",70,71,58,75,68.5,83.7,4.3,"No","Yes","No","Never",5.3,"Never","Yes","Good",2.3
"GESS-S1454","SCH-037","Western North",6.7167,-2.1119,"Female",14,"JHS 3-SHS 1","Day","None","Farmer","Mid (GHS 800-2000)",3,"Single parent",69,47,70,80,66.5,91.4,4.7,"No","Yes","Yes","Often",4.9,"Daily","Yes","Good",3.6
"GESS-S1455","SCH-055","Ashanti",7.2463,-1.9828,"Male",14,"JHS 3-SHS 1","Boarding","None","Artisan",NA,5,"Both parents",48,NA,44,50,47.8,72.7,5.4,"No","No","No","Often",6.1,"Sometimes","No","Average",4.2
"GESS-S1456","SCH-020","North East",10.9225,-0.1618,"Female",18,"SHS 3+","Day","None","Unemployed","Mid (GHS 800-2000)",4,"Both parents",72,63,43,68,61.5,71.9,3.6,"No","No","No","Never",7.5,"Daily","Yes","Good",2.3
"GESS-S1457","SCH-014","Savannah",8.7543,-2.2512,"Female",16,"SHS 2-3","Boarding","Primary","Civil Servant","High (>GHS 2000)",6,"Both parents",67,68,49,51,58.8,67.9,2,"No","No","No","Sometimes",6,"Sometimes","Yes","Good",3.1
"GESS-S1458","SCH-040","Greater Accra",5.5831,-0.3972,"Female",12,"JHS 1-2","Boarding","Primary","Artisan",NA,3,"Both parents",82,70,78,86,79,94.6,3.3,"No","Yes","No","Never",10,"Never","Yes","Excellent",0.7
"GESS-S1459","SCH-012","Ashanti",6.9872,-1.3293,"Female",12,"JHS 1-2","Day","Primary","Trader","Mid (GHS 800-2000)",5,"Both parents",59,85,71,61,69,80.6,3.1,"No","Yes","No","Never",5.4,"Never","Yes","Good",2.1
"GESS-S1460","SCH-036","Upper West",10.2544,-1.9382,"Female",17,"SHS 2-3","Day","SHS","Trader","Low (<GHS 800)",1,"Both parents",82,82,73,62,74.8,86.1,4.4,"Yes","No","No","Sometimes",10,"Never","Yes","Excellent",2.5
"GESS-S1461","SCH-024","Ashanti",6.7635,-2.0014,"Female",13,"JHS 1-2","Day","Primary","Farmer","Low (<GHS 800)",6,"Both parents",37,25,18,20,25,83.8,3.1,"No","Yes","No","Often",6.9,"Sometimes","No","Below Average",4.4
"GESS-S1462","SCH-062","Western North",6.8785,-2.8651,"Female",16,"SHS 2-3","Boarding","SHS","Artisan","Low (<GHS 800)",5,"Single parent",100,99,91,100,97.5,89.3,3,"No","No","No","Never",2.8,"Daily","Yes","Excellent",0.9
"GESS-S1463","SCH-078","Western North",6.6933,-2.4585,"Male",18,"SHS 3+","Boarding","SHS","Farmer","Mid (GHS 800-2000)",2,"Both parents",75,69,74,79,74.2,76.8,2.6,"Yes","Yes","Yes","Never",5.4,"Daily","Yes","Excellent",1.6
"GESS-S1464","SCH-040","Western",4.948,-2.1932,"Male",13,"JHS 1-2","Day","Tertiary","Artisan","Low (<GHS 800)",4,"Both parents",62,65,52,48,56.8,72.3,2.3,"No","Yes","Yes","Sometimes",4,"Sometimes","Yes","Good",NA
"GESS-S1465","SCH-082","Ashanti",6.5126,-1.4961,"Male",17,"SHS 2-3","Day","SHS","Professional","Mid (GHS 800-2000)",5,"Both parents",42,43,48,40,43.2,80,2.3,"No","Yes","Yes","Never",3.7,"Sometimes","No","Average",1.9
"GESS-S1466","SCH-084","Greater Accra",5.7415,-0.78,"Female",18,"SHS 3+","Day","None","Civil Servant","Low (<GHS 800)",7,"Both parents",66,41,68,62,59.2,70.6,2.5,"Yes","Yes","No","Sometimes",4.6,"Daily","Yes","Good",1.2
"GESS-S1467","SCH-068","Western North",6.5108,-3.2595,"Female",13,"JHS 1-2","Boarding","Primary","Farmer","Low (<GHS 800)",4,"Single parent",56,60,53,48,54.2,69.2,3.8,"Yes","Yes","Yes","Sometimes",7.2,"Sometimes","Yes","Average",5.6
"GESS-S1468","SCH-009","Bono",7.2745,-2.7102,"Female",18,"SHS 3+","Day","None","Farmer","Mid (GHS 800-2000)",5,"Both parents",62,68,58,65,63.2,NA,0.8,"No","No","No","Never",6.2,"Sometimes","Yes","Good",1
"GESS-S1469","SCH-015","Northern",9.0887,-0.3405,"Female",21,"SHS 3+","Boarding","None","Civil Servant","Mid (GHS 800-2000)",4,"Both parents",62,49,54,69,58.5,74.5,2.6,"Yes","No","No","Never",4.1,"Daily","Yes","Good",4.2
"GESS-S1470","SCH-093","Eastern",6.8976,0.0476,"Male",15,"JHS 3-SHS 1","Boarding","SHS","Professional","Low (<GHS 800)",4,"Single parent",65,70,67,66,67,NA,3.8,"No","Yes","No","Sometimes",7.9,"Never","Yes","Good",1.5
"GESS-S1471","SCH-099","Upper East",10.4879,-0.9465,"Male",19,"SHS 3+","Day","None","Artisan","Low (<GHS 800)",4,"Both parents",69,56,40,63,57,56.6,1.9,"No","No","No","Never",6.1,"Sometimes","Yes","Good",5.1
"GESS-S1472","SCH-030","Ashanti",6.3763,-2.1205,"Male",14,"JHS 3-SHS 1","Day","None","Unemployed","High (>GHS 2000)",7,"Orphan",89,75,73,81,79.5,97,3.1,"Yes","Yes","Yes","Never",5.7,"Sometimes","Yes","Excellent",2.3
"GESS-S1473","SCH-029","Western",4.6479,-2.6943,"Female",13,"JHS 1-2","Day","Primary","Artisan","Low (<GHS 800)",7,"Both parents",71,53,74,70,67,77.5,1.9,"Yes","Yes","Yes","Never",6.8,"Sometimes","Yes","Good",4.5
"GESS-S1474","SCH-003","Bono East",8.1177,-1.219,"Female",12,"JHS 1-2","Boarding","None","Artisan","High (>GHS 2000)",7,"Both parents",96,80,97,80,88.2,74.6,4.6,"No","No","No","Never",8,"Daily","Yes","Excellent",NA
"GESS-S1475","SCH-047","Volta",6.4471,0.1813,"Male",21,"SHS 3+","Day","SHS","Farmer","Mid (GHS 800-2000)",6,"Single parent",58,46,64,69,59.2,89.1,2.2,"Yes","Yes","No","Never",5.2,"Never","Yes","Good",1.9
"GESS-S1476","SCH-054","North East",10.963,0.1521,"Male",12,"JHS 1-2","Boarding","None","Artisan","High (>GHS 2000)",1,"Single parent",67,59,57,63,61.5,81.7,3.3,"Yes","Yes","No","Sometimes",6,"Sometimes","Yes","Good",1.4
"GESS-S1477","SCH-009","Ashanti",6.5547,-2.1119,"Female",18,"SHS 3+","Day","Primary","Farmer","Mid (GHS 800-2000)",7,"Both parents",62,61,63,66,63,78.3,2.9,"No","Yes","No","Never",5.9,"Daily","Yes","Good",0.9
"GESS-S1478","SCH-050","Northern",9.9526,-0.6747,"Male",12,"JHS 1-2","Boarding","SHS","Artisan","Mid (GHS 800-2000)",2,"Both parents",69,65,68,55,64.2,94.1,5.2,"Yes","Yes","No","Never",6.1,"Sometimes","Yes","Good",3.2
"GESS-S1479","SCH-031","Savannah",8.5881,-1.6259,"Male",14,"JHS 3-SHS 1","Boarding","None","Farmer","Mid (GHS 800-2000)",5,"Both parents",35,39,NA,26,36,96.7,6.6,"No","Yes","No","Never",7.2,"Sometimes","No","Below Average",3
"GESS-S1480","SCH-061","Upper East",10.2133,-0.5759,"Male",15,"JHS 3-SHS 1","Day","Primary","Trader","Low (<GHS 800)",2,"Single parent",43,31,36,40,37.5,82.5,NA,"Yes","No","No","Sometimes",4.8,"Sometimes","No","Below Average",4.2
"GESS-S1481","SCH-064","Greater Accra",6.11,0.1886,"Male",15,"JHS 3-SHS 1","Boarding","Primary","Trader","Low (<GHS 800)",8,"Both parents",74,48,49,60,57.8,NA,4.3,"Yes","Yes","No","Sometimes",7.7,"Never","Yes","Good",1.9
"GESS-S1482","SCH-039","Greater Accra",6.1163,-0.1933,"Male",16,"SHS 2-3","Boarding","Primary","Civil Servant","High (>GHS 2000)",4,"Both parents",59,64,NA,61,66.5,73,4.8,"No","No","No","Never",5.1,"Daily","Yes","Good",4.9
"GESS-S1483","SCH-026","Western",4.6473,-1.7636,"Female",15,"JHS 3-SHS 1","Day","JHS",NA,"Low (<GHS 800)",7,"Both parents",74,67,66,72,69.8,91.5,2,"No","Yes","No","Often",10,"Never","Yes","Good",2.6
"GESS-S1484","SCH-043","Central",5.1294,-1.3048,"Female",19,"SHS 3+","Boarding","JHS","Trader","Mid (GHS 800-2000)",5,"Both parents",56,56,60,64,59,95.6,4.3,"No","No","No","Never",5.7,"Sometimes","Yes","Good",1.8
"GESS-S1485","SCH-089","Ashanti",6.375,-1.6478,"Male",11,"JHS 1-2","Day","JHS","Farmer","Mid (GHS 800-2000)",5,"Single parent",66,55,56,58,58.8,70.4,3.4,"No","Yes","No","Never",4.8,"Daily","Yes","Good",4.2
"GESS-S1486","SCH-090","Western North",6.193,-3.1454,"Female",13,"JHS 1-2","Boarding","Tertiary","Farmer","Mid (GHS 800-2000)",6,"Both parents",41,45,45,42,43.2,69.4,4.5,"No","Yes","Yes","Sometimes",5.6,"Sometimes","No","Average",5.4
"GESS-S1487","SCH-052","Ahafo",7.3623,-2.1839,"Female",16,"SHS 2-3","Day","JHS",NA,"Mid (GHS 800-2000)",6,"Single parent",55,64,59,53,57.8,85.4,2.9,"No","No","Yes","Never",8,"Daily","Yes","Good",2.6
"GESS-S1488","SCH-057","Central",5.973,-1.1725,"Male",17,"SHS 2-3","Day","Primary","Farmer","Low (<GHS 800)",2,"Both parents",58,48,41,47,48.5,81.9,NA,"Yes","No","No","Sometimes",6.7,"Sometimes","No","Average",3.6
"GESS-S1489","SCH-049","Northern",8.9862,-1.2286,"Male",13,"JHS 1-2","Day","SHS","Farmer","Mid (GHS 800-2000)",7,"Single parent",56,54,37,49,49,59.8,4.5,"No","Yes","No","Sometimes",5.8,"Daily","No","Average",4.1
"GESS-S1490","SCH-013","North East",10.8846,0.0231,"Female",14,"JHS 3-SHS 1","Boarding","SHS","Trader","Low (<GHS 800)",1,"Both parents",46,19,24,28,29.2,NA,1.8,"No","No","No","Sometimes",4.5,"Sometimes","No","Below Average",3.5
"GESS-S1491","SCH-075","Oti",7.3104,0.3324,"Female",17,"SHS 2-3","Day","Tertiary","Farmer","Mid (GHS 800-2000)",2,"Single parent",91,76,78,82,81.8,75.3,4.9,"No","No","No","Often",4.5,"Sometimes","Yes","Excellent",0.9
"GESS-S1492","SCH-067","Western",5.6307,-1.9242,"Male",14,"JHS 3-SHS 1","Boarding","SHS","Unemployed","Mid (GHS 800-2000)",3,"Both parents",72,57,59,55,60.8,96.3,3.3,"No","Yes","No","Never",4.2,"Never","Yes","Good",2.1
"GESS-S1493","SCH-075","Volta",7.5155,0.6564,"Male",15,"JHS 3-SHS 1","Day","Primary","Civil Servant","High (>GHS 2000)",2,"Both parents",73,64,67,49,63.2,98,1.6,"Yes","Yes","No","Often",7.4,"Sometimes","Yes","Good",2.1
"GESS-S1494","SCH-010","Greater Accra",6.0806,-0.468,"Male",16,"SHS 2-3","Day","SHS",NA,NA,3,"Both parents",45,51,44,47,46.8,NA,2.6,"No","No","Yes","Never",5.5,"Daily","No","Average",3
"GESS-S1495","SCH-064","Volta",6.9156,-0.001,"Male",18,"SHS 3+","Day","Tertiary","Professional",NA,5,"Both parents",83,99,82,88,88,72.9,3.2,"Yes","Yes","No","Sometimes",3.4,"Never","Yes","Excellent",1.3
"GESS-S1496","SCH-014","Ahafo",6.8309,-2.6117,"Male",16,"SHS 2-3","Day","JHS","Trader","Mid (GHS 800-2000)",4,"Single parent",78,NA,68,78,73.8,73.4,2.8,"No","Yes","No","Often",NA,"Never","Yes","Excellent",1.5
"GESS-S1497","SCH-019","Western North",6.6959,-3.1427,"Female",13,"JHS 1-2","Boarding","JHS","Professional","Mid (GHS 800-2000)",6,"Single parent",69,75,72,69,71.2,76.7,3.5,"Yes","No","No","Never",8.2,"Daily","Yes","Excellent",2.8
"GESS-S1498","SCH-083","Upper East",10.9291,-1.0848,"Female",14,"JHS 3-SHS 1","Day","Tertiary","Trader","Mid (GHS 800-2000)",3,"Orphan",50,55,53,47,51.2,79.7,3,"No","Yes","No","Never",6.7,"Daily","Yes","Average",3.1
"GESS-S1499","SCH-077","Ashanti",7.2129,-1.0809,"Male",13,"JHS 1-2","Boarding","SHS","Farmer","Mid (GHS 800-2000)",3,"Orphan",73,48,NA,67,60.8,85.5,2.8,"Yes","No","No","Never",7.3,"Sometimes","Yes","Good",2.4
"GESS-S1500","SCH-050","Upper West",9.8036,-2.3962,"Female",13,"JHS 1-2","Day","JHS","Civil Servant","Low (<GHS 800)",3,"Both parents",67,NA,69,48,59,71.5,1.2,"Yes","No","No","Never",6,"Sometimes","Yes","Good",3.6
"GESS-S1501","SCH-014","Northern",10.0241,-0.9701,"Female",11,"JHS 1-2","Day","None","Artisan","Low (<GHS 800)",5,"Single parent",79,NA,77,82,79,88.4,1,"Yes","Yes","No","Never",5.2,"Never","Yes","Excellent",1.4
"GESS-S1502","SCH-059","Ahafo",7.1327,-2.3611,"Male",17,"SHS 2-3","Day","JHS","Civil Servant","Low (<GHS 800)",5,"Single parent",30,31,50,36,36.8,80.4,3.7,"No","No","No","Often",5.5,"Never","No","Below Average",5
"GESS-S1503","SCH-022","Ashanti",7.2531,-2.1976,"Female",19,"SHS 3+","Boarding","None","Artisan","Mid (GHS 800-2000)",8,"Both parents",64,NA,85,66,67.8,80.9,1.4,"No","Yes","No","Never",7.4,"Daily","Yes","Good",3.9
"GESS-S1504","SCH-092","Western",4.919,-1.7595,"Female",15,"JHS 3-SHS 1","Day","Primary","Trader","High (>GHS 2000)",2,"Both parents",67,58,71,70,66.5,75.5,2.7,"No","Yes","Yes","Never",2.8,"Daily","Yes","Good",1.7
"GESS-S1505","SCH-086","Ashanti",6.7383,-1.6198,"Female",14,"JHS 3-SHS 1","Boarding","SHS","Civil Servant","Mid (GHS 800-2000)",5,"Single parent",67,83,69,78,74.2,77.1,3.1,"Yes","No","No","Never",7.6,"Daily","Yes","Excellent",0.7
"GESS-S1506","SCH-042","Greater Accra",5.6651,-0.3171,"Male",18,"SHS 3+","Day","Primary","Artisan","Mid (GHS 800-2000)",7,"Single parent",83,75,NA,73,80.8,88.2,4.5,"No","No","No","Never",2.5,"Never","Yes","Excellent",2.7
"GESS-S1507","SCH-087","Oti",7.3778,0.738,"Male",17,"SHS 2-3","Day","SHS","Civil Servant","Mid (GHS 800-2000)",5,"Both parents",48,39,57,39,45.8,88.1,3.7,"No","No","Yes","Sometimes",3.7,"Sometimes","No","Average",2.8
"GESS-S1508","SCH-036","Eastern",6.3648,-0.3071,"Female",15,"JHS 3-SHS 1","Day","None","Civil Servant",NA,1,"Both parents",35,22,32,47,34,79.9,3.3,"Yes","No","No","Sometimes",4.3,"Daily","No","Below Average",4
"GESS-S1509","SCH-097","Ashanti",6.3159,-1.2975,"Male",19,"SHS 3+","Day","Tertiary","Farmer","Mid (GHS 800-2000)",9,"Both parents",37,72,57,54,55,79.2,3.8,"No","No","Yes","Often",6,"Never","Yes","Average",3.6
"GESS-S1510","SCH-050","Bono East",8.0504,-1.4287,"Male",17,"SHS 2-3","Day","Primary","Farmer","Mid (GHS 800-2000)",3,"Single parent",62,60,48,40,52.5,59.6,3.2,"Yes","No","No","Never",5.2,"Daily","Yes","Average",4.3
"GESS-S1511","SCH-057","Ashanti",6.2921,-2.065,"Male",17,"SHS 2-3","Boarding","Tertiary","Farmer","Mid (GHS 800-2000)",7,"Both parents",61,53,65,72,62.8,77,5,"No","Yes","No","Never",6.6,"Sometimes","Yes","Good",2.1
"GESS-S1512","SCH-087","Bono",7.5375,-2.7666,"Male",20,"SHS 3+","Boarding","Primary","Trader","Mid (GHS 800-2000)",6,"Single parent",34,61,48,64,51.8,99.6,3,"No","No","Yes","Often",6.5,"Sometimes","Yes","Average",2.4
"GESS-S1513","SCH-095","Northern",9.0406,-1.3254,"Male",14,"JHS 3-SHS 1","Day","JHS","Trader","Low (<GHS 800)",7,"Both parents",69,47,59,55,57.5,74.7,1.5,"Yes","No","No","Never",7.7,"Never","Yes","Good",4
"GESS-S1514","SCH-093","Western North",5.8434,-2.963,"Female",17,"SHS 2-3","Boarding","JHS","Trader","High (>GHS 2000)",7,"Both parents",63,75,68,79,71.2,81.7,4.5,"Yes","Yes","No","Sometimes",7.9,"Sometimes","Yes","Excellent",1.5
"GESS-S1515","SCH-010","Ashanti",6.667,-1.7559,"Male",16,"SHS 2-3","Day","SHS","Civil Servant","Low (<GHS 800)",1,"Both parents",54,24,55,49,45.5,64.5,4.1,"No","No","No","Never",7.1,"Never","No","Average",4.4
"GESS-S1516","SCH-005","Volta",6.9458,0.1009,"Female",17,"SHS 2-3","Boarding","SHS",NA,NA,8,"Both parents",51,54,49,55,52.2,76.8,3,"No","Yes","Yes","Sometimes",1.7,"Never","Yes","Average",3.1
"GESS-S1517","SCH-076","Bono",7.9444,-2.8551,"Female",15,"JHS 3-SHS 1","Day","SHS","Unemployed","Low (<GHS 800)",2,"Both parents",59,45,63,50,54.2,69.5,1.3,"No","No","Yes","Never",6.9,"Never","Yes","Average",NA
"GESS-S1518","SCH-074","Greater Accra",5.9798,0.1192,"Male",13,"JHS 1-2","Day","Primary","Farmer","Low (<GHS 800)",3,"Single parent",42,46,49,52,47.2,72.4,5.4,"Yes","No","Yes","Never",5.3,"Daily","No","Average",2.4
"GESS-S1519","SCH-005","Northern",9.6535,-0.666,"Male",17,"SHS 2-3","Boarding","None","Farmer","High (>GHS 2000)",5,"Both parents",35,36,22,20,28.2,89,4.4,"Yes","No","No","Never",6.1,"Never","No","Below Average",2.8
"GESS-S1520","SCH-003","Western North",6.7512,-3.2396,"Female",14,"JHS 3-SHS 1","Day","JHS","Artisan","Mid (GHS 800-2000)",5,"Single parent",54,45,28,36,40.8,70.6,1.5,"Yes","No","No","Sometimes",6.2,"Daily","No","Average",3.3
"GESS-S1521","SCH-083","Eastern",5.8811,-0.0645,"Female",13,"JHS 1-2","Day","Primary","Farmer","Mid (GHS 800-2000)",2,"Single parent",71,61,NA,57,67.5,74.5,1.5,"No","No","No","Never",5,"Never","Yes","Good",1.1
"GESS-S1522","SCH-094","Ashanti",6.6502,-1.0796,"Male",14,"JHS 3-SHS 1","Boarding","JHS","Trader","Low (<GHS 800)",4,"Both parents",74,76,NA,75,75.5,84.1,2,"No","Yes","Yes","Never",6,"Daily","Yes","Excellent",2
"GESS-S1523","SCH-086","Greater Accra",6.0006,-0.2952,"Female",12,"JHS 1-2","Day","Tertiary","Artisan","Mid (GHS 800-2000)",6,"Both parents",76,74,65,49,66,51.2,0.9,"Yes","No","Yes","Never",7.1,"Sometimes","Yes","Good",5.7
"GESS-S1524","SCH-019","Western North",6.6057,-2.9257,"Female",16,"SHS 2-3","Boarding","SHS","Trader","Low (<GHS 800)",7,"Both parents",58,59,66,77,65,79.7,2.6,"Yes","No","Yes","Never",5.3,"Daily","Yes","Good",2.8
"GESS-S1525","SCH-070","Volta",7.2973,-0.021,"Male",15,"JHS 3-SHS 1","Boarding","JHS","Farmer","Low (<GHS 800)",2,"Orphan",75,80,65,65,71.2,99.6,3.7,"Yes","No","No","Sometimes",7.7,"Daily","Yes","Excellent",2.9
"GESS-S1526","SCH-084","Volta",6.7389,0.9844,"Female",15,"JHS 3-SHS 1","Boarding","SHS","Professional","Mid (GHS 800-2000)",4,"Single parent",49,49,48,53,49.8,95.7,2.2,"No","Yes","No","Sometimes",6.3,"Daily","No","Average",NA
"GESS-S1527","SCH-051","Bono East",7.9678,-2.1643,"Male",14,"JHS 3-SHS 1","Boarding","SHS","Trader","High (>GHS 2000)",5,"Both parents",92,85,76,74,81.8,84.7,4.6,"Yes","No","No","Never",8,"Sometimes","Yes","Excellent",1
"GESS-S1528","SCH-069","Ahafo",6.4885,-3.0933,"Female",14,"JHS 3-SHS 1","Boarding","None","Artisan",NA,2,"Both parents",47,41,34,41,40.8,80.8,NA,"Yes","No","No","Never",NA,"Sometimes","No","Average",4.6
"GESS-S1529","SCH-070","Greater Accra",5.8536,-0.179,"Male",13,"JHS 1-2","Day","Primary","Farmer","High (>GHS 2000)",6,"Both parents",36,60,58,54,52,91.3,1.3,"Yes","No","No","Sometimes",4.8,"Daily","Yes","Average",2.2
"GESS-S1530","SCH-070","Upper West",10.1151,-3.0851,"Female",19,"SHS 3+","Boarding","Primary","Trader","Mid (GHS 800-2000)",3,"Single parent",73,80,76,73,75.5,68.8,2.4,"Yes","Yes","No","Sometimes",10,"Never","Yes","Excellent",1.4
"GESS-S1531","SCH-068","Greater Accra",5.5097,-0.5658,"Female",17,"SHS 2-3","Boarding","SHS","Professional","High (>GHS 2000)",5,"Single parent",35,35,58,46,43.5,80.7,4,"Yes","Yes","No","Never",5.7,"Daily","No","Average",2
"GESS-S1532","SCH-068","Greater Accra",5.1479,0.3566,"Female",14,"JHS 3-SHS 1","Boarding","SHS","Artisan","High (>GHS 2000)",2,"Single parent",43,58,60,55,54,100,2.1,"No","No","No","Often",7.2,"Daily","Yes","Average",3.2
"GESS-S1533","SCH-039","Greater Accra",5.1671,-0.3444,"Female",11,"JHS 1-2","Day","SHS","Professional","Mid (GHS 800-2000)",5,"Both parents",78,70,68,74,72.5,88.7,2.8,"Yes","No","No","Never",5.5,"Never","Yes","Excellent",3
"GESS-S1534","SCH-100","Eastern",5.8541,-0.8961,"Male",17,"SHS 2-3","Boarding","SHS","Farmer","Low (<GHS 800)",5,"Both parents",72,66,77,82,74.2,93.5,2.6,"Yes","No","No","Never",5.9,"Sometimes","Yes","Excellent",1
"GESS-S1535","SCH-024","Greater Accra",5.2841,0.4008,"Male",14,"JHS 3-SHS 1","Day","Primary","Farmer","Low (<GHS 800)",6,"Both parents",73,74,66,60,68.2,87,3.5,"No","No","No","Never",5.2,"Sometimes","Yes","Good",3.3
"GESS-S1536","SCH-100","Central",5.8692,-1.6267,"Male",14,"JHS 3-SHS 1","Boarding","JHS","Farmer","High (>GHS 2000)",6,"Both parents",71,75,69,82,74.2,93.6,3.7,"No","Yes","No","Sometimes",2.4,"Sometimes","Yes","Excellent",0
"GESS-S1537","SCH-099","Greater Accra",5.5023,-0.5772,"Female",13,"JHS 1-2","Boarding","Primary","Artisan","Low (<GHS 800)",9,"Single parent",92,76,NA,71,78.2,68.5,3,"No","Yes","No","Sometimes",3.5,"Daily","Yes","Excellent",4.6
"GESS-S1538","SCH-006","Central",5.1309,-0.8091,"Female",17,"SHS 2-3","Day","Primary","Trader","High (>GHS 2000)",9,"Both parents",59,77,53,74,65.8,75.8,4.1,"No","Yes","No","Sometimes",4.6,"Sometimes","Yes","Good",1.9
"GESS-S1539","SCH-043","Bono",8.1653,-2.0322,"Male",16,"SHS 2-3","Boarding","Primary","Trader","High (>GHS 2000)",5,"Single parent",89,71,89,84,83.2,79.3,2.6,"Yes","Yes","Yes","Never",8.5,"Daily","Yes","Excellent",2.1
"GESS-S1540","SCH-078","Greater Accra",5.2676,-0.0773,"Female",16,"SHS 2-3","Day","None","Trader","Mid (GHS 800-2000)",4,"Single parent",47,81,72,66,66.5,96.7,3.4,"No","Yes","Yes","Never",9.1,"Sometimes","Yes","Good",1.3
"GESS-S1541","SCH-044","Upper West",10.2397,-2.5495,"Male",14,"JHS 3-SHS 1","Boarding","SHS","Trader","High (>GHS 2000)",7,"Single parent",61,56,71,57,61.2,83.3,4.7,"No","Yes","No","Never",3.9,"Never","Yes","Good",2.7
"GESS-S1542","SCH-045","Greater Accra",6.1076,-0.4228,"Female",18,"SHS 3+","Day","Primary","Trader","Mid (GHS 800-2000)",8,"Single parent",61,64,83,65,68.2,90.6,2,"No","Yes","No","Often",4.9,"Sometimes","Yes","Good",2.6
"GESS-S1543","SCH-049","Western North",5.8765,-3.212,"Male",15,"JHS 3-SHS 1","Boarding","None","Farmer","Low (<GHS 800)",7,"Orphan",66,59,70,54,62.2,84.1,3.7,"Yes","No","No","Often",4.7,"Sometimes","Yes","Good",4.8
"GESS-S1544","SCH-056","Volta",6.9342,0.7764,"Male",14,"JHS 3-SHS 1","Day","JHS","Professional","Mid (GHS 800-2000)",8,"Both parents",52,54,53,49,52,100,2.7,"Yes","Yes","Yes","Sometimes",3.4,"Never","Yes","Average",5
"GESS-S1545","SCH-094","Northern",9.6097,-1.3156,"Female",15,"JHS 3-SHS 1","Day","Primary","Artisan","Mid (GHS 800-2000)",3,"Single parent",78,56,58,64,64,NA,4.3,"No","Yes","Yes","Never",7.5,"Daily","Yes","Good",1.6
"GESS-S1546","SCH-076","Upper East",10.5565,-0.8969,"Female",17,"SHS 2-3","Boarding","SHS","Civil Servant","Low (<GHS 800)",4,"Single parent",66,56,37,45,51,70.1,2.8,"Yes","Yes","No","Never",6.3,"Daily","Yes","Average",1.8
"GESS-S1547","SCH-056","Northern",9.1293,-0.2857,"Female",15,"JHS 3-SHS 1","Day","SHS","Farmer","Low (<GHS 800)",6,"Both parents",62,46,61,66,58.8,91.2,3.6,"No","Yes","No","Never",4.7,"Sometimes","Yes","Good",2.8
"GESS-S1548","SCH-008","Greater Accra",5.6025,0.3214,"Male",21,"SHS 3+","Day","SHS","Unemployed","Mid (GHS 800-2000)",5,"Orphan",42,36,39,33,37.5,63.3,5.2,"No","No","No","Sometimes",3.4,"Sometimes","No","Below Average",4.6
"GESS-S1549","SCH-023","Greater Accra",6.1214,0.2158,"Female",16,"SHS 2-3","Boarding","SHS","Trader","Low (<GHS 800)",5,"Both parents",39,49,40,54,45.5,89.2,1.8,"No","Yes","Yes","Never",3.3,"Daily","No","Average",5.9
"GESS-S1550","SCH-082","Western",5.6594,-2.2568,"Female",17,"SHS 2-3","Boarding","JHS","Artisan","Mid (GHS 800-2000)",4,"Both parents",61,51,70,64,61.5,69.9,3.8,"No","No","No","Never",7.6,"Never","Yes","Good",2.8
"GESS-S1551","SCH-040","Central",5.1235,-1.3043,"Female",16,"SHS 2-3","Day","JHS","Trader","Low (<GHS 800)",2,"Both parents",47,41,54,46,47,93,3.6,"No","No","No","Never",3.8,"Daily","No","Average",2.2
"GESS-S1552","SCH-076","Greater Accra",5.9568,-0.3911,"Male",14,"JHS 3-SHS 1","Boarding","Tertiary","Artisan","Low (<GHS 800)",6,"Both parents",73,61,55,60,62.2,77,4,"Yes","Yes","No","Sometimes",NA,"Never","Yes","Good",2.6
"GESS-S1553","SCH-054","Volta",6.806,0.7556,"Female",12,"JHS 1-2","Day","SHS","Professional","Low (<GHS 800)",2,"Both parents",77,76,79,71,75.8,65.3,1.9,"No","No","No","Often",3.7,"Daily","Yes","Excellent",1.8
"GESS-S1554","SCH-091","Greater Accra",5.5229,-0.4294,"Male",15,"JHS 3-SHS 1","Day","None","Trader","Mid (GHS 800-2000)",3,"Both parents",81,71,79,78,77.2,88.1,2.9,"No","No","No","Never",8.2,"Daily","Yes","Excellent",1.4
"GESS-S1555","SCH-003","Oti",7.6902,0.6904,"Male",17,"SHS 2-3","Boarding","SHS","Artisan","High (>GHS 2000)",9,"Both parents",90,66,65,65,71.5,82.8,4.1,"Yes","Yes","No","Often",4.7,"Sometimes","Yes","Excellent",2.2
"GESS-S1556","SCH-064","North East",10.7643,-0.0215,"Male",14,"JHS 3-SHS 1","Day","JHS","Artisan","Low (<GHS 800)",6,"Both parents",35,54,35,39,40.8,58.9,2.3,"No","No","No","Sometimes",6.2,"Daily","No","Average",5.4
"GESS-S1557","SCH-090","Northern",9.4851,-0.3561,"Male",13,"JHS 1-2","Day","Primary","Artisan","Mid (GHS 800-2000)",5,"Single parent",53,53,75,74,63.8,86.3,1.8,"No","No","No","Sometimes",4.5,"Sometimes","Yes","Good",2.6
"GESS-S1558","SCH-047","Bono East",8.2902,-1.402,"Female",13,"JHS 1-2","Day","JHS","Trader",NA,4,"Both parents",71,56,NA,61,65,75,3.8,"Yes","Yes","No","Never",6.7,"Daily","Yes","Good",2
"GESS-S1559","SCH-073","Oti",8.2442,0.1416,"Male",13,"JHS 1-2","Day","None","Farmer","Mid (GHS 800-2000)",4,"Both parents",54,64,71,66,63.8,91.6,1.3,"Yes","No","Yes","Never",4,"Daily","Yes","Good",3.3
"GESS-S1560","SCH-078","Upper East",11.3093,-1.1612,"Female",19,"SHS 3+","Day","None","Artisan","High (>GHS 2000)",6,"Both parents",81,60,54,58,63.2,53.7,5.2,"Yes","Yes","No","Often",7.1,"Never","Yes","Good",5.4
"GESS-S1561","SCH-038","Upper East",10.7432,-0.5457,"Female",16,"SHS 2-3","Boarding","JHS","Civil Servant","Mid (GHS 800-2000)",4,"Orphan",69,59,66,58,63,80.6,4.1,"Yes","Yes","No","Never",7.1,"Never","Yes","Good",0.7
"GESS-S1562","SCH-011","Western",4.9482,-1.6287,"Male",12,"JHS 1-2","Day","None","Trader","Mid (GHS 800-2000)",7,"Single parent",38,22,42,24,31.5,86.3,2.3,"No","Yes","Yes","Never",5.3,"Sometimes","No","Below Average",4.1
"GESS-S1563","SCH-056","Volta",7.5879,0.0043,"Female",12,"JHS 1-2","Boarding","SHS","Artisan","Mid (GHS 800-2000)",6,"Both parents",63,60,62,55,60,84.7,3.8,"Yes","No","No","Never",6.3,"Never","Yes","Good",1.3
"GESS-S1564","SCH-020","Oti",7.1757,0.2142,"Female",12,"JHS 1-2","Boarding","None","Civil Servant","Mid (GHS 800-2000)",5,"Both parents",22,31,15,33,25.2,91.3,3.9,"No","Yes","No","Never",2.6,"Sometimes","No","Below Average",4.1
"GESS-S1565","SCH-078","Bono",7.9473,-2.8477,"Female",13,"JHS 1-2","Boarding","None","Farmer","Mid (GHS 800-2000)",5,"Both parents",47,49,37,46,44.8,72.5,4,"No","Yes","No","Never",5.5,"Never","No","Average",2.7
"GESS-S1566","SCH-014","Western",5.6284,-1.5619,"Male",21,"SHS 3+","Boarding","JHS","Artisan","High (>GHS 2000)",4,"Both parents",69,NA,93,85,84,76.4,3.4,"No","Yes","No","Sometimes",8.7,"Daily","Yes","Excellent",1.8
"GESS-S1567","SCH-083","Ashanti",6.9523,-1.8751,"Female",15,"JHS 3-SHS 1","Boarding","None",NA,"Mid (GHS 800-2000)",6,"Both parents",65,46,63,53,56.8,75.1,2.6,"Yes","Yes","No","Never",5.8,"Daily","Yes","Good",4
"GESS-S1568","SCH-077","Upper West",10.0803,-2.3702,"Female",20,"SHS 3+","Day","SHS","Trader","Low (<GHS 800)",4,"Both parents",75,87,63,65,72.5,73.4,3.2,"No","No","No","Sometimes",4.5,"Daily","Yes","Excellent",3.1
"GESS-S1569","SCH-023","Central",5.728,-1.2802,"Male",18,"SHS 3+","Boarding","Tertiary","Artisan","High (>GHS 2000)",3,"Single parent",52,34,37,33,39,87.2,3.8,"No","Yes","Yes","Never",NA,"Daily","No","Below Average",3.5
"GESS-S1570","SCH-077","Greater Accra",6.1157,0.1285,"Male",17,"SHS 2-3","Day","Primary","Farmer","Low (<GHS 800)",4,"Both parents",72,41,55,53,55.2,84.6,1.7,"No","No","No","Never",4.5,"Daily","Yes","Good",2.1
"GESS-S1571","SCH-079","Ashanti",6.9445,-1.2235,"Female",12,"JHS 1-2","Day","Tertiary","Artisan","Low (<GHS 800)",3,"Both parents",51,42,70,48,52.8,69.6,3,"No","No","No","Often",7.4,"Never","Yes","Average",2.6
"GESS-S1572","SCH-089","Central",4.9834,-1.3923,"Male",18,"SHS 3+","Day","None","Unemployed","Mid (GHS 800-2000)",3,"Both parents",42,13,19,25,24.8,46.7,3.1,"No","Yes","Yes","Never",7.2,"Daily","No","Below Average",6.2
"GESS-S1573","SCH-026","North East",10.4236,-0.6174,"Male",16,"SHS 2-3","Boarding","Primary","Trader","Low (<GHS 800)",6,"Both parents",63,47,54,65,57.2,84.4,2.6,"No","No","No","Sometimes",5.3,"Daily","Yes","Good",0.8
"GESS-S1574","SCH-078","Bono East",8.3566,-1.0253,"Male",14,"JHS 3-SHS 1","Boarding","Primary","Artisan","Mid (GHS 800-2000)",9,"Single parent",69,74,85,68,74,100,5.3,"Yes","Yes","No","Never",9.6,"Never","Yes","Excellent",1.1
"GESS-S1575","SCH-039","North East",10.6114,-0.8833,"Male",13,"JHS 1-2","Day","SHS","Unemployed","Low (<GHS 800)",6,"Both parents",81,57,76,66,70,81,1.7,"No","Yes","Yes","Never",3.8,"Daily","Yes","Good",2.8
"GESS-S1576","SCH-042","Western North",6.6096,-3.1603,"Male",13,"JHS 1-2","Boarding","Primary","Farmer","Mid (GHS 800-2000)",3,"Both parents",63,38,62,54,54.2,100,2.6,"No","No","No","Sometimes",4.6,"Daily","Yes","Average",0.6
"GESS-S1577","SCH-065","Greater Accra",5.2361,-0.581,"Female",15,"JHS 3-SHS 1","Day","SHS","Farmer","Low (<GHS 800)",5,"Both parents",20,32,21,28,25.2,73.3,3.3,"No","Yes","Yes","Never",7.1,"Daily","No","Below Average",4.3
"GESS-S1578","SCH-003","Eastern",6.4222,-0.0347,"Male",15,"JHS 3-SHS 1","Day","Primary","Farmer","Mid (GHS 800-2000)",7,"Both parents",76,81,75,78,77.5,89.6,4.2,"No","No","No","Often",5.4,"Sometimes","Yes","Excellent",2
"GESS-S1579","SCH-058","Ashanti",6.7166,-2.1667,"Female",20,"SHS 3+","Day","JHS","Artisan","High (>GHS 2000)",6,"Both parents",61,58,47,50,54,81.1,3,"No","Yes","No","Never",6.1,"Never","Yes","Average",2.2
"GESS-S1580","SCH-039","Western North",6.8345,-3.1867,"Female",15,"JHS 3-SHS 1","Day","Primary",NA,"Low (<GHS 800)",5,"Both parents",57,59,73,73,65.5,56.9,4.7,"No","No","Yes","Sometimes",7.8,"Daily","Yes","Good",4.1
"GESS-S1581","SCH-036","Western North",6.4659,-2.6317,"Male",16,"SHS 2-3","Boarding","JHS","Trader","Low (<GHS 800)",3,"Single parent",83,58,67,70,69.5,76.4,2.1,"No","No","No","Often",6.4,"Daily","Yes","Good",1.7
"GESS-S1582","SCH-095","Western North",6.3578,-2.2482,"Female",19,"SHS 3+","Boarding","JHS","Farmer","Low (<GHS 800)",9,"Single parent",64,38,65,54,55.2,87.1,4.1,"No","No","Yes","Never",4.8,"Never","Yes","Good",3.2
"GESS-S1583","SCH-045","Greater Accra",5.4997,0.1737,"Male",18,"SHS 3+","Day","JHS","Farmer","Mid (GHS 800-2000)",6,"Single parent",36,21,38,35,32.5,92.2,2.2,"No","Yes","Yes","Sometimes",5.8,"Never","No","Below Average",3.7
"GESS-S1584","SCH-029","Greater Accra",5.6059,0.151,"Female",17,"SHS 2-3","Boarding","Tertiary","Artisan","Mid (GHS 800-2000)",8,"Single parent",53,58,50,42,50.8,82,6.7,"Yes","Yes","Yes","Never",5.2,"Daily","Yes","Average",2.6
"GESS-S1585","SCH-026","Ashanti",6.1114,-1.9316,"Female",15,"JHS 3-SHS 1","Day","None","Trader","Mid (GHS 800-2000)",4,"Orphan",83,88,80,83,83.5,83.9,3.2,"No","No","No","Never",5.3,"Daily","Yes","Excellent",0
"GESS-S1586","SCH-061","Greater Accra",5.1558,0.2046,"Male",14,"JHS 3-SHS 1","Day","None","Farmer","Low (<GHS 800)",6,"Both parents",62,69,70,61,65.5,75.2,2,"Yes","Yes","Yes","Never",2.3,"Daily","Yes","Good",2.1
"GESS-S1587","SCH-047","Northern",10.0888,-1.0877,"Male",16,"SHS 2-3","Boarding","JHS","Farmer","Mid (GHS 800-2000)",6,"Single parent",54,51,62,68,58.8,72.5,4.4,"No","No","No","Never",6.4,"Sometimes","Yes","Good",NA
"GESS-S1588","SCH-011","Ashanti",6.4669,-1.8547,"Female",14,"JHS 3-SHS 1","Day","JHS","Farmer","Mid (GHS 800-2000)",8,"Both parents",63,63,68,62,64,88.1,3.4,"No","Yes","Yes","Sometimes",8.4,"Daily","Yes","Good",3.1
"GESS-S1589","SCH-002","Greater Accra",5.1424,-0.2437,"Female",15,"JHS 3-SHS 1","Day","SHS","Farmer","High (>GHS 2000)",5,"Both parents",64,78,56,68,66.5,NA,3.2,"No","Yes","Yes","Never",NA,"Daily","Yes","Good",0.5
"GESS-S1590","SCH-060","Western",5.5121,-2.3154,"Male",16,"SHS 2-3","Day","JHS","Professional","Mid (GHS 800-2000)",7,"Orphan",83,77,62,75,74.2,78,3.6,"No","No","No","Often",2.9,"Daily","Yes","Excellent",3.1
"GESS-S1591","SCH-056","Western North",6.3713,-2.3528,"Female",16,"SHS 2-3","Boarding","Tertiary","Farmer","High (>GHS 2000)",4,"Both parents",54,35,51,70,52.5,93.4,5.6,"Yes","No","No","Never",3.5,"Daily","Yes","Average",2.1
"GESS-S1592","SCH-086","Ashanti",6.6184,-1.8589,"Male",15,"JHS 3-SHS 1","Boarding","SHS","Civil Servant","Mid (GHS 800-2000)",5,"Orphan",58,62,60,59,59.8,68.6,3.6,"Yes","No","Yes","Often",6.3,"Never","Yes","Good",1.3
"GESS-S1593","SCH-046","Ashanti",7.2236,-1.6126,"Female",17,"SHS 2-3","Day","None","Trader","Mid (GHS 800-2000)",5,"Single parent",72,76,67,73,72,91.3,2.8,"Yes","No","Yes","Never",10,"Sometimes","Yes","Excellent",1.7
"GESS-S1594","SCH-067","Ashanti",6.1057,-1.617,"Male",17,"SHS 2-3","Day","Tertiary","Trader","High (>GHS 2000)",6,"Single parent",70,89,NA,68,77.2,75.8,NA,"No","No","No","Never",3.8,"Daily","Yes","Excellent",2.9
"GESS-S1595","SCH-036","Bono East",7.4875,-1.4633,"Female",17,"SHS 2-3","Boarding","JHS","Farmer","Mid (GHS 800-2000)",3,"Both parents",55,73,72,76,69,90.7,2.3,"Yes","Yes","No","Never",7,"Never","Yes","Good",1.2
"GESS-S1596","SCH-014","Savannah",9.4079,-2.0045,"Male",17,"SHS 2-3","Day","Tertiary","Civil Servant","Mid (GHS 800-2000)",6,"Orphan",63,82,NA,61,65.8,82,4.1,"No","No","No","Never",7.7,"Daily","Yes","Good",2.6
"GESS-S1597","SCH-096","Ashanti",6.1729,-2.1153,"Female",16,"SHS 2-3","Boarding","JHS","Trader","High (>GHS 2000)",4,"Both parents",54,49,48,54,51.2,66.9,4.4,"Yes","No","Yes","Never",5.7,"Daily","Yes","Average",2.8
"GESS-S1598","SCH-074","Ashanti",6.5841,-1.6844,"Male",18,"SHS 3+","Boarding","Tertiary","Unemployed","Low (<GHS 800)",3,"Both parents",48,41,41,43,43.2,86.4,4.9,"Yes","No","No","Sometimes",8.4,"Never","No","Average",2.7
"GESS-S1599","SCH-046","Ashanti",6.3651,-1.9934,"Female",13,"JHS 1-2","Day","SHS","Farmer","Low (<GHS 800)",4,"Both parents",54,NA,61,52,54.2,82,0.6,"No","Yes","Yes","Sometimes",NA,"Never","Yes","Average",4.4
"GESS-S1600","SCH-073","Ashanti",6.8302,-1.3954,"Female",17,"SHS 2-3","Day","Tertiary","Artisan","High (>GHS 2000)",8,"Both parents",39,57,54,47,49.2,59.8,3.9,"No","Yes","No","Sometimes",5.6,"Never","No","Average",4.8
"GESS-S1601","SCH-054","Upper West",10.1385,-2.1988,"Female",15,"JHS 3-SHS 1","Boarding","SHS","Trader",NA,5,"Both parents",82,84,73,86,81.2,93.8,1.6,"Yes","Yes","No","Sometimes",3.1,"Daily","Yes","Excellent",1.6
"GESS-S1602","SCH-098","Ashanti",6.8725,-1.1462,"Female",19,"SHS 3+","Day","None","Trader","Low (<GHS 800)",6,"Single parent",68,70,52,60,62.5,81.6,2.6,"No","No","Yes","Never",8.2,"Never","Yes","Good",2.5
"GESS-S1603","SCH-046","Eastern",6.1047,0.1368,"Female",16,"SHS 2-3","Day","SHS","Professional","Low (<GHS 800)",6,"Both parents",45,62,45,49,50.2,77.4,3.4,"Yes","No","Yes","Sometimes",6.3,"Daily","Yes","Average",3.2
"GESS-S1604","SCH-056","Northern",9.533,-0.8039,"Male",16,"SHS 2-3","Day","JHS",NA,"Low (<GHS 800)",3,"Both parents",53,40,48,47,47,90.3,2.7,"No","No","No","Sometimes",4,"Never","No","Average",4.3
"GESS-S1605","SCH-048","Volta",6.7626,0.275,"Male",11,"JHS 1-2","Boarding","Tertiary","Farmer",NA,8,"Both parents",56,45,63,51,53.8,89.5,3.6,"No","Yes","Yes","Never",7.2,"Daily","Yes","Average",1.3
"GESS-S1606","SCH-066","Ashanti",7.2097,-1.3723,"Female",15,"JHS 3-SHS 1","Boarding","JHS","Farmer","High (>GHS 2000)",5,"Single parent",51,52,41,53,49.2,73.7,5.1,"Yes","Yes","No","Never",5.1,"Never","No","Average",5.7
"GESS-S1607","SCH-065","Western",5.0379,-1.6002,"Male",12,"JHS 1-2","Boarding","SHS","Trader","Mid (GHS 800-2000)",8,"Single parent",65,67,55,66,63.2,79.9,3.1,"Yes","No","No","Never",8.3,"Never","Yes","Good",0
"GESS-S1608","SCH-051","Volta",7.0171,-0.1165,"Female",14,"JHS 3-SHS 1","Boarding","None","Civil Servant","High (>GHS 2000)",4,"Both parents",48,51,70,73,60.5,70.1,4.6,"Yes","Yes","No","Sometimes",8.2,"Daily","Yes","Good",3.4
"GESS-S1609","SCH-019","Northern",9.8845,-0.2753,"Male",13,"JHS 1-2","Day","Tertiary","Civil Servant","Mid (GHS 800-2000)",6,"Both parents",65,67,75,82,72.2,83,1.8,"Yes","No","No","Sometimes",5.2,"Daily","Yes","Excellent",2.1
"GESS-S1610","SCH-017","Savannah",8.8447,-1.8666,"Male",16,"SHS 2-3","Day","SHS","Professional","Low (<GHS 800)",4,"Both parents",62,61,45,60,57,88.6,1,"Yes","No","No","Never",NA,"Never","Yes","Good",3.1
"GESS-S1611","SCH-013","Ashanti",6.8294,-2.1289,"Female",18,"SHS 3+","Boarding","Primary","Civil Servant","Low (<GHS 800)",5,"Both parents",63,57,33,54,51.8,82.8,5.1,"No","Yes","Yes","Never",2,"Sometimes","Yes","Average",2.5
"GESS-S1612","SCH-095","Northern",10.0348,-0.574,"Female",13,"JHS 1-2","Boarding","JHS","Trader","Low (<GHS 800)",9,"Both parents",80,68,72,68,72,75.8,5,"Yes","No","No","Never",5.6,"Daily","Yes","Excellent",0.8
"GESS-S1613","SCH-076","Ashanti",6.6873,-1.7132,"Female",16,"SHS 2-3","Boarding","None",NA,"Mid (GHS 800-2000)",7,"Both parents",68,64,58,56,61.5,81.5,3.6,"No","No","No","Never",3.7,"Daily","Yes","Good",2.5
"GESS-S1614","SCH-057","Bono",8.0731,-2.4072,"Male",16,"SHS 2-3","Day","SHS","Professional","Low (<GHS 800)",2,"Single parent",57,63,52,64,59,100,0.5,"No","Yes","Yes","Never",7.4,"Daily","Yes","Good",2.3
"GESS-S1615","SCH-005","Northern",9.4636,-1.0211,"Male",13,"JHS 1-2","Day","None",NA,NA,4,"Both parents",38,34,27,35,33.5,77.4,3.5,"No","Yes","No","Sometimes",6.4,"Never","No","Below Average",5.8
"GESS-S1616","SCH-096","Ashanti",6.3526,-2.0074,"Male",21,"SHS 3+","Boarding","SHS",NA,"Mid (GHS 800-2000)",3,"Both parents",85,64,91,73,78.2,73.5,1.9,"No","Yes","No","Never",6.7,"Never","Yes","Excellent",0.7
"GESS-S1617","SCH-033","Ashanti",6.7987,-1.5866,"Female",12,"JHS 1-2","Boarding","Tertiary","Trader","Mid (GHS 800-2000)",6,"Both parents",75,64,71,73,70.8,81.4,2.6,"No","No","Yes","Sometimes",5.6,"Never","Yes","Excellent",3.1
"GESS-S1618","SCH-002","Northern",9.9888,-0.8493,"Male",15,"JHS 3-SHS 1","Boarding","JHS","Farmer","Mid (GHS 800-2000)",7,"Both parents",51,36,48,57,48,81.6,3.7,"No","No","No","Never",4.9,"Never","No","Average",4.9
"GESS-S1619","SCH-058","Bono",7.4321,-2.5863,"Male",18,"SHS 3+","Day","JHS","Unemployed","High (>GHS 2000)",9,"Both parents",69,78,68,73,72,77.3,5,"Yes","Yes","Yes","Often",4.7,"Sometimes","Yes","Excellent",1.7
"GESS-S1620","SCH-087","Ashanti",6.9231,-1.6049,"Female",16,"SHS 2-3","Boarding","Primary","Professional","Mid (GHS 800-2000)",7,"Both parents",89,81,69,88,81.8,88.9,3.8,"Yes","Yes","No","Never",5,"Never","Yes","Excellent",2.9
"GESS-S1621","SCH-017","Volta",7.5535,0.6829,"Male",19,"SHS 3+","Day","JHS","Civil Servant","Mid (GHS 800-2000)",2,"Both parents",60,50,57,67,58.5,93.4,4.7,"Yes","No","Yes","Never",5.1,"Daily","Yes","Good",0.2
"GESS-S1622","SCH-040","Greater Accra",5.3507,0.3951,"Male",13,"JHS 1-2","Day","Primary",NA,"Low (<GHS 800)",7,"Both parents",63,40,50,57,52.5,70.6,2.9,"No","No","Yes","Never",4.6,"Daily","Yes","Average",4.1
"GESS-S1623","SCH-062","Northern",9.1564,-0.6248,"Male",15,"JHS 3-SHS 1","Boarding","JHS","Farmer","High (>GHS 2000)",4,"Both parents",80,69,63,67,69.8,72.4,3.5,"No","Yes","No","Never",5,"Daily","Yes","Good",2.6
"GESS-S1624","SCH-032","Ahafo",7.1274,-2.2161,"Male",14,"JHS 3-SHS 1","Boarding","Primary","Professional","Mid (GHS 800-2000)",6,"Both parents",73,62,84,68,71.8,67,3.2,"Yes","No","No","Never",3.1,"Sometimes","Yes","Excellent",2.8
"GESS-S1625","SCH-065","Northern",9.1523,-1.0901,"Female",14,"JHS 3-SHS 1","Boarding","Primary","Civil Servant","Mid (GHS 800-2000)",4,"Both parents",77,82,79,93,82.8,86.2,1.8,"No","No","No","Never",6.8,"Daily","Yes","Excellent",0
"GESS-S1626","SCH-037","Greater Accra",5.7617,-0.102,"Male",21,"SHS 3+","Day","SHS","Farmer","Low (<GHS 800)",7,"Single parent",70,58,69,73,67.5,87.2,2.3,"No","No","No","Never",5.4,"Never","Yes","Good",1.8
"GESS-S1627","SCH-003","Volta",6.8662,0.6967,"Female",15,"JHS 3-SHS 1","Boarding","JHS","Artisan","High (>GHS 2000)",5,"Single parent",48,39,47,46,45,78.7,4.7,"No","Yes","Yes","Never",NA,"Daily","No","Average",3.2
"GESS-S1628","SCH-060","Greater Accra",5.0334,-0.5431,"Male",16,"SHS 2-3","Day","Primary","Artisan","Mid (GHS 800-2000)",2,"Both parents",65,73,NA,78,72.2,88.6,5.2,"No","Yes","Yes","Never",7.2,"Sometimes","Yes","Excellent",2.3
"GESS-S1629","SCH-018","Upper West",10.0946,-3.0067,"Male",16,"SHS 2-3","Day","JHS","Artisan","Low (<GHS 800)",10,"Both parents",45,71,58,63,59.2,96.9,3.2,"No","Yes","No","Never",5.4,"Never","Yes","Good",3.1
"GESS-S1630","SCH-041","Upper East",10.6003,-1.4436,"Male",15,"JHS 3-SHS 1","Day","SHS","Civil Servant","Mid (GHS 800-2000)",1,"Both parents",52,58,49,40,49.8,92.1,4.7,"No","No","No","Never",5.8,"Sometimes","No","Average",3.2
"GESS-S1631","SCH-085","Greater Accra",5.8405,-0.7771,"Male",14,"JHS 3-SHS 1","Day","None","Civil Servant","Mid (GHS 800-2000)",4,"Both parents",46,35,48,43,43,71.4,4.9,"No","Yes","No","Never",2.9,"Never","No","Average",3.3
"GESS-S1632","SCH-065","Ashanti",6.286,-1.7249,"Male",15,"JHS 3-SHS 1","Boarding","Tertiary",NA,"Mid (GHS 800-2000)",11,"Both parents",100,95,100,100,98.8,89.6,1.8,"No","Yes","No","Never",6,"Sometimes","Yes","Excellent",0.7
"GESS-S1633","SCH-093","Bono East",7.7306,-1.8163,"Male",19,"SHS 3+","Day","SHS","Farmer","High (>GHS 2000)",8,"Both parents",73,58,74,65,67.5,68.8,0.8,"No","No","No","Sometimes",4.9,"Daily","Yes","Good",NA
"GESS-S1634","SCH-016","Ashanti",6.1865,-1.6618,"Male",14,"JHS 3-SHS 1","Day","Primary","Artisan","High (>GHS 2000)",5,"Both parents",64,69,74,54,65.2,60.3,2.5,"No","No","No","Never",8,"Daily","Yes","Good",3.3
"GESS-S1635","SCH-073","Northern",9.6652,-0.8908,"Female",19,"SHS 3+","Boarding","Primary","Farmer","Low (<GHS 800)",4,"Both parents",71,44,37,38,47.5,87.5,0.7,"Yes","No","No","Never",4.4,"Never","No","Average",2.4
"GESS-S1636","SCH-008","Greater Accra",5.0598,-0.4557,"Female",19,"SHS 3+","Day","None",NA,"High (>GHS 2000)",5,"Single parent",69,NA,84,83,73.2,96.5,5.2,"No","Yes","Yes","Sometimes",4.8,"Sometimes","Yes","Excellent",2.2
"GESS-S1637","SCH-051","Ashanti",6.9288,-1.3411,"Female",16,"SHS 2-3","Day","SHS","Trader","High (>GHS 2000)",7,"Both parents",63,62,57,63,61.2,72.5,2,"Yes","No","Yes","Sometimes",8.8,"Never","Yes","Good",4.1
"GESS-S1638","SCH-061","Greater Accra",5.2603,0.0118,"Male",21,"SHS 3+","Day","Primary","Farmer","Low (<GHS 800)",4,"Both parents",69,45,47,53,53.5,75.2,2.5,"Yes","No","No","Sometimes",5.5,"Never","Yes","Average",3
"GESS-S1639","SCH-032","North East",10.4733,-0.6336,"Male",14,"JHS 3-SHS 1","Boarding","SHS","Artisan","High (>GHS 2000)",1,"Both parents",61,38,50,39,47,87,5.6,"No","Yes","No","Never",10,"Daily","No","Average",2.7
"GESS-S1640","SCH-014","Ashanti",6.977,-1.8848,"Female",17,"SHS 2-3","Day","JHS","Unemployed","Low (<GHS 800)",3,"Both parents",70,57,75,67,67.2,84.7,2.6,"No","Yes","Yes","Often",5.2,"Daily","Yes","Good",4
"GESS-S1641","SCH-011","Eastern",6.8691,-0.1026,"Male",14,"JHS 3-SHS 1","Day","None","Civil Servant","High (>GHS 2000)",2,"Both parents",63,50,68,59,60,79.5,1.5,"Yes","No","No","Sometimes",4.4,"Never","Yes","Good",1.4
"GESS-S1642","SCH-076","Greater Accra",6.1779,0.1287,"Male",15,"JHS 3-SHS 1","Day","Tertiary","Trader","Mid (GHS 800-2000)",6,"Both parents",71,62,83,81,74.2,78.6,4.9,"No","Yes","No","Never",8.2,"Daily","Yes","Excellent",1.9
"GESS-S1643","SCH-043","Western",4.7497,-2.0514,"Female",17,"SHS 2-3","Day","JHS","Artisan","Low (<GHS 800)",7,"Both parents",54,50,49,44,49.2,71.2,1.7,"Yes","No","No","Never",6.1,"Sometimes","No","Average",2.6
"GESS-S1644","SCH-081","Greater Accra",5.5547,-0.0247,"Female",18,"SHS 3+","Day","SHS","Civil Servant","Low (<GHS 800)",8,"Both parents",45,22,40,45,38,60.3,3.2,"Yes","No","Yes","Never",6.4,"Sometimes","No","Below Average",5.3
"GESS-S1645","SCH-093","Ashanti",6.972,-1.7596,"Female",14,"JHS 3-SHS 1","Day","Tertiary","Farmer","High (>GHS 2000)",5,"Both parents",71,55,71,63,65,82.7,3.5,"Yes","No","No","Often",4.6,"Sometimes","Yes","Good",2
"GESS-S1646","SCH-077","Oti",8.2782,0.2043,"Male",13,"JHS 1-2","Boarding","JHS","Artisan","High (>GHS 2000)",3,"Both parents",52,59,58,55,56,100,4.2,"No","Yes","Yes","Never",4.7,"Sometimes","Yes","Good",0
"GESS-S1647","SCH-037","Eastern",6.0726,-0.8783,"Female",17,"SHS 2-3","Day","None",NA,"Mid (GHS 800-2000)",5,"Single parent",65,52,52,50,54.8,92.3,4,"No","No","Yes","Never",6.5,"Never","Yes","Average",2.9
"GESS-S1648","SCH-034","Bono East",7.8967,-1.3465,"Female",14,"JHS 3-SHS 1","Day","JHS","Trader","Low (<GHS 800)",5,"Both parents",47,58,45,53,50.8,49.5,3.6,"Yes","Yes","No","Often",8.8,"Never","Yes","Average",4.1
"GESS-S1649","SCH-084","Upper West",10.1291,-2.1847,"Female",16,"SHS 2-3","Boarding","Primary","Artisan","Low (<GHS 800)",6,"Both parents",62,64,59,59,61,84.1,5.1,"Yes","Yes","No","Often",5.3,"Sometimes","Yes","Good",1.3
"GESS-S1650","SCH-017","Greater Accra",5.8942,-0.2515,"Male",16,"SHS 2-3","Day","Tertiary",NA,"High (>GHS 2000)",8,"Both parents",74,69,74,84,75.2,91.9,5.1,"Yes","No","No","Never",5.9,"Never","Yes","Excellent",1.9
"GESS-S1651","SCH-036","Savannah",9.3918,-1.3601,"Male",16,"SHS 2-3","Day","SHS","Civil Servant","High (>GHS 2000)",3,"Both parents",67,73,64,66,67.5,86.6,3.2,"Yes","Yes","No","Never",7.6,"Sometimes","Yes","Good",3.5
"GESS-S1652","SCH-036","Eastern",6.4682,-0.8296,"Male",15,"JHS 3-SHS 1","Day","SHS","Farmer","High (>GHS 2000)",7,"Single parent",32,42,28,45,36.8,84.9,3.4,"No","Yes","No","Never",6.7,"Sometimes","No","Below Average",3.5
"GESS-S1653","SCH-088","Upper West",9.7512,-2.5487,"Male",16,"SHS 2-3","Boarding","Tertiary","Trader","Low (<GHS 800)",1,"Both parents",82,53,71,51,64.2,70.1,NA,"Yes","No","No","Never",4.8,"Daily","Yes","Good",1.9
"GESS-S1654","SCH-052","Greater Accra",5.4672,-0.3008,"Male",17,"SHS 2-3","Boarding","JHS","Farmer","Low (<GHS 800)",4,"Both parents",71,91,74,65,75.2,82.4,2,"No","Yes","No","Sometimes",5.8,"Daily","Yes","Excellent",0
"GESS-S1655","SCH-044","Eastern",6.3209,-0.7858,"Male",17,"SHS 2-3","Boarding","Tertiary",NA,"Low (<GHS 800)",6,"Both parents",53,66,55,67,60.2,79,1.5,"No","Yes","No","Never",5.1,"Daily","Yes","Good",4.8
"GESS-S1656","SCH-100","Eastern",6.037,-0.9269,"Male",14,"JHS 3-SHS 1","Day","SHS","Unemployed","Mid (GHS 800-2000)",6,"Single parent",56,60,57,56,57.2,87.4,NA,"No","No","Yes","Never",5.7,"Daily","Yes","Good",2.7
"GESS-S1657","SCH-083","Greater Accra",5.838,0.1085,"Female",17,"SHS 2-3","Day","JHS","Civil Servant","High (>GHS 2000)",7,"Single parent",95,99,100,90,96,93.7,3.9,"No","Yes","No","Never",7.8,"Sometimes","Yes","Excellent",0.9
"GESS-S1658","SCH-076","Central",5.3374,-1.5154,"Male",18,"SHS 3+","Day","Primary","Professional","High (>GHS 2000)",1,"Both parents",70,83,78,74,76.2,89.9,4,"No","No","Yes","Sometimes",4.4,"Sometimes","Yes","Excellent",1.3
"GESS-S1659","SCH-034","Western North",6.6968,-2.5048,"Male",17,"SHS 2-3","Boarding","None","Trader","High (>GHS 2000)",7,"Both parents",73,78,70,73,73.5,100,3.8,"Yes","No","No","Sometimes",3.4,"Never","Yes","Excellent",NA
"GESS-S1660","SCH-090","Ashanti",6.447,-1.3974,"Female",15,"JHS 3-SHS 1","Day","JHS","Farmer","Mid (GHS 800-2000)",9,"Single parent",82,71,73,70,74,78.6,2.9,"No","Yes","No","Never",7.2,"Never","Yes","Excellent",2.6
"GESS-S1661","SCH-040","Eastern",6.9954,-0.0753,"Male",12,"JHS 1-2","Day","None","Professional","Low (<GHS 800)",6,"Single parent",47,52,51,55,51.2,87.5,1.9,"No","Yes","No","Often",3.1,"Sometimes","Yes","Average",4.4
"GESS-S1662","SCH-025","Volta",7.1015,0.7817,"Male",15,"JHS 3-SHS 1","Boarding","None","Unemployed",NA,4,"Both parents",61,75,85,84,76.2,68.6,2.5,"Yes","Yes","No","Sometimes",6.9,"Sometimes","Yes","Excellent",1.3
"GESS-S1663","SCH-005","Greater Accra",5.2267,-0.3559,"Male",19,"SHS 3+","Boarding","SHS","Artisan","Mid (GHS 800-2000)",5,"Single parent",55,57,46,50,52,90.9,5,"No","No","No","Never",5.7,"Sometimes","Yes","Average",3
"GESS-S1664","SCH-035","Upper West",10.2798,-2.3265,"Male",16,"SHS 2-3","Day","SHS","Trader","High (>GHS 2000)",8,"Single parent",67,72,65,68,68,63.7,3.5,"Yes","Yes","Yes","Never",5.5,"Sometimes","Yes","Good",1.8
"GESS-S1665","SCH-058","Ashanti",6.1971,-1.452,"Female",14,"JHS 3-SHS 1","Day","JHS","Trader","Mid (GHS 800-2000)",6,"Both parents",69,71,67,76,70.8,92.9,4.8,"Yes","Yes","Yes","Never",4.5,"Daily","Yes","Excellent",0
"GESS-S1666","SCH-022","Ahafo",6.3659,-2.3066,"Female",14,"JHS 3-SHS 1","Day","Tertiary","Civil Servant","Low (<GHS 800)",3,"Both parents",48,57,68,64,59.2,98,1.6,"No","Yes","No","Never",8.3,"Never","Yes","Good",2.6
"GESS-S1667","SCH-036","Volta",7.2015,-0.0565,"Male",17,"SHS 2-3","Boarding","SHS","Unemployed","Low (<GHS 800)",6,"Single parent",63,48,80,61,63,79.2,4.2,"Yes","Yes","Yes","Sometimes",7.6,"Sometimes","Yes","Good",1.6
"GESS-S1668","SCH-046","Ashanti",7.1231,-2.0875,"Female",14,"JHS 3-SHS 1","Day","JHS","Trader","Mid (GHS 800-2000)",8,"Both parents",100,84,54,69,76.8,73.7,3.9,"No","No","No","Sometimes",5.2,"Sometimes","Yes","Excellent",2.1
"GESS-S1669","SCH-051","Western North",5.9307,-3.2447,"Male",16,"SHS 2-3","Boarding","Primary","Artisan","Low (<GHS 800)",3,"Both parents",66,67,71,69,68.2,100,1.9,"No","No","Yes","Never",10,"Daily","Yes","Good",0
"GESS-S1670","SCH-093","Central",5.666,-1.3762,"Male",16,"SHS 2-3","Boarding","None","Trader",NA,3,"Both parents",47,62,43,46,49.5,100,3,"No","Yes","Yes","Sometimes",5,"Daily","No","Average",1.5
"GESS-S1671","SCH-022","Ashanti",6.1266,-1.8589,"Male",15,"JHS 3-SHS 1","Day","JHS","Trader","Mid (GHS 800-2000)",1,"Single parent",57,50,53,57,54.2,84.1,3.4,"No","Yes","No","Sometimes",7.5,"Never","Yes","Average",1.9
"GESS-S1672","SCH-014","Ashanti",6.6073,-1.785,"Male",16,"SHS 2-3","Day","SHS","Professional","Low (<GHS 800)",3,"Both parents",71,71,67,68,69.2,93,2.4,"Yes","Yes","No","Never",6.1,"Daily","Yes","Good",0.8
"GESS-S1673","SCH-010","Western",4.8492,-2.0956,"Male",15,"JHS 3-SHS 1","Day","Primary","Unemployed","Mid (GHS 800-2000)",4,"Single parent",64,34,65,52,53.8,89.5,3.6,"No","No","No","Sometimes",4.3,"Sometimes","Yes","Average",1.4
"GESS-S1674","SCH-087","Central",4.8915,-1.5751,"Male",17,"SHS 2-3","Boarding","SHS","Trader","Low (<GHS 800)",10,"Both parents",58,64,63,56,60.2,100,2.6,"Yes","No","No","Never",3.2,"Sometimes","Yes","Good",1.4
"GESS-S1675","SCH-026","North East",10.5571,-0.4382,"Female",15,"JHS 3-SHS 1","Day","Primary","Unemployed","High (>GHS 2000)",8,"Both parents",55,NA,65,63,61.2,100,1.8,"Yes","No","No","Sometimes",7.5,"Never","Yes","Good",1
"GESS-S1676","SCH-063","Central",5.9543,-1.5915,"Male",14,"JHS 3-SHS 1","Boarding","SHS","Trader","Mid (GHS 800-2000)",2,"Both parents",62,63,62,50,59.2,75.2,4.1,"Yes","Yes","Yes","Often",3.7,"Daily","Yes","Good",2.8
"GESS-S1677","SCH-040","Central",6.0354,-1.5336,"Female",18,"SHS 3+","Boarding","Tertiary","Unemployed","High (>GHS 2000)",3,"Both parents",100,78,90,78,86.5,92.9,5.1,"Yes","Yes","No","Never",10,"Daily","Yes","Excellent",0
"GESS-S1678","SCH-020","Northern",9.115,-1.3818,"Female",12,"JHS 1-2","Boarding","JHS","Civil Servant","High (>GHS 2000)",6,"Both parents",53,36,46,41,44,73.8,5.7,"Yes","No","No","Often",7.4,"Never","No","Average",2.5
"GESS-S1679","SCH-041","Greater Accra",5.9134,0.0752,"Female",16,"SHS 2-3","Day","None","Trader","Low (<GHS 800)",7,"Single parent",60,53,NA,66,60,88.8,2.8,"No","Yes","Yes","Sometimes",6.6,"Never","Yes","Good",3.9
"GESS-S1680","SCH-034","Greater Accra",5.0309,-0.4839,"Male",13,"JHS 1-2","Boarding","None","Trader","Mid (GHS 800-2000)",7,"Orphan",59,NA,72,45,58.5,NA,1.5,"Yes","Yes","No","Never",1.5,"Sometimes","Yes","Good",3.2
"GESS-S1681","SCH-098","Ashanti",6.2995,-2.1153,"Female",16,"SHS 2-3","Day","None","Farmer","High (>GHS 2000)",4,"Both parents",57,51,57,57,55.5,64.9,3.4,"Yes","Yes","Yes","Sometimes",5.6,"Daily","Yes","Good",4.3
"GESS-S1682","SCH-061","Northern",9.6471,-0.629,"Female",18,"SHS 3+","Day","None","Artisan","High (>GHS 2000)",8,"Single parent",67,52,59,62,60,82,2.7,"No","Yes","No","Never",7.5,"Sometimes","Yes","Good",2.7
"GESS-S1683","SCH-062","Upper West",9.6979,-2.4406,"Male",16,"SHS 2-3","Boarding","JHS","Civil Servant","Low (<GHS 800)",5,"Orphan",84,57,66,75,70.5,86.3,2.9,"No","No","Yes","Never",6.6,"Daily","Yes","Excellent",1
"GESS-S1684","SCH-040","Volta",6.818,0.422,"Female",14,"JHS 3-SHS 1","Day","SHS","Trader","Mid (GHS 800-2000)",5,"Both parents",59,63,65,59,61.5,87.7,1.9,"No","Yes","No","Never",6.4,"Sometimes","Yes","Good",1.5
"GESS-S1685","SCH-087","Northern",9.6182,-0.5573,"Male",19,"SHS 3+","Day","SHS","Artisan","Low (<GHS 800)",5,"Both parents",52,37,31,46,41.5,84.7,3.2,"No","No","No","Never",9.9,"Never","No","Average",NA
"GESS-S1686","SCH-077","Greater Accra",6.134,-0.4146,"Male",16,"SHS 2-3","Day","SHS","Artisan","Low (<GHS 800)",6,"Both parents",49,58,47,47,50.2,79.6,2.8,"Yes","No","No","Sometimes",3.1,"Daily","Yes","Average",1.8
"GESS-S1687","SCH-048","North East",9.9597,-0.2809,"Male",14,"JHS 3-SHS 1","Boarding","Primary","Trader","Low (<GHS 800)",3,"Both parents",80,66,71,69,71.5,100,4.1,"Yes","Yes","No","Sometimes",7.3,"Daily","Yes","Excellent",1.5
"GESS-S1688","SCH-033","Ashanti",7.19,-1.7908,"Female",13,"JHS 1-2","Day","Primary","Professional","Low (<GHS 800)",7,"Single parent",48,34,41,48,42.8,66.6,2.9,"No","Yes","No","Sometimes",6.7,"Sometimes","No","Average",3.8
"GESS-S1689","SCH-053","Ashanti",6.7688,-1.5667,"Female",13,"JHS 1-2","Boarding","JHS","Farmer","Mid (GHS 800-2000)",8,"Single parent",56,46,48,48,49.5,62.7,3.1,"No","Yes","Yes","Never",5.9,"Sometimes","No","Average",3.7
"GESS-S1690","SCH-009","Ahafo",6.7771,-2.1998,"Male",14,"JHS 3-SHS 1","Boarding","None","Trader","Mid (GHS 800-2000)",6,"Single parent",51,52,58,47,52,NA,3.2,"No","Yes","No","Never",7.1,"Sometimes","Yes","Average",2.6
"GESS-S1691","SCH-079","Greater Accra",5.681,-0.5929,"Female",18,"SHS 3+","Boarding","JHS","Farmer","Low (<GHS 800)",7,"Both parents",45,54,43,45,46.8,90.3,3.7,"No","No","Yes","Never",7.5,"Daily","No","Average",2.8
"GESS-S1692","SCH-024","Ahafo",6.7614,-2.4201,"Male",16,"SHS 2-3","Day","Primary",NA,NA,3,"Both parents",81,65,74,84,76,76.7,2.2,"Yes","No","Yes","Never",4.7,"Daily","Yes","Excellent",3.4
"GESS-S1693","SCH-054","Bono East",7.9663,-1.0969,"Female",20,"SHS 3+","Boarding","SHS","Trader","Mid (GHS 800-2000)",9,"Both parents",63,62,NA,68,63.5,82.6,3.3,"No","No","Yes","Never",5.7,"Never","Yes","Good",4
"GESS-S1694","SCH-069","Western",5.0432,-2.5512,"Male",16,"SHS 2-3","Day","Tertiary","Unemployed","Low (<GHS 800)",4,"Single parent",74,59,69,72,68.5,72,0.5,"No","Yes","No","Never",5,"Sometimes","Yes","Good",2.6
"GESS-S1695","SCH-007","Ashanti",6.2583,-1.2249,"Female",16,"SHS 2-3","Boarding","SHS","Civil Servant","Low (<GHS 800)",5,"Both parents",61,68,62,49,60,99.7,4.6,"Yes","No","Yes","Never",5.8,"Daily","Yes","Good",0
"GESS-S1696","SCH-067","Upper West",10.7319,-2.1548,"Male",13,"JHS 1-2","Day","None","Trader","Mid (GHS 800-2000)",4,"Both parents",60,71,62,66,64.8,95.4,2.6,"Yes","No","No","Never",3.7,"Never","Yes","Good",1.1
"GESS-S1697","SCH-014","Upper East",10.5723,-1.0335,"Female",16,"SHS 2-3","Day","Tertiary","Civil Servant","High (>GHS 2000)",9,"Both parents",72,66,72,73,70.8,61.5,2.8,"No","Yes","No","Never",9.5,"Sometimes","Yes","Excellent",2.5
"GESS-S1698","SCH-080","Central",5.4886,-1.0154,"Female",17,"SHS 2-3","Boarding","None","Farmer","Mid (GHS 800-2000)",1,"Both parents",49,48,53,52,50.5,100,3.4,"Yes","Yes","Yes","Sometimes",NA,"Daily","Yes","Average",1.8
"GESS-S1699","SCH-072","Volta",7.0045,0.5435,"Female",13,"JHS 1-2","Day","None","Farmer","Mid (GHS 800-2000)",6,"Orphan",80,72,62,73,71.8,72.7,4,"Yes","Yes","No","Never",6.1,"Daily","Yes","Excellent",2.6
"GESS-S1700","SCH-021","Volta",6.4675,0.267,"Female",14,"JHS 3-SHS 1","Day","JHS",NA,"Mid (GHS 800-2000)",7,"Both parents",81,88,85,83,84.2,92,2.6,"No","No","No","Sometimes",2.3,"Never","Yes","Excellent",1.6
"GESS-S1701","SCH-044","Savannah",9.6514,-1.8333,"Male",17,"SHS 2-3","Boarding","SHS","Unemployed","Low (<GHS 800)",6,"Both parents",51,78,86,77,73,55.5,4.7,"No","Yes","No","Never",4.8,"Never","Yes","Excellent",1.9
"GESS-S1702","SCH-017","Ashanti",6.2601,-1.0839,"Male",19,"SHS 3+","Day","SHS","Civil Servant","Mid (GHS 800-2000)",6,"Single parent",65,77,77,79,74.5,92.5,1.6,"Yes","Yes","No","Never",4.8,"Daily","Yes","Excellent",2.4
"GESS-S1703","SCH-046","Greater Accra",5.3078,0.01,"Female",21,"SHS 3+","Day","Primary","Civil Servant","Mid (GHS 800-2000)",5,"Both parents",62,47,44,53,51.5,100,5.1,"No","Yes","No","Never",5.5,"Daily","Yes","Average",2.5
"GESS-S1704","SCH-044","Greater Accra",6.0341,-0.0627,"Male",16,"SHS 2-3","Boarding","None","Civil Servant","Low (<GHS 800)",5,"Both parents",76,55,67,69,66.8,88.6,4.3,"Yes","No","No","Never",10,"Daily","Yes","Good",1.3
"GESS-S1705","SCH-039","Western North",5.9027,-3.2763,"Male",14,"JHS 3-SHS 1","Boarding","JHS","Civil Servant","Low (<GHS 800)",2,"Single parent",54,50,52,50,51.5,87.7,3.7,"No","No","No","Never",9.3,"Sometimes","Yes","Average",2.9
"GESS-S1706","SCH-057","Bono",7.7538,-1.8252,"Female",19,"SHS 3+","Boarding","SHS","Artisan","Low (<GHS 800)",8,"Both parents",48,50,69,55,55.5,92.2,5,"No","Yes","Yes","Never",6.2,"Never","Yes","Good",4
"GESS-S1707","SCH-051","Northern",9.2022,-1.3588,"Male",17,"SHS 2-3","Day","SHS","Civil Servant","Low (<GHS 800)",4,"Both parents",74,72,79,75,75,93.2,3.6,"No","No","No","Sometimes",2.1,"Daily","Yes","Excellent",0
"GESS-S1708","SCH-056","Ahafo",7.3599,-2.7649,"Male",11,"JHS 1-2","Day","Primary","Trader","High (>GHS 2000)",2,"Both parents",58,45,68,54,56.2,73.9,5.7,"No","Yes","No","Never",NA,"Daily","Yes","Good",2.2
"GESS-S1709","SCH-005","Greater Accra",5.4081,-0.1059,"Female",14,"JHS 3-SHS 1","Boarding","Primary","Unemployed","High (>GHS 2000)",5,"Both parents",49,46,49,49,48.2,59.8,4.3,"No","No","No","Never",2.6,"Sometimes","No","Average",3.1
"GESS-S1710","SCH-032","Volta",6.5224,0.3266,"Male",15,"JHS 3-SHS 1","Day","Primary","Farmer","Mid (GHS 800-2000)",3,"Single parent",27,33,44,29,33.2,74.3,3.8,"No","Yes","No","Sometimes",6.4,"Daily","No","Below Average",3.6
"GESS-S1711","SCH-069","Greater Accra",5.9463,-0.2998,"Female",17,"SHS 2-3","Day","SHS","Trader","High (>GHS 2000)",3,"Both parents",51,48,49,36,46,89.1,3.4,"No","No","Yes","Never",7.2,"Daily","No","Average",3.9
"GESS-S1712","SCH-047","Ashanti",6.1404,-1.4803,"Male",16,"SHS 2-3","Day","JHS","Professional","Low (<GHS 800)",5,"Both parents",52,42,45,48,46.8,86.9,3.5,"No","Yes","No","Never",5.1,"Sometimes","No","Average",3.3
"GESS-S1713","SCH-086","Eastern",6.3669,-0.0775,"Female",18,"SHS 3+","Boarding","None","Artisan","Low (<GHS 800)",3,"Both parents",79,73,NA,49,64.8,86.4,3.4,"No","No","No","Never",6.6,"Never","Yes","Good",4
"GESS-S1714","SCH-081","Upper West",9.9976,-2.8511,"Female",16,"SHS 2-3","Day","JHS","Trader","Mid (GHS 800-2000)",4,"Orphan",77,NA,NA,73,75,92,4.2,"Yes","No","No","Sometimes",1,"Daily","Yes","Excellent",3.3
"GESS-S1715","SCH-065","Greater Accra",5.3774,-0.72,"Female",14,"JHS 3-SHS 1","Day","Tertiary","Professional","Mid (GHS 800-2000)",6,"Single parent",65,58,54,72,62.2,90.6,2.6,"Yes","No","Yes","Never",4,"Never","Yes","Good",2.2
"GESS-S1716","SCH-038","Western",5.6412,-1.8594,"Male",19,"SHS 3+","Day","SHS","Civil Servant","Mid (GHS 800-2000)",1,"Both parents",71,48,63,65,61.8,77.8,2.1,"Yes","Yes","No","Never",5.7,"Sometimes","Yes","Good",3
"GESS-S1717","SCH-090","North East",11.0262,-0.5618,"Male",15,"JHS 3-SHS 1","Boarding","Tertiary","Artisan","Low (<GHS 800)",3,"Single parent",48,34,48,49,44.8,83.7,3.9,"Yes","No","Yes","Sometimes",1.9,"Daily","No","Average",2.6
"GESS-S1718","SCH-083","Eastern",5.8892,-0.4665,"Male",15,"JHS 3-SHS 1","Day","None","Trader",NA,6,"Single parent",49,30,39,36,38.5,NA,NA,"Yes","Yes","No","Never",7.3,"Daily","No","Below Average",2.6
"GESS-S1719","SCH-019","Eastern",6.996,-0.3879,"Male",15,"JHS 3-SHS 1","Day","JHS","Trader","Mid (GHS 800-2000)",6,"Single parent",80,71,55,69,68.8,56.3,2.4,"Yes","Yes","Yes","Never",4.9,"Sometimes","Yes","Good",1.6
"GESS-S1720","SCH-070","Ashanti",7.0413,-1.0699,"Male",16,"SHS 2-3","Day","None","Professional","High (>GHS 2000)",1,"Both parents",42,45,70,52,52.2,82,3.6,"Yes","Yes","Yes","Often",7.3,"Never","Yes","Average",4
"GESS-S1721","SCH-075","Northern",9.1169,-1.1748,"Male",12,"JHS 1-2","Day","Primary","Farmer","Mid (GHS 800-2000)",3,"Single parent",97,77,88,89,87.8,82.1,1.2,"Yes","Yes","No","Sometimes",7,"Sometimes","Yes","Excellent",0.6
"GESS-S1722","SCH-055","Western North",5.8619,-2.8664,"Male",13,"JHS 1-2","Boarding","None","Farmer",NA,1,"Both parents",59,57,75,77,67,91.4,2.1,"Yes","No","No","Often",4.3,"Daily","Yes","Good",0.9
"GESS-S1723","SCH-010","Upper West",10.6655,-2.0754,"Female",17,"SHS 2-3","Day","JHS","Trader","Mid (GHS 800-2000)",3,"Both parents",86,75,75,73,77.2,90.3,5.2,"Yes","No","No","Never",6.8,"Daily","Yes","Excellent",NA
"GESS-S1724","SCH-067","Northern",9.701,-1.2322,"Male",17,"SHS 2-3","Day","Primary","Civil Servant","Mid (GHS 800-2000)",7,"Both parents",43,49,41,52,46.2,58.9,2.1,"No","No","No","Never",8.1,"Daily","No","Average",4.9
"GESS-S1725","SCH-024","Volta",6.4818,0.466,"Female",17,"SHS 2-3","Day","Primary","Civil Servant",NA,6,"Both parents",59,54,59,59,57.8,90.4,4.7,"No","Yes","Yes","Never",5.2,"Never","Yes","Good",2.4
"GESS-S1726","SCH-024","Greater Accra",5.2279,-0.3604,"Female",15,"JHS 3-SHS 1","Boarding","JHS","Unemployed","Mid (GHS 800-2000)",5,"Both parents",85,75,85,83,82,81.7,4.7,"Yes","No","No","Never",8,"Never","Yes","Excellent",0
"GESS-S1727","SCH-043","Bono",7.1942,-2.8574,"Male",15,"JHS 3-SHS 1","Boarding","SHS","Trader",NA,4,"Both parents",70,61,73,67,67.8,76,2.6,"No","Yes","No","Never",4.4,"Daily","Yes","Good",2.3
"GESS-S1728","SCH-045","Western North",6.4613,-2.4456,"Male",18,"SHS 3+","Boarding","JHS","Civil Servant","Low (<GHS 800)",3,"Single parent",64,59,75,73,67.8,83.7,4,"No","Yes","No","Sometimes",6.8,"Sometimes","Yes","Good",2.9
"GESS-S1729","SCH-001","Ashanti",6.8401,-1.4115,"Male",17,"SHS 2-3","Day","JHS","Professional","Mid (GHS 800-2000)",4,"Both parents",29,27,29,35,30,82.9,4.3,"No","Yes","No","Sometimes",7.6,"Daily","No","Below Average",4.1
"GESS-S1730","SCH-094","Northern",9.9223,-0.9551,"Male",16,"SHS 2-3","Boarding","JHS","Farmer","Mid (GHS 800-2000)",3,"Single parent",64,47,64,49,56,80.1,3.1,"Yes","Yes","No","Often",2.5,"Daily","Yes","Good",1.1
"GESS-S1731","SCH-031","Savannah",9.5284,-1.6531,"Male",16,"SHS 2-3","Day","JHS","Civil Servant","Mid (GHS 800-2000)",10,"Both parents",93,83,82,74,83,74.5,4.4,"Yes","Yes","No","Never",3.3,"Never","Yes","Excellent",1.7
"GESS-S1732","SCH-026","Ahafo",6.6427,-2.8088,"Female",15,"JHS 3-SHS 1","Boarding","Primary","Civil Servant","Low (<GHS 800)",7,"Both parents",47,NA,58,54,48,83.9,2.8,"Yes","Yes","No","Sometimes",4.4,"Daily","No","Average",NA
"GESS-S1733","SCH-046","Upper West",10.5672,-2.1453,"Female",13,"JHS 1-2","Day","Tertiary","Artisan","Mid (GHS 800-2000)",4,"Both parents",49,36,58,47,47.5,94.5,3,"No","Yes","No","Often",9.7,"Daily","No","Average",2
"GESS-S1734","SCH-065","Volta",6.8215,0.7392,"Male",13,"JHS 1-2","Boarding","SHS","Artisan","Low (<GHS 800)",9,"Both parents",52,52,55,58,54.2,NA,NA,"No","No","No","Never",8,"Daily","Yes","Average",3
"GESS-S1735","SCH-046","Bono",8.1558,-2.4402,"Female",21,"SHS 3+","Day","Tertiary","Professional","Mid (GHS 800-2000)",5,"Both parents",51,60,60,68,59.8,NA,NA,"Yes","Yes","No","Never",10,"Never","Yes","Good",2.1
"GESS-S1736","SCH-006","Ashanti",6.6441,-1.3225,"Female",16,"SHS 2-3","Day","Tertiary","Trader","High (>GHS 2000)",5,"Both parents",70,60,40,51,55.2,74.1,4,"Yes","No","No","Never",4.1,"Daily","Yes","Good",2.5
"GESS-S1737","SCH-069","Volta",7.5627,0.6605,"Female",19,"SHS 3+","Day","None","Farmer","Mid (GHS 800-2000)",4,"Both parents",52,48,45,55,50,74.1,5.6,"No","No","No","Never",6.2,"Daily","Yes","Average",NA
"GESS-S1738","SCH-079","Greater Accra",5.6506,-0.1811,"Male",13,"JHS 1-2","Day","SHS","Artisan","High (>GHS 2000)",3,"Both parents",75,46,54,66,60.2,77.5,4,"No","No","No","Never",5.2,"Never","Yes","Good",1.6
"GESS-S1739","SCH-001","Volta",6.8995,0.8826,"Female",17,"SHS 2-3","Day","SHS","Trader","Low (<GHS 800)",3,"Both parents",61,43,49,53,51.5,96.2,4.3,"No","Yes","Yes","Never",3.9,"Sometimes","Yes","Average",3.5
"GESS-S1740","SCH-057","Ashanti",6.3941,-2.1714,"Female",14,"JHS 3-SHS 1","Day","SHS","Farmer","Low (<GHS 800)",2,"Both parents",58,58,52,62,57.5,86.3,2.6,"Yes","Yes","Yes","Never",4.5,"Never","Yes","Good",2.5
"GESS-S1741","SCH-085","Central",5.7206,-0.5448,"Male",17,"SHS 2-3","Boarding","None","Civil Servant","Low (<GHS 800)",1,"Both parents",31,22,31,25,27.2,81.3,3.2,"No","No","No","Sometimes",3.5,"Sometimes","No","Below Average",5
"GESS-S1742","SCH-034","Western",5.6002,-1.5769,"Male",14,"JHS 3-SHS 1","Day","JHS","Artisan","High (>GHS 2000)",6,"Both parents",57,27,56,48,47,82.5,2.2,"No","No","Yes","Never",6.6,"Daily","No","Average",3
"GESS-S1743","SCH-063","Oti",8.2044,0.1588,"Male",14,"JHS 3-SHS 1","Day","JHS","Professional","High (>GHS 2000)",4,"Both parents",57,52,71,95,68.8,77.9,4,"Yes","No","No","Never",5.3,"Sometimes","Yes","Good",1.5
"GESS-S1744","SCH-004","Bono",7.6929,-1.8152,"Female",15,"JHS 3-SHS 1","Day","JHS","Civil Servant","Mid (GHS 800-2000)",5,"Both parents",48,53,35,53,47.2,64.7,5.4,"Yes","Yes","No","Never",3.3,"Sometimes","No","Average",2.5
"GESS-S1745","SCH-086","Greater Accra",6.0123,-0.0048,"Male",13,"JHS 1-2","Day","Primary","Artisan","Low (<GHS 800)",8,"Single parent",61,59,54,55,57.2,98.3,3,"No","No","No","Sometimes",8.2,"Never","Yes","Good",3
"GESS-S1746","SCH-057","Volta",7.3305,0.8596,"Female",13,"JHS 1-2","Day","Tertiary","Trader","Low (<GHS 800)",3,"Both parents",44,62,52,53,52.8,83.6,1.4,"Yes","Yes","No","Often",6.2,"Daily","Yes","Average",2.9
"GESS-S1747","SCH-002","Oti",8.1255,-0.1608,"Female",15,"JHS 3-SHS 1","Day","SHS","Artisan","Mid (GHS 800-2000)",5,"Both parents",65,49,50,46,52.5,87.1,4.1,"No","Yes","No","Sometimes",9.2,"Daily","Yes","Average",2
"GESS-S1748","SCH-006","Eastern",6.5746,0.1307,"Male",16,"SHS 2-3","Day","None","Professional",NA,5,"Both parents",67,74,52,72,66.2,68.9,4.3,"No","No","Yes","Sometimes",6.1,"Sometimes","Yes","Good",4
"GESS-S1749","SCH-005","Western",5.7016,-2.1819,"Female",15,"JHS 3-SHS 1","Boarding","Tertiary","Unemployed","Mid (GHS 800-2000)",2,"Both parents",82,49,57,79,66.8,94.1,NA,"No","No","No","Never",9.3,"Never","Yes","Good",2.1
"GESS-S1750","SCH-031","Volta",7.1993,-0.1198,"Male",20,"SHS 3+","Boarding","JHS","Civil Servant","High (>GHS 2000)",6,"Single parent",82,63,85,84,78.5,90.9,1.5,"No","Yes","No","Never",6.2,"Daily","Yes","Excellent",1.2
"GESS-S1751","SCH-006","Ashanti",7.0491,-1.5286,"Female",16,"SHS 2-3","Day","SHS","Artisan",NA,7,"Both parents",74,76,68,79,74.2,67.4,0.6,"No","Yes","No","Never",7.5,"Never","Yes","Excellent",2.2
"GESS-S1752","SCH-052","Western North",5.7191,-2.8286,"Male",17,"SHS 2-3","Day","Tertiary","Civil Servant","Low (<GHS 800)",7,"Both parents",74,69,59,75,69.2,100,NA,"No","No","Yes","Sometimes",9.9,"Sometimes","Yes","Good",2
"GESS-S1753","SCH-066","Savannah",9.6644,-1.5455,"Female",17,"SHS 2-3","Day","Primary","Farmer","Low (<GHS 800)",6,"Both parents",62,56,69,60,61.8,NA,3.1,"No","Yes","No","Never",5.3,"Sometimes","Yes","Good",4.2
"GESS-S1754","SCH-049","Upper East",11.132,-1.3052,"Female",17,"SHS 2-3","Boarding","JHS","Trader","High (>GHS 2000)",6,"Both parents",70,64,67,75,69,100,6.2,"Yes","Yes","No","Sometimes",5.3,"Never","Yes","Good",1.9
"GESS-S1755","SCH-049","Northern",9.9092,-0.3274,"Female",18,"SHS 3+","Day","JHS","Professional","Mid (GHS 800-2000)",2,"Orphan",54,51,53,57,53.8,84.2,3.7,"Yes","No","No","Never",6.4,"Sometimes","Yes","Average",1.6
"GESS-S1756","SCH-019","Ashanti",6.1635,-2.1966,"Male",14,"JHS 3-SHS 1","Day","Primary","Civil Servant","Mid (GHS 800-2000)",2,"Both parents",98,86,72,75,82.8,68.2,1.5,"Yes","No","No","Sometimes",6.8,"Never","Yes","Excellent",0.8
"GESS-S1757","SCH-094","Greater Accra",5.1124,-0.0745,"Male",14,"JHS 3-SHS 1","Day","SHS","Farmer","High (>GHS 2000)",3,"Both parents",74,52,64,65,63.8,92.7,1.4,"No","No","Yes","Sometimes",NA,"Sometimes","Yes","Good",2.1
"GESS-S1758","SCH-076","Western North",6.7174,-3.1643,"Female",16,"SHS 2-3","Boarding","JHS","Artisan","Low (<GHS 800)",6,"Both parents",93,75,83,77,82,83,3.2,"Yes","No","No","Often",6,"Sometimes","Yes","Excellent",0.3
"GESS-S1759","SCH-091","Central",5.6278,-1.4659,"Male",17,"SHS 2-3","Boarding","None","Civil Servant","Mid (GHS 800-2000)",1,"Single parent",28,35,29,26,29.5,81.3,1.8,"Yes","No","Yes","Never",7.2,"Sometimes","No","Below Average",6.6
"GESS-S1760","SCH-084","Eastern",6.1927,-0.168,"Female",18,"SHS 3+","Day","SHS",NA,"High (>GHS 2000)",1,"Single parent",64,47,56,69,59,93.7,4.3,"Yes","Yes","Yes","Sometimes",6.9,"Sometimes","Yes","Good",1.2
"GESS-S1761","SCH-052","Central",5.3671,-1.0964,"Female",13,"JHS 1-2","Boarding","Primary","Civil Servant","Low (<GHS 800)",2,"Single parent",55,49,36,48,47,72,4.5,"Yes","No","No","Never",9.3,"Never","No","Average",3.6
"GESS-S1762","SCH-009","Western North",6.4462,-2.2703,"Female",15,"JHS 3-SHS 1","Boarding","Primary","Trader","Low (<GHS 800)",7,"Both parents",67,71,67,72,69.2,96,3,"Yes","No","No","Sometimes",2.7,"Daily","Yes","Good",2.7
"GESS-S1763","SCH-007","Central",6.0042,-1.5715,"Male",13,"JHS 1-2","Boarding","JHS","Unemployed","Low (<GHS 800)",6,"Both parents",70,64,57,71,65.5,77.3,2.9,"No","No","No","Never",3.6,"Sometimes","Yes","Good",2.6
"GESS-S1764","SCH-043","Ashanti",7.243,-2.1666,"Male",16,"SHS 2-3","Boarding","Primary","Trader","High (>GHS 2000)",5,"Both parents",63,69,75,60,66.8,83.4,0.9,"No","Yes","No","Never",6.9,"Daily","Yes","Good",1.5
"GESS-S1765","SCH-043","Oti",7.8426,0.4709,"Female",13,"JHS 1-2","Day","SHS","Professional","Low (<GHS 800)",4,"Both parents",40,52,32,53,44.2,81.5,2.8,"No","Yes","Yes","Never",2.8,"Daily","No","Average",2.6
"GESS-S1766","SCH-042","Western North",6.6365,-2.2304,"Female",13,"JHS 1-2","Day","None",NA,"Mid (GHS 800-2000)",6,"Both parents",79,46,61,61,61.8,57.2,1.2,"Yes","No","Yes","Never",2.8,"Never","Yes","Good",3.8
"GESS-S1767","SCH-023","Ashanti",6.5364,-1.3517,"Female",12,"JHS 1-2","Boarding","None","Artisan","Mid (GHS 800-2000)",6,"Orphan",67,75,79,67,72,66.4,5.9,"Yes","No","No","Never",8.9,"Daily","Yes","Excellent",0
"GESS-S1768","SCH-052","Ashanti",6.2557,-1.8972,"Female",15,"JHS 3-SHS 1","Day","SHS","Professional","Low (<GHS 800)",6,"Orphan",65,51,54,62,58,100,1.4,"No","No","No","Never",5.8,"Never","Yes","Good",2.7
"GESS-S1769","SCH-091","Ashanti",6.6244,-1.097,"Female",12,"JHS 1-2","Boarding","JHS","Farmer","Mid (GHS 800-2000)",5,"Single parent",95,79,62,85,80.2,74,4.5,"Yes","Yes","No","Never",5.8,"Daily","Yes","Excellent",1.3
"GESS-S1770","SCH-055","Upper East",10.9011,-1.0096,"Male",17,"SHS 2-3","Boarding","SHS","Trader","Low (<GHS 800)",5,"Single parent",24,22,27,32,26.2,79.3,3.2,"Yes","No","No","Sometimes",4.7,"Never","No","Below Average",3.7
"GESS-S1771","SCH-027","Ashanti",6.104,-1.2429,"Female",15,"JHS 3-SHS 1","Boarding","Primary","Farmer","High (>GHS 2000)",8,"Both parents",77,69,58,72,69,73.3,3.4,"Yes","No","No","Sometimes",8.5,"Never","Yes","Good",0.8
"GESS-S1772","SCH-069","Greater Accra",5.0756,0.3381,"Female",15,"JHS 3-SHS 1","Day","Primary","Professional","Low (<GHS 800)",6,"Both parents",53,NA,53,44,50,69.4,3.2,"Yes","Yes","Yes","Often",10,"Daily","Yes","Average",5.3
"GESS-S1773","SCH-089","Greater Accra",5.6441,-0.0424,"Male",14,"JHS 3-SHS 1","Day","Primary","Trader","Mid (GHS 800-2000)",5,"Single parent",65,52,70,58,61.2,54.1,3.6,"No","No","Yes","Sometimes",8.2,"Daily","Yes","Good",3.5
"GESS-S1774","SCH-008","Northern",9.1067,-0.9991,"Male",17,"SHS 2-3","Boarding","None","Farmer","Low (<GHS 800)",6,"Both parents",53,55,45,55,52,100,2.6,"Yes","No","Yes","Sometimes",6.5,"Sometimes","Yes","Average",1.7
"GESS-S1775","SCH-013","Volta",7.5566,0.4516,"Male",16,"SHS 2-3","Boarding","JHS","Farmer","Mid (GHS 800-2000)",3,"Single parent",54,56,40,52,50.5,84.3,4.7,"No","Yes","No","Never",7.2,"Never","Yes","Average",2.7
"GESS-S1776","SCH-024","Western",5.6462,-1.6612,"Male",14,"JHS 3-SHS 1","Boarding","JHS","Farmer","Mid (GHS 800-2000)",5,"Single parent",65,57,58,65,61.2,94.4,2,"No","No","Yes","Never",7.2,"Never","Yes","Good",2.2
"GESS-S1777","SCH-041","Eastern",6.3532,-0.0896,"Female",14,"JHS 3-SHS 1","Boarding","SHS","Trader","Low (<GHS 800)",5,"Both parents",28,10,10,31,19.8,68.6,3.2,"No","No","No","Sometimes",5.8,"Never","No","Below Average",5.5
"GESS-S1778","SCH-050","Greater Accra",6.0385,0.2555,"Male",18,"SHS 3+","Day","Primary","Artisan","Mid (GHS 800-2000)",11,"Both parents",57,57,50,59,55.8,89.3,5,"Yes","Yes","Yes","Often",7,"Sometimes","Yes","Good",2
"GESS-S1779","SCH-059","Greater Accra",5.2626,-0.7538,"Male",12,"JHS 1-2","Boarding","SHS","Artisan","High (>GHS 2000)",7,"Both parents",61,59,64,55,59.8,92.1,3.5,"Yes","No","No","Never",5.5,"Sometimes","Yes","Good",1.7
"GESS-S1780","SCH-088","Ashanti",7.1631,-1.6244,"Female",16,"SHS 2-3","Boarding","SHS","Farmer","Mid (GHS 800-2000)",6,"Both parents",35,46,23,40,36,82.4,1.6,"Yes","Yes","No","Never",4.3,"Daily","No","Below Average",4.4
"GESS-S1781","SCH-019","Western North",6.4613,-2.7265,"Male",16,"SHS 2-3","Day","SHS","Farmer","High (>GHS 2000)",3,"Both parents",57,45,NA,53,51.8,65.8,3.8,"Yes","Yes","Yes","Never",5.5,"Daily","Yes","Average",4.7
"GESS-S1782","SCH-090","Greater Accra",5.3334,-0.0119,"Male",14,"JHS 3-SHS 1","Day","SHS","Trader","Low (<GHS 800)",3,"Both parents",53,47,38,15,38.2,78.9,1.8,"No","No","Yes","Often",5.4,"Daily","No","Below Average",4.3
"GESS-S1783","SCH-051","Volta",7.1235,1.0374,"Male",13,"JHS 1-2","Day","SHS",NA,"High (>GHS 2000)",2,"Both parents",82,78,71,75,76.5,78.2,1.1,"Yes","Yes","No","Never",2.4,"Sometimes","Yes","Excellent",1.8
"GESS-S1784","SCH-058","Greater Accra",5.725,-0.3175,"Male",16,"SHS 2-3","Boarding","SHS","Professional","Mid (GHS 800-2000)",7,"Both parents",51,58,47,55,52.8,78.1,4.4,"No","Yes","Yes","Never",6,"Daily","Yes","Average",1.8
"GESS-S1785","SCH-034","Bono",7.4988,-2.8149,"Male",14,"JHS 3-SHS 1","Day","SHS","Trader","Low (<GHS 800)",7,"Both parents",49,52,59,54,53.5,82.6,2.8,"No","Yes","No","Never",5.5,"Never","Yes","Average",4.6
"GESS-S1786","SCH-037","Greater Accra",5.6878,-0.3459,"Female",18,"SHS 3+","Day","JHS","Unemployed","Mid (GHS 800-2000)",6,"Orphan",62,63,69,74,67,NA,3.3,"Yes","No","Yes","Often",5.2,"Daily","Yes","Good",3.6
"GESS-S1787","SCH-097","Ashanti",7.057,-1.0275,"Male",14,"JHS 3-SHS 1","Day","JHS","Artisan","Low (<GHS 800)",5,"Both parents",94,67,79,81,80.2,NA,3.1,"No","No","No","Sometimes",5.9,"Daily","Yes","Excellent",1.8
"GESS-S1788","SCH-060","Bono East",8.0478,-1.1076,"Female",13,"JHS 1-2","Boarding","Primary","Artisan","High (>GHS 2000)",6,"Both parents",82,89,79,86,84,93.1,NA,"No","Yes","No","Often",7,"Sometimes","Yes","Excellent",1.2
"GESS-S1789","SCH-013","Greater Accra",5.0446,0.1655,"Male",14,"JHS 3-SHS 1","Day","SHS","Civil Servant","Mid (GHS 800-2000)",5,"Single parent",69,70,92,78,77.2,59.9,2.8,"No","Yes","Yes","Never",6.9,"Never","Yes","Excellent",2.3
"GESS-S1790","SCH-007","Volta",6.538,-0.0617,"Female",13,"JHS 1-2","Day","None","Civil Servant","Low (<GHS 800)",6,"Both parents",66,39,54,59,54.5,90.8,4.5,"Yes","Yes","Yes","Never",5.3,"Never","Yes","Average",2.5
"GESS-S1791","SCH-057","Greater Accra",6.1378,-0.5565,"Female",14,"JHS 3-SHS 1","Day","Primary","Unemployed","Mid (GHS 800-2000)",7,"Single parent",67,56,50,44,54.2,86.7,3.2,"No","No","No","Never",5.1,"Never","Yes","Average",NA
"GESS-S1792","SCH-094","Volta",6.4125,0.4675,"Male",17,"SHS 2-3","Day","JHS","Trader","Low (<GHS 800)",4,"Both parents",39,40,38,46,40.8,88.2,3.2,"Yes","No","Yes","Never",6.2,"Sometimes","No","Average",5.1
"GESS-S1793","SCH-096","Ashanti",6.7025,-1.0383,"Female",17,"SHS 2-3","Boarding","JHS","Farmer","Mid (GHS 800-2000)",4,"Orphan",53,66,61,64,61,74.1,3.5,"Yes","No","Yes","Never",5.2,"Never","Yes","Good",5.9
"GESS-S1794","SCH-024","Greater Accra",5.0031,-0.0231,"Male",20,"SHS 3+","Day","Primary","Professional","Mid (GHS 800-2000)",6,"Both parents",57,66,64,61,62,81,4.1,"No","No","No","Never",8.6,"Daily","Yes","Good",2.8
"GESS-S1795","SCH-084","Western",4.841,-1.5702,"Female",15,"JHS 3-SHS 1","Boarding","None","Farmer","High (>GHS 2000)",4,"Both parents",75,61,64,70,67.5,77.6,5.1,"Yes","No","No","Never",8.6,"Daily","Yes","Good",NA
"GESS-S1796","SCH-096","Savannah",8.7948,-2.3604,"Female",13,"JHS 1-2","Boarding","JHS","Professional","Mid (GHS 800-2000)",8,"Both parents",90,89,89,85,88.2,91.7,2.4,"No","No","No","Never",3.4,"Never","Yes","Excellent",NA
"GESS-S1797","SCH-035","Volta",6.6026,0.4282,"Male",13,"JHS 1-2","Boarding","JHS","Artisan","Low (<GHS 800)",6,"Single parent",68,85,64,73,72.5,100,3.1,"Yes","No","Yes","Sometimes",9.1,"Never","Yes","Excellent",0.3
"GESS-S1798","SCH-042","Upper West",10.2315,-3.0422,"Female",16,"SHS 2-3","Boarding","JHS","Trader","Mid (GHS 800-2000)",3,"Both parents",80,74,90,79,80.8,100,1.8,"Yes","No","Yes","Never",3,"Daily","Yes","Excellent",0
"GESS-S1799","SCH-083","Bono",7.8834,-2.6918,"Male",18,"SHS 3+","Day","JHS",NA,"Mid (GHS 800-2000)",3,"Both parents",90,NA,67,77,75.2,77.2,2.7,"No","No","No","Never",4.2,"Sometimes","Yes","Excellent",1.8
"GESS-S1800","SCH-080","Upper West",10.7055,-2.5389,"Female",18,"SHS 3+","Day","Primary","Farmer","Low (<GHS 800)",4,"Both parents",77,81,72,89,79.8,86,1.6,"Yes","No","No","Sometimes",5,"Daily","Yes","Excellent",1.8
"GESS-S1801","SCH-051","Western",5.2974,-2.5249,"Male",16,"SHS 2-3","Boarding","Tertiary","Farmer","High (>GHS 2000)",6,"Both parents",85,55,77,69,71.5,87.6,4.8,"No","No","No","Never",6.7,"Never","Yes","Excellent",3.2
"GESS-S1802","SCH-059","Ashanti",6.7796,-1.2419,"Male",16,"SHS 2-3","Day","Primary","Artisan","High (>GHS 2000)",5,"Both parents",65,67,57,64,63.2,77.9,4.2,"No","Yes","No","Never",3.3,"Daily","Yes","Good",4.2
"GESS-S1803","SCH-016","Central",5.3206,-0.877,"Female",16,"SHS 2-3","Day","Tertiary","Unemployed","Low (<GHS 800)",1,"Single parent",75,37,54,70,59,100,4.2,"No","Yes","Yes","Often",7.5,"Never","Yes","Good",1.6
"GESS-S1804","SCH-082","Ashanti",6.8238,-1.1029,"Male",13,"JHS 1-2","Day","SHS","Artisan","Mid (GHS 800-2000)",6,"Both parents",78,58,62,62,65,93.6,2.3,"No","Yes","No","Never",6.8,"Sometimes","Yes","Good",2.5
"GESS-S1805","SCH-070","Central",4.9084,-1.6409,"Female",20,"SHS 3+","Boarding","JHS","Farmer","Low (<GHS 800)",7,"Both parents",43,44,35,61,45.8,71.5,4.6,"Yes","No","No","Never",9.6,"Daily","No","Average",3.2
"GESS-S1806","SCH-027","Western North",5.8853,-2.4384,"Male",15,"JHS 3-SHS 1","Boarding","None","Trader","Low (<GHS 800)",2,"Both parents",59,65,56,55,58.8,86.4,2.8,"Yes","Yes","No","Never",8.3,"Sometimes","Yes","Good",1.5
"GESS-S1807","SCH-082","Upper West",10.0504,-2.047,"Female",12,"JHS 1-2","Day","JHS","Trader","Mid (GHS 800-2000)",3,"Both parents",49,49,59,54,52.8,76.9,3.9,"No","No","No","Often",6.5,"Sometimes","Yes","Average",3.6
"GESS-S1808","SCH-075","Central",5.502,-0.8422,"Male",17,"SHS 2-3","Day","None",NA,"Mid (GHS 800-2000)",9,"Single parent",31,27,52,43,38.2,100,5.4,"Yes","Yes","Yes","Sometimes",7.2,"Sometimes","No","Below Average",2.1
"GESS-S1809","SCH-012","Bono",7.0904,-2.4008,"Male",16,"SHS 2-3","Day","Primary","Artisan","High (>GHS 2000)",4,"Both parents",97,100,93,94,96,62.4,6.3,"No","Yes","No","Sometimes",6.2,"Sometimes","Yes","Excellent",0.8
"GESS-S1810","SCH-015","Bono East",7.9745,-1.6108,"Female",15,"JHS 3-SHS 1","Boarding","JHS","Trader","Low (<GHS 800)",7,"Both parents",40,36,42,50,42,96.1,3.3,"Yes","Yes","Yes","Often",7.8,"Daily","No","Average",3.5
"GESS-S1811","SCH-070","Western",4.6355,-2.1126,"Female",13,"JHS 1-2","Day","Tertiary","Farmer","Mid (GHS 800-2000)",3,"Both parents",58,50,53,80,60.2,74.1,3.1,"No","Yes","No","Never",7.2,"Never","Yes","Good",2.4
"GESS-S1812","SCH-031","Ashanti",6.6773,-2.0778,"Male",13,"JHS 1-2","Boarding","SHS","Farmer","Mid (GHS 800-2000)",11,"Both parents",63,46,54,40,50.8,97.7,4.6,"Yes","Yes","Yes","Sometimes",5.6,"Daily","Yes","Average",4
"GESS-S1813","SCH-085","Ashanti",7.0872,-1.7454,"Male",20,"SHS 3+","Day","SHS","Professional","Mid (GHS 800-2000)",5,"Single parent",64,38,42,58,50.5,87.7,4.1,"Yes","Yes","No","Never",3,"Daily","Yes","Average",4.5
"GESS-S1814","SCH-013","Savannah",8.5382,-1.6738,"Female",15,"JHS 3-SHS 1","Day","None","Professional","High (>GHS 2000)",5,"Both parents",45,32,NA,38,37.5,73,2.6,"No","No","No","Never",6.6,"Daily","No","Below Average",4.8
"GESS-S1815","SCH-084","Northern",9.3412,-1.2476,"Female",13,"JHS 1-2","Boarding","SHS","Farmer","High (>GHS 2000)",7,"Orphan",34,53,41,45,43.2,100,3.9,"No","Yes","No","Often",5.4,"Daily","No","Average",2.6
"GESS-S1816","SCH-085","Western",4.9847,-2.3958,"Female",13,"JHS 1-2","Boarding","None","Farmer","Low (<GHS 800)",7,"Single parent",73,64,61,83,70.2,98.4,2.9,"No","Yes","Yes","Sometimes",5.7,"Never","Yes","Excellent",1.3
"GESS-S1817","SCH-003","Upper West",9.8219,-2.2316,"Male",17,"SHS 2-3","Boarding","SHS",NA,"Mid (GHS 800-2000)",5,"Both parents",32,40,58,64,48.5,98.2,3.8,"Yes","Yes","Yes","Never",6.6,"Sometimes","No","Average",1.7
"GESS-S1818","SCH-073","Volta",6.7024,0.131,"Male",13,"JHS 1-2","Boarding","Tertiary","Civil Servant","Low (<GHS 800)",2,"Both parents",63,67,51,62,60.8,96.7,4.4,"No","Yes","No","Never",4.3,"Daily","Yes","Good",2.4
"GESS-S1819","SCH-069","Bono",7.6722,-2.6404,"Male",17,"SHS 2-3","Day","None","Artisan",NA,4,"Both parents",57,46,61,48,53,66.1,3.8,"No","Yes","No","Often",7.4,"Sometimes","Yes","Average",2.4
"GESS-S1820","SCH-052","Greater Accra",5.0695,-0.5022,"Female",15,"JHS 3-SHS 1","Boarding","Primary","Civil Servant","Mid (GHS 800-2000)",3,"Both parents",61,42,50,51,51,65,5,"No","Yes","No","Never",6,"Daily","Yes","Average",4.3
"GESS-S1821","SCH-010","Central",5.2868,-0.9707,"Female",13,"JHS 1-2","Boarding","Primary","Trader",NA,7,"Both parents",73,79,78,70,75,68.2,1.3,"Yes","Yes","No","Never",7.4,"Never","Yes","Excellent",2.5
"GESS-S1822","SCH-030","North East",9.9837,-0.4214,"Male",16,"SHS 2-3","Day","Tertiary","Farmer","Mid (GHS 800-2000)",4,"Single parent",18,35,20,15,22,75.3,1.5,"Yes","Yes","No","Often",6.3,"Never","No","Below Average",6.5
"GESS-S1823","SCH-079","Western",4.6543,-2.1093,"Male",18,"SHS 3+","Boarding","SHS","Trader","Low (<GHS 800)",1,"Both parents",37,42,34,31,36,75.6,3.6,"No","No","Yes","Sometimes",2.5,"Never","No","Below Average",4.2
"GESS-S1824","SCH-031","Ashanti",6.6013,-1.6055,"Female",15,"JHS 3-SHS 1","Day","Tertiary","Farmer","High (>GHS 2000)",5,"Both parents",67,91,86,65,77.2,70.8,0.6,"No","No","No","Never",5.1,"Daily","Yes","Excellent",1.1
"GESS-S1825","SCH-077","Central",6.0397,-1.3136,"Male",20,"SHS 3+","Day","Primary","Farmer","Low (<GHS 800)",3,"Single parent",45,65,46,37,48.2,71.7,5.3,"Yes","Yes","No","Never",10,"Never","No","Average",4
"GESS-S1826","SCH-069","Ashanti",6.4484,-1.2037,"Female",19,"SHS 3+","Day","JHS","Artisan","Mid (GHS 800-2000)",2,"Both parents",57,59,71,80,66.8,91.7,0.6,"Yes","No","Yes","Never",7,"Sometimes","Yes","Good",2.2
"GESS-S1827","SCH-051","Eastern",6.1877,-0.7809,"Female",14,"JHS 3-SHS 1","Day","None","Professional","Low (<GHS 800)",4,"Both parents",59,59,70,54,60.5,73.3,2.9,"Yes","Yes","Yes","Never",6.9,"Never","Yes","Good",3.9
"GESS-S1828","SCH-034","Northern",9.6399,-1.365,"Male",14,"JHS 3-SHS 1","Day","Tertiary","Farmer","Mid (GHS 800-2000)",4,"Single parent",36,32,35,41,36,85.5,3,"No","No","No","Sometimes",6.2,"Never","No","Below Average",3.9
"GESS-S1829","SCH-038","Greater Accra",5.6212,0.1954,"Female",19,"SHS 3+","Boarding","SHS","Trader","Mid (GHS 800-2000)",2,"Single parent",34,34,23,34,31.2,82.9,5.3,"No","No","No","Sometimes",7.2,"Never","No","Below Average",3.3
"GESS-S1830","SCH-097","Western North",6.6154,-3.27,"Male",12,"JHS 1-2","Day","None","Trader","High (>GHS 2000)",9,"Both parents",83,79,86,76,81,62.3,4.9,"Yes","No","No","Sometimes",4.5,"Daily","Yes","Excellent",4.6
"GESS-S1831","SCH-089","Bono",7.87,-2.3649,"Female",13,"JHS 1-2","Day","Tertiary","Unemployed","Mid (GHS 800-2000)",1,"Orphan",68,73,58,67,66.5,88.7,3.4,"Yes","No","No","Never",8.5,"Sometimes","Yes","Good",2.6
"GESS-S1832","SCH-027","Eastern",6.2508,-0.0934,"Male",18,"SHS 3+","Day","Tertiary","Trader","Low (<GHS 800)",4,"Both parents",73,59,74,76,70.5,80,2.7,"Yes","Yes","Yes","Never",8.9,"Never","Yes","Excellent",3.3
"GESS-S1833","SCH-057","Ashanti",6.8851,-1.3364,"Male",16,"SHS 2-3","Day","None","Unemployed","Mid (GHS 800-2000)",6,"Single parent",78,64,73,77,73,95.5,2.7,"No","Yes","No","Sometimes",4,"Daily","Yes","Excellent",0
"GESS-S1834","SCH-054","Savannah",8.5627,-1.9927,"Female",12,"JHS 1-2","Day","None","Artisan","Mid (GHS 800-2000)",8,"Both parents",67,62,72,74,68.8,51.1,3.6,"No","No","No","Never",4.5,"Daily","Yes","Good",5.9
"GESS-S1835","SCH-019","Upper West",9.903,-2.4106,"Male",16,"SHS 2-3","Day","JHS","Farmer","Low (<GHS 800)",6,"Single parent",84,69,75,79,76.8,63,0.6,"No","Yes","No","Never",4.7,"Never","Yes","Excellent",2
"GESS-S1836","SCH-041","Northern",9.8465,-1.0996,"Female",17,"SHS 2-3","Day","None","Professional","High (>GHS 2000)",6,"Both parents",62,46,54,54,54,57.9,3.2,"No","No","No","Never",7,"Never","Yes","Average",2.2
"GESS-S1837","SCH-031","Savannah",9.3502,-1.603,"Male",18,"SHS 3+","Boarding","JHS","Trader","High (>GHS 2000)",9,"Single parent",89,78,80,77,81,76.6,3.5,"No","No","No","Often",7.7,"Daily","Yes","Excellent",0.1
"GESS-S1838","SCH-061","Greater Accra",6.1581,-0.1206,"Male",15,"JHS 3-SHS 1","Day","Tertiary","Artisan","Low (<GHS 800)",1,"Single parent",63,32,57,52,51,83.1,3.5,"No","Yes","Yes","Sometimes",4.8,"Sometimes","Yes","Average",3.4
"GESS-S1839","SCH-081","Bono",7.3777,-2.4845,"Female",14,"JHS 3-SHS 1","Boarding","SHS","Trader","High (>GHS 2000)",8,"Both parents",71,51,75,70,66.8,90.4,3.9,"No","Yes","No","Never",3.8,"Sometimes","Yes","Good",2.9
"GESS-S1840","SCH-076","Northern",9.1562,-0.3194,"Male",15,"JHS 3-SHS 1","Day","JHS","Artisan","Mid (GHS 800-2000)",7,"Both parents",58,68,71,65,65.5,79.2,2.9,"Yes","No","No","Often",5.9,"Daily","Yes","Good",2.6
"GESS-S1841","SCH-050","Ashanti",6.5617,-2.1326,"Female",11,"JHS 1-2","Boarding","JHS","Professional","High (>GHS 2000)",8,"Both parents",77,77,77,74,76.2,74.2,2.8,"No","Yes","No","Often",7.3,"Sometimes","Yes","Excellent",2.4
"GESS-S1842","SCH-051","Oti",8.0564,0.268,"Female",11,"JHS 1-2","Day","Primary","Artisan","Low (<GHS 800)",3,"Both parents",39,29,60,49,44.2,70.5,NA,"No","No","No","Never",5.6,"Daily","No","Average",4.3
"GESS-S1843","SCH-085","Western",5.0585,-1.6613,"Male",18,"SHS 3+","Day","None","Civil Servant","Mid (GHS 800-2000)",5,"Single parent",84,76,NA,73,77.2,89.6,NA,"No","Yes","Yes","Sometimes",7.7,"Daily","Yes","Excellent",1.7
"GESS-S1844","SCH-097","Upper West",10.6267,-2.1661,"Female",16,"SHS 2-3","Day","SHS","Farmer","Mid (GHS 800-2000)",7,"Both parents",64,41,52,62,54.8,62.1,4.1,"No","No","No","Sometimes",8.6,"Daily","Yes","Average",2.9
"GESS-S1845","SCH-013","Volta",6.9458,0.7004,"Female",13,"JHS 1-2","Day","Primary","Artisan","High (>GHS 2000)",4,"Both parents",49,44,43,42,44.5,68.6,3.6,"No","Yes","Yes","Often",5.9,"Daily","No","Average",4.1
"GESS-S1846","SCH-060","Ashanti",6.459,-1.1007,"Female",19,"SHS 3+","Day","Primary","Unemployed","Low (<GHS 800)",7,"Both parents",67,64,71,76,69.5,92.7,2.3,"Yes","No","Yes","Sometimes",4.7,"Daily","Yes","Good",NA
"GESS-S1847","SCH-055","Western North",5.9877,-2.4443,"Female",16,"SHS 2-3","Boarding","Tertiary","Civil Servant","Low (<GHS 800)",4,"Single parent",69,61,60,51,60.2,100,NA,"Yes","No","Yes","Sometimes",8,"Daily","Yes","Good",0.8
"GESS-S1848","SCH-032","Volta",7.1493,0.8193,"Female",15,"JHS 3-SHS 1","Day","SHS","Farmer","Mid (GHS 800-2000)",3,"Both parents",68,78,63,84,73.2,81,3.1,"No","No","Yes","Never",9,"Daily","Yes","Excellent",0.3
"GESS-S1849","SCH-079","Western",4.8824,-1.5349,"Male",16,"SHS 2-3","Day","SHS","Farmer","Low (<GHS 800)",1,"Single parent",53,78,65,49,61.2,99.5,2.8,"No","No","No","Never",5.1,"Daily","Yes","Good",0.2
"GESS-S1850","SCH-056","Greater Accra",5.2219,-0.2251,"Male",13,"JHS 1-2","Day","Primary","Artisan","Mid (GHS 800-2000)",1,"Orphan",50,56,54,60,55,72.8,2.5,"No","No","No","Sometimes",1,"Never","Yes","Average",3.4
"GESS-S1851","SCH-012","Ashanti",6.5442,-1.2182,"Female",18,"SHS 3+","Day","None","Civil Servant","Low (<GHS 800)",4,"Single parent",77,66,67,84,73.5,72.2,1.1,"Yes","Yes","Yes","Sometimes",8.2,"Daily","Yes","Excellent",1
"GESS-S1852","SCH-031","Eastern",6.3968,-0.9491,"Male",12,"JHS 1-2","Day","JHS","Artisan","Low (<GHS 800)",7,"Both parents",67,64,65,66,65.5,100,1.8,"Yes","Yes","Yes","Never",4.5,"Never","Yes","Good",1.1
"GESS-S1853","SCH-058","Greater Accra",5.7686,0.0335,"Male",17,"SHS 2-3","Boarding","Tertiary","Trader","Low (<GHS 800)",6,"Single parent",69,77,NA,57,65.5,99.5,3.3,"No","Yes","No","Never",4.6,"Sometimes","Yes","Good",1.9
"GESS-S1854","SCH-021","Northern",9.9831,-0.9379,"Male",14,"JHS 3-SHS 1","Day","Primary","Farmer","Mid (GHS 800-2000)",8,"Both parents",54,75,45,61,58.8,89,4.2,"Yes","Yes","No","Often",6.7,"Never","Yes","Good",2.2
"GESS-S1855","SCH-032","Ashanti",7.1005,-1.4171,"Male",16,"SHS 2-3","Boarding","SHS","Unemployed","Mid (GHS 800-2000)",6,"Single parent",83,85,69,69,76.5,87.5,3.9,"No","Yes","No","Never",5.4,"Sometimes","Yes","Excellent",1.3
"GESS-S1856","SCH-054","Upper West",10.6008,-2.2717,"Female",16,"SHS 2-3","Boarding","None","Farmer","Low (<GHS 800)",4,"Both parents",21,32,38,43,33.5,86.7,2.4,"Yes","No","No","Never",8.3,"Never","No","Below Average",3
"GESS-S1857","SCH-016","Greater Accra",5.5266,-0.3548,"Female",15,"JHS 3-SHS 1","Boarding","Tertiary","Farmer","High (>GHS 2000)",3,"Both parents",56,62,62,71,62.8,94.1,3,"Yes","Yes","Yes","Never",8.3,"Sometimes","Yes","Good",2.1
"GESS-S1858","SCH-052","Western",5.1641,-2.6754,"Female",18,"SHS 3+","Day","Tertiary","Farmer","High (>GHS 2000)",3,"Both parents",65,75,74,83,74.2,77,4.8,"No","Yes","No","Never",8.1,"Daily","Yes","Excellent",0
"GESS-S1859","SCH-017","Volta",7.5065,0.0941,"Male",16,"SHS 2-3","Day","None","Trader","Low (<GHS 800)",11,"Both parents",55,58,52,44,52.2,100,0.7,"Yes","Yes","No","Sometimes",10,"Sometimes","Yes","Average",2.5
"GESS-S1860","SCH-013","Northern",9.5659,-0.9788,"Female",15,"JHS 3-SHS 1","Day","JHS","Professional","High (>GHS 2000)",11,"Both parents",53,12,46,45,39,75.7,3.4,"No","Yes","Yes","Never",7,"Never","No","Below Average",1.9
"GESS-S1861","SCH-084","Greater Accra",5.5853,0.4051,"Female",16,"SHS 2-3","Boarding","None","Farmer",NA,5,"Both parents",47,67,39,41,48.5,65.2,5.6,"Yes","No","No","Never",5.9,"Daily","No","Average",2.5
"GESS-S1862","SCH-051","Upper West",9.762,-2.1479,"Male",18,"SHS 3+","Day","SHS","Trader","Low (<GHS 800)",4,"Orphan",74,80,73,93,80,79.1,4.1,"Yes","Yes","No","Never",8.6,"Sometimes","Yes","Excellent",2.8
"GESS-S1863","SCH-042","Ashanti",7.2042,-1.8605,"Male",16,"SHS 2-3","Day","JHS","Artisan","Mid (GHS 800-2000)",4,"Single parent",33,29,21,27,27.5,67.5,0.9,"Yes","Yes","Yes","Never",8.6,"Never","No","Below Average",5.9
"GESS-S1864","SCH-090","Western",4.7262,-2.4899,"Female",18,"SHS 3+","Day","SHS","Trader","High (>GHS 2000)",7,"Both parents",62,53,76,46,59.2,81.4,4.7,"Yes","No","No","Never",3.5,"Daily","Yes","Good",2.5
"GESS-S1865","SCH-012","Upper West",10.594,-2.1166,"Male",16,"SHS 2-3","Day","Primary","Artisan","Low (<GHS 800)",7,"Both parents",62,37,46,65,52.5,69.3,2.8,"Yes","Yes","No","Sometimes",6,"Never","Yes","Average",2.7
"GESS-S1866","SCH-044","Volta",7.2708,0.3515,"Male",15,"JHS 3-SHS 1","Boarding","SHS","Professional","High (>GHS 2000)",4,"Single parent",58,46,45,49,49.5,84.1,NA,"No","No","Yes","Never",5.7,"Never","No","Average",4
"GESS-S1867","SCH-065","Western North",6.2742,-2.2803,"Female",17,"SHS 2-3","Boarding","SHS","Farmer","Mid (GHS 800-2000)",3,"Both parents",87,76,78,78,79.8,85.5,5.4,"No","Yes","No","Never",5.2,"Sometimes","Yes","Excellent",0.7
"GESS-S1868","SCH-098","Eastern",6.0382,0.1208,"Male",14,"JHS 3-SHS 1","Boarding","SHS","Farmer","High (>GHS 2000)",2,"Both parents",56,67,46,51,55,90.8,NA,"No","No","No","Never",8.8,"Daily","Yes","Average",1.8
"GESS-S1869","SCH-015","Bono",7.4802,-2.3345,"Male",15,"JHS 3-SHS 1","Boarding","Primary","Civil Servant","Mid (GHS 800-2000)",7,"Single parent",49,45,37,45,44,NA,3.7,"Yes","Yes","No","Never",7.7,"Sometimes","No","Average",2.6
"GESS-S1870","SCH-030","Greater Accra",6.1854,-0.1934,"Male",18,"SHS 3+","Day","SHS","Artisan","Mid (GHS 800-2000)",5,"Both parents",76,62,48,70,64,82.6,2.5,"Yes","Yes","Yes","Sometimes",6.2,"Never","Yes","Good",4.4
"GESS-S1871","SCH-089","Western",4.827,-2.4084,"Female",16,"SHS 2-3","Boarding","Tertiary","Trader","Low (<GHS 800)",4,"Both parents",85,73,62,72,73,94.3,1.7,"No","Yes","Yes","Never",3,"Daily","Yes","Excellent",NA
"GESS-S1872","SCH-050","Western North",6.7812,-2.3115,"Male",17,"SHS 2-3","Boarding","Primary","Farmer","Low (<GHS 800)",3,"Both parents",52,46,59,46,50.8,97.4,2.1,"No","No","No","Never",2.8,"Daily","Yes","Average",3.3
"GESS-S1873","SCH-003","Volta",6.7612,1.0098,"Female",13,"JHS 1-2","Day","Primary","Unemployed","Mid (GHS 800-2000)",3,"Both parents",54,37,45,57,48.2,85.8,2.4,"No","No","No","Sometimes",9.2,"Sometimes","No","Average",3.4
"GESS-S1874","SCH-045","Central",4.885,-1.0801,"Male",11,"JHS 1-2","Boarding","JHS","Unemployed","Low (<GHS 800)",6,"Both parents",63,69,72,74,69.5,63.7,1.9,"No","No","No","Sometimes",6.9,"Never","Yes","Good",3.3
"GESS-S1875","SCH-056","Greater Accra",5.3167,-0.7622,"Male",15,"JHS 3-SHS 1","Day","Primary","Farmer","Mid (GHS 800-2000)",6,"Both parents",56,50,41,42,47.2,95.1,5.9,"No","Yes","Yes","Never",9.7,"Never","No","Average",1.6
"GESS-S1876","SCH-029","Volta",6.8435,0.4247,"Male",18,"SHS 3+","Day","Primary","Unemployed","Low (<GHS 800)",3,"Orphan",75,48,64,62,62.2,67.7,3.7,"Yes","No","No","Never",5.4,"Daily","Yes","Good",NA
"GESS-S1877","SCH-084","Northern",9.7475,-0.9346,"Female",16,"SHS 2-3","Day","JHS","Artisan","Low (<GHS 800)",5,"Both parents",66,NA,51,68,59,70.5,5.2,"No","No","No","Never",2.5,"Daily","Yes","Good",3.2
"GESS-S1878","SCH-022","Northern",9.8371,-0.6108,"Male",17,"SHS 2-3","Day","JHS","Trader","Low (<GHS 800)",7,"Both parents",65,81,89,74,77.2,76.1,1.7,"No","Yes","No","Sometimes",7.2,"Sometimes","Yes","Excellent",2.2
"GESS-S1879","SCH-005","Greater Accra",5.7126,0.3301,"Female",19,"SHS 3+","Boarding","Primary","Farmer","Mid (GHS 800-2000)",4,"Both parents",42,41,38,44,41.2,73.2,2.2,"Yes","Yes","Yes","Never",6.6,"Sometimes","No","Average",3.9
"GESS-S1880","SCH-038","Eastern",6.0322,-0.6942,"Female",15,"JHS 3-SHS 1","Day","None","Civil Servant",NA,2,"Single parent",51,32,46,48,44.2,88.3,4.6,"Yes","No","No","Never",6.6,"Sometimes","No","Average",2.9
"GESS-S1881","SCH-100","North East",10.4941,0.0434,"Male",13,"JHS 1-2","Boarding","Tertiary","Farmer","Mid (GHS 800-2000)",5,"Both parents",61,47,57,58,55.8,77.1,6,"No","No","No","Never",6.1,"Sometimes","Yes","Good",3.6
"GESS-S1882","SCH-020","Ashanti",6.7759,-1.9717,"Male",14,"JHS 3-SHS 1","Boarding","Primary","Civil Servant","Low (<GHS 800)",6,"Both parents",76,72,61,58,66.8,82.5,2.8,"No","No","Yes","Never",9.9,"Never","Yes","Good",4
"GESS-S1883","SCH-022","Upper West",10.2989,-2.9737,"Female",17,"SHS 2-3","Boarding","Primary","Artisan","Low (<GHS 800)",4,"Both parents",63,80,62,66,67.8,79.1,2.3,"Yes","Yes","No","Never",9.1,"Daily","Yes","Good",2.5
"GESS-S1884","SCH-051","Western North",6.556,-2.5507,"Female",15,"JHS 3-SHS 1","Day","None","Trader","Mid (GHS 800-2000)",7,"Single parent",78,66,67,59,67.5,86.6,3.1,"No","No","No","Never",6.2,"Sometimes","Yes","Good",0.9
"GESS-S1885","SCH-065","Ashanti",6.9982,-1.6734,"Male",15,"JHS 3-SHS 1","Day","SHS","Artisan","High (>GHS 2000)",5,"Both parents",50,45,NA,59,55.5,96.1,2.5,"Yes","No","Yes","Sometimes",5.9,"Sometimes","Yes","Good",2.4
"GESS-S1886","SCH-066","Western North",6.5976,-2.6594,"Male",13,"JHS 1-2","Boarding","SHS","Unemployed","Low (<GHS 800)",3,"Both parents",73,78,88,87,81.5,88.1,NA,"No","No","No","Never",5.4,"Sometimes","Yes","Excellent",0
"GESS-S1887","SCH-067","Volta",6.4618,1.0152,"Male",17,"SHS 2-3","Boarding","Primary","Artisan",NA,8,"Single parent",62,60,54,57,58.2,81.5,5.9,"No","No","No","Never",4.6,"Daily","Yes","Good",2.8
"GESS-S1888","SCH-096","Ashanti",6.3961,-1.1319,"Male",16,"SHS 2-3","Boarding","SHS","Farmer","High (>GHS 2000)",4,"Both parents",69,64,70,68,67.8,94.3,1.6,"Yes","No","No","Never",5.3,"Sometimes","Yes","Good",1.8
"GESS-S1889","SCH-094","Upper East",10.779,-0.484,"Male",17,"SHS 2-3","Day","Primary","Professional","Low (<GHS 800)",5,"Both parents",78,76,71,89,78.5,88.8,2.1,"No","No","No","Never",8.7,"Daily","Yes","Excellent",1.1
"GESS-S1890","SCH-024","Eastern",6.7139,-0.157,"Female",17,"SHS 2-3","Day","SHS","Trader","Low (<GHS 800)",11,"Both parents",52,61,57,64,58.5,NA,1.4,"No","No","No","Never",7.4,"Never","Yes","Good",3.8
"GESS-S1891","SCH-061","Eastern",6.2109,-0.3786,"Female",16,"SHS 2-3","Day","None","Artisan","Mid (GHS 800-2000)",6,"Both parents",52,32,38,40,40.5,NA,2.2,"No","Yes","No","Never",4.4,"Never","No","Average",2.3
"GESS-S1892","SCH-072","Eastern",6.2299,-0.7444,"Male",14,"JHS 3-SHS 1","Day","None","Artisan","Mid (GHS 800-2000)",7,"Both parents",65,55,64,67,62.8,75.2,4.4,"No","Yes","No","Never",7.8,"Sometimes","Yes","Good",4.2
"GESS-S1893","SCH-089","Central",4.9763,-1.5961,"Female",12,"JHS 1-2","Day","None","Trader","Low (<GHS 800)",6,"Both parents",45,60,49,48,50.5,87.5,1,"No","Yes","No","Sometimes",8.6,"Never","Yes","Average",3.7
"GESS-S1894","SCH-029","Ashanti",7.1236,-1.7562,"Male",15,"JHS 3-SHS 1","Day","SHS","Artisan","High (>GHS 2000)",5,"Both parents",60,60,60,64,61,NA,3.3,"Yes","No","Yes","Sometimes",6.8,"Sometimes","Yes","Good",3.9
"GESS-S1895","SCH-055","Savannah",9.2933,-1.3592,"Male",14,"JHS 3-SHS 1","Day","None","Civil Servant","Mid (GHS 800-2000)",5,"Both parents",68,38,58,74,59.5,79.8,1.3,"No","Yes","No","Sometimes",10,"Daily","Yes","Good",0.7
"GESS-S1896","SCH-015","Savannah",8.5538,-2.1588,"Male",16,"SHS 2-3","Boarding","Primary","Trader","Low (<GHS 800)",5,"Both parents",50,54,54,52,52.5,98,2.7,"No","Yes","No","Never",5.2,"Sometimes","Yes","Average",2.8
"GESS-S1897","SCH-034","Ashanti",6.4452,-1.9405,"Female",20,"SHS 3+","Boarding","None","Civil Servant","High (>GHS 2000)",5,"Both parents",78,NA,98,81,84,NA,5.2,"No","Yes","Yes","Never",9.6,"Daily","Yes","Excellent",1.6
"GESS-S1898","SCH-003","Western North",6.716,-3.2235,"Female",15,"JHS 3-SHS 1","Day","JHS","Farmer","Mid (GHS 800-2000)",6,"Both parents",64,44,56,62,56.5,100,1,"No","Yes","Yes","Never",2.9,"Daily","Yes","Good",0.8
"GESS-S1899","SCH-080","Greater Accra",5.0236,0.0878,"Female",17,"SHS 2-3","Boarding","None","Farmer","High (>GHS 2000)",5,"Single parent",73,55,64,66,64.5,86.3,1.9,"No","Yes","Yes","Sometimes",NA,"Daily","Yes","Good",3.5
"GESS-S1900","SCH-039","Upper West",10.4475,-2.2776,"Male",18,"SHS 3+","Boarding","Primary","Farmer","Mid (GHS 800-2000)",6,"Both parents",72,69,NA,71,70.2,91.9,3.4,"Yes","Yes","No","Sometimes",9.6,"Daily","Yes","Excellent",0.8
"GESS-S1901","SCH-023","Central",5.5306,-0.9883,"Female",17,"SHS 2-3","Boarding","SHS","Civil Servant","High (>GHS 2000)",5,"Single parent",72,64,65,74,68.8,76.8,4.6,"No","Yes","No","Never",4.5,"Sometimes","Yes","Good",1.4
"GESS-S1902","SCH-027","Western North",6.0347,-2.415,"Female",21,"SHS 3+","Boarding","None","Unemployed","High (>GHS 2000)",2,"Both parents",60,41,47,38,46.5,96.1,3.8,"Yes","Yes","No","Sometimes",4.7,"Sometimes","No","Average",1.8
"GESS-S1903","SCH-062","Savannah",9.3852,-1.6161,"Male",16,"SHS 2-3","Day","JHS","Professional","High (>GHS 2000)",7,"Both parents",83,70,85,93,82.8,63.2,2.8,"Yes","No","No","Sometimes",5,"Daily","Yes","Excellent",0.9
"GESS-S1904","SCH-032","Central",4.8621,-1.4638,"Female",14,"JHS 3-SHS 1","Day","Primary",NA,"Mid (GHS 800-2000)",3,"Both parents",39,63,39,37,44.5,80.3,2.8,"Yes","Yes","No","Never",8.3,"Never","No","Average",5.3
"GESS-S1905","SCH-079","Central",5.2378,-1.6636,"Male",13,"JHS 1-2","Boarding","JHS","Professional","Low (<GHS 800)",4,"Single parent",58,44,48,53,50.8,94,5.1,"No","Yes","Yes","Never",5.7,"Never","Yes","Average",5.1
"GESS-S1906","SCH-038","Upper West",10.1431,-2.2639,"Female",14,"JHS 3-SHS 1","Boarding","Primary","Professional","Mid (GHS 800-2000)",6,"Orphan",57,58,51,59,56.2,73.7,3.8,"Yes","Yes","No","Never",4.2,"Sometimes","Yes","Good",1.1
"GESS-S1907","SCH-010","Northern",9.7724,-1.0931,"Female",15,"JHS 3-SHS 1","Boarding","Tertiary","Trader","Mid (GHS 800-2000)",5,"Both parents",88,85,70,74,79.2,85,2.8,"No","No","No","Never",10,"Sometimes","Yes","Excellent",1.9
"GESS-S1908","SCH-075","Bono",7.7963,-2.3947,"Male",15,"JHS 3-SHS 1","Boarding","JHS","Farmer","Mid (GHS 800-2000)",7,"Single parent",82,86,82,75,81.2,91,2.8,"No","Yes","Yes","Sometimes",5.5,"Daily","Yes","Excellent",1.7
"GESS-S1909","SCH-092","Ahafo",6.3926,-2.3487,"Male",21,"SHS 3+","Boarding","JHS","Artisan","High (>GHS 2000)",3,"Single parent",59,58,66,65,62,91.1,4.5,"Yes","Yes","Yes","Never",2.3,"Daily","Yes","Good",2
"GESS-S1910","SCH-094","Greater Accra",5.6042,-0.7031,"Female",15,"JHS 3-SHS 1","Day","Tertiary","Professional","Mid (GHS 800-2000)",4,"Both parents",69,56,69,68,65.5,88.3,3.1,"No","No","No","Often",5,"Never","Yes","Good",1
"GESS-S1911","SCH-005","Western",5.7005,-2.2123,"Female",13,"JHS 1-2","Day","SHS","Artisan","Mid (GHS 800-2000)",3,"Single parent",65,50,65,78,64.5,NA,5.2,"Yes","No","No","Never",NA,"Never","Yes","Good",0.8
"GESS-S1912","SCH-071","Ashanti",6.8473,-1.198,"Female",17,"SHS 2-3","Boarding","Primary","Artisan","High (>GHS 2000)",5,"Both parents",52,49,64,67,58,79.6,3.7,"Yes","Yes","Yes","Never",4.6,"Never","Yes","Good",3.4
"GESS-S1913","SCH-072","Western North",6.8211,-2.5237,"Male",16,"SHS 2-3","Day","None","Professional","Low (<GHS 800)",8,"Both parents",71,65,67,67,67.5,64.2,1.9,"No","Yes","Yes","Never",8.1,"Daily","Yes","Good",3.6
"GESS-S1914","SCH-085","Volta",7.1802,-0.0055,"Male",13,"JHS 1-2","Boarding","Primary","Artisan","Low (<GHS 800)",5,"Both parents",76,64,78,59,69.2,79.5,2,"Yes","Yes","No","Never",1.9,"Daily","Yes","Good",1.6
"GESS-S1915","SCH-025","Eastern",6.0193,-0.8255,"Male",12,"JHS 1-2","Boarding","None","Artisan","Mid (GHS 800-2000)",3,"Orphan",34,50,27,39,37.5,89.2,3.4,"No","Yes","No","Never",3.8,"Never","No","Below Average",2.8
"GESS-S1916","SCH-041","Eastern",6.2098,-0.2176,"Female",15,"JHS 3-SHS 1","Day","None","Farmer",NA,5,"Both parents",81,77,73,95,81.5,71.8,3.4,"No","Yes","No","Never",7.2,"Daily","Yes","Excellent",NA
"GESS-S1917","SCH-088","Western North",5.7309,-3.0472,"Male",18,"SHS 3+","Boarding","None","Artisan",NA,1,"Both parents",82,72,69,54,69.2,100,2.3,"Yes","Yes","No","Sometimes",3.9,"Sometimes","Yes","Good",3.1
"GESS-S1918","SCH-041","Ashanti",6.9067,-1.1188,"Male",17,"SHS 2-3","Day","Primary","Farmer",NA,4,"Both parents",72,57,68,68,66.2,100,3.6,"No","No","Yes","Never",5.8,"Sometimes","Yes","Good",1.3
"GESS-S1919","SCH-055","Bono East",7.2482,-1.5058,"Male",14,"JHS 3-SHS 1","Day","Tertiary","Trader",NA,7,"Single parent",100,92,100,99,97.8,81.1,2,"Yes","No","Yes","Often",5.9,"Daily","Yes","Excellent",1.7
"GESS-S1920","SCH-020","Ashanti",6.4689,-1.4288,"Male",12,"JHS 1-2","Day","None","Civil Servant","Mid (GHS 800-2000)",2,"Both parents",77,84,80,86,81.8,NA,3.6,"Yes","Yes","No","Sometimes",6.6,"Daily","Yes","Excellent",1.3
"GESS-S1921","SCH-002","Western North",5.8324,-2.7235,"Male",16,"SHS 2-3","Day","JHS","Civil Servant","Low (<GHS 800)",4,"Both parents",69,NA,67,64,66,69.2,1.6,"Yes","No","No","Sometimes",NA,"Sometimes","Yes","Good",2.2
"GESS-S1922","SCH-072","Ashanti",6.345,-1.0841,"Female",16,"SHS 2-3","Day","Tertiary","Professional",NA,6,"Orphan",36,37,35,26,33.5,67.5,3.3,"No","Yes","No","Often",2.5,"Sometimes","No","Below Average",NA
"GESS-S1923","SCH-022","Ashanti",6.914,-1.3543,"Female",15,"JHS 3-SHS 1","Day","Primary","Professional","Mid (GHS 800-2000)",4,"Both parents",62,NA,56,59,59.5,NA,1.7,"Yes","Yes","No","Sometimes",6.5,"Never","Yes","Good",3.5
"GESS-S1924","SCH-079","Greater Accra",5.9805,-0.747,"Female",13,"JHS 1-2","Day","None","Farmer","Low (<GHS 800)",2,"Both parents",50,43,37,43,43.2,86.1,1.1,"Yes","Yes","No","Never",NA,"Sometimes","No","Average",3.4
"GESS-S1925","SCH-078","North East",10.7893,-0.5178,"Female",16,"SHS 2-3","Boarding","SHS","Civil Servant","Low (<GHS 800)",1,"Both parents",72,89,88,81,82.5,58.2,5.9,"No","Yes","No","Never",8.9,"Never","Yes","Excellent",1.7
"GESS-S1926","SCH-095","Savannah",9.2259,-1.7109,"Female",16,"SHS 2-3","Day","Primary","Farmer","Mid (GHS 800-2000)",5,"Both parents",100,100,86,86,93,71.2,2.5,"No","Yes","No","Sometimes",5.6,"Daily","Yes","Excellent",2
"GESS-S1927","SCH-096","Western",5.5534,-1.9306,"Female",13,"JHS 1-2","Boarding","JHS","Trader","High (>GHS 2000)",2,"Both parents",61,71,83,50,66.2,72.4,NA,"Yes","Yes","No","Sometimes",5.8,"Daily","Yes","Good",1
"GESS-S1928","SCH-069","Bono",7.7288,-2.4062,"Female",12,"JHS 1-2","Day","Tertiary","Farmer","Mid (GHS 800-2000)",8,"Both parents",42,66,53,59,55,73.8,2,"Yes","Yes","Yes","Never",3.8,"Never","Yes","Average",3.2
"GESS-S1929","SCH-092","Ashanti",6.8301,-1.5647,"Male",13,"JHS 1-2","Day","Primary","Trader","Low (<GHS 800)",4,"Single parent",57,60,54,57,57,73.4,4.6,"No","Yes","No","Never",7.8,"Daily","Yes","Good",NA
"GESS-S1930","SCH-018","Northern",10.1337,-0.8455,"Male",13,"JHS 1-2","Day","Primary","Artisan","Mid (GHS 800-2000)",8,"Both parents",44,49,36,42,42.8,86.5,3.6,"Yes","Yes","No","Never",5.9,"Never","No","Average",3.5
"GESS-S1931","SCH-085","Ashanti",6.774,-1.4158,"Male",12,"JHS 1-2","Day","JHS","Farmer","Low (<GHS 800)",3,"Both parents",100,92,77,81,87.5,78,NA,"No","Yes","Yes","Never",3.8,"Sometimes","Yes","Excellent",2.1
"GESS-S1932","SCH-006","Volta",7.0754,0.56,"Male",15,"JHS 3-SHS 1","Day","Primary","Professional","Low (<GHS 800)",3,"Orphan",69,79,60,56,66,82.1,1.8,"Yes","Yes","No","Never",7.3,"Sometimes","Yes","Good",3
"GESS-S1933","SCH-061","Ahafo",7.2535,-2.1028,"Male",19,"SHS 3+","Boarding","Tertiary","Unemployed","Low (<GHS 800)",7,"Orphan",68,58,60,64,62.5,82.6,3.2,"No","Yes","Yes","Often",4.2,"Sometimes","Yes","Good",1.8
"GESS-S1934","SCH-086","Oti",7.8722,0.7308,"Female",16,"SHS 2-3","Day","JHS","Artisan","Mid (GHS 800-2000)",6,"Both parents",67,65,56,58,61.5,100,2.1,"Yes","Yes","Yes","Sometimes",9.1,"Daily","Yes","Good",NA
"GESS-S1935","SCH-037","Western",5.1118,-2.2916,"Female",18,"SHS 3+","Day","SHS","Unemployed","Low (<GHS 800)",6,"Single parent",72,78,46,59,63.8,96.3,2.5,"Yes","Yes","No","Never",7.1,"Daily","Yes","Good",0.2
"GESS-S1936","SCH-012","Greater Accra",6.0296,-0.0807,"Female",16,"SHS 2-3","Day","Primary","Farmer","Mid (GHS 800-2000)",6,"Both parents",18,14,29,33,23.5,58.6,1.9,"Yes","No","Yes","Sometimes",5.8,"Sometimes","No","Below Average",4.3
"GESS-S1937","SCH-061","Ahafo",7.4596,-2.7472,"Male",15,"JHS 3-SHS 1","Day","None","Trader","High (>GHS 2000)",1,"Both parents",62,67,62,61,63,87.2,3.5,"No","Yes","No","Never",6.8,"Daily","Yes","Good",1.6
"GESS-S1938","SCH-050","Greater Accra",5.3237,-0.4256,"Male",15,"JHS 3-SHS 1","Day","SHS","Professional","Mid (GHS 800-2000)",4,"Both parents",68,65,72,63,67,85.2,2.1,"No","No","No","Never",7.5,"Never","Yes","Good",3.3
"GESS-S1939","SCH-078","North East",10.2826,-0.3254,"Female",18,"SHS 3+","Boarding","SHS","Civil Servant","High (>GHS 2000)",8,"Orphan",70,NA,84,82,77.2,NA,3.7,"No","Yes","No","Never",8.4,"Daily","Yes","Excellent",2.7
"GESS-S1940","SCH-019","Upper West",9.7442,-2.3288,"Male",17,"SHS 2-3","Boarding","Primary","Civil Servant","High (>GHS 2000)",8,"Both parents",33,37,31,33,33.5,NA,3,"No","No","No","Never",NA,"Daily","No","Below Average",2
"GESS-S1941","SCH-070","Oti",7.9933,-0.2288,"Male",19,"SHS 3+","Boarding","JHS","Professional","Mid (GHS 800-2000)",4,"Both parents",66,56,57,56,58.8,94.7,1,"No","No","No","Sometimes",4.7,"Daily","Yes","Good",NA
"GESS-S1942","SCH-020","Greater Accra",5.3078,-0.1637,"Male",16,"SHS 2-3","Day","JHS","Artisan","Mid (GHS 800-2000)",2,"Both parents",47,49,56,64,54,78.3,4.6,"No","No","No","Never",6.8,"Never","Yes","Average",1
"GESS-S1943","SCH-005","Bono East",7.3225,-1.4359,"Male",12,"JHS 1-2","Day","None","Artisan","Mid (GHS 800-2000)",7,"Orphan",55,48,50,65,54.5,87.2,2.9,"No","No","No","Never",3.3,"Never","Yes","Average",3.5
"GESS-S1944","SCH-084","Greater Accra",5.9096,-0.1981,"Male",13,"JHS 1-2","Day","SHS","Professional","High (>GHS 2000)",7,"Both parents",59,NA,64,72,62.8,71.9,2.7,"No","No","Yes","Never",7.4,"Never","Yes","Good",1.6
"GESS-S1945","SCH-030","Volta",7.242,0.7392,"Female",12,"JHS 1-2","Day","SHS","Trader","Low (<GHS 800)",6,"Both parents",93,83,83,86,86.2,100,1.4,"No","Yes","Yes","Never",7.1,"Sometimes","Yes","Excellent",1.2
"GESS-S1946","SCH-008","Upper West",10.2384,-2.7511,"Male",19,"SHS 3+","Day","Tertiary","Trader","Mid (GHS 800-2000)",7,"Both parents",70,70,71,74,71.2,79.7,3.5,"Yes","Yes","No","Never",4.7,"Never","Yes","Excellent",0
"GESS-S1947","SCH-010","Volta",7.4674,0.7493,"Female",15,"JHS 3-SHS 1","Day","JHS","Farmer","High (>GHS 2000)",5,"Both parents",45,70,62,66,60.8,71.4,3.6,"No","No","No","Sometimes",6.1,"Daily","Yes","Good",2.5
"GESS-S1948","SCH-035","North East",11.0163,-0.8651,"Male",14,"JHS 3-SHS 1","Day","JHS","Farmer","High (>GHS 2000)",7,"Single parent",69,61,60,75,66.2,67.4,6.4,"No","No","No","Never",6.3,"Daily","Yes","Good",3.3
"GESS-S1949","SCH-021","North East",10.1298,-0.3521,"Female",17,"SHS 2-3","Day","JHS","Unemployed","High (>GHS 2000)",3,"Both parents",75,65,81,59,70,47.4,2.1,"No","No","No","Sometimes",4.7,"Sometimes","Yes","Good",3.4
"GESS-S1950","SCH-027","Western",5.0045,-2.5177,"Male",17,"SHS 2-3","Day","JHS","Professional","Mid (GHS 800-2000)",6,"Both parents",52,62,67,53,58.5,63.1,3.2,"No","Yes","No","Often",8,"Daily","Yes","Good",2.9
"GESS-S1951","SCH-082","Eastern",6.3944,-0.5107,"Female",15,"JHS 3-SHS 1","Boarding","Primary","Unemployed","Low (<GHS 800)",6,"Both parents",59,51,56,59,56.2,NA,0.5,"Yes","No","Yes","Sometimes",9.9,"Never","Yes","Good",1.1
"GESS-S1952","SCH-091","Ashanti",6.4225,-1.2598,"Female",18,"SHS 3+","Boarding","SHS","Professional","Mid (GHS 800-2000)",6,"Both parents",72,51,NA,59,58,72.1,3.6,"No","No","Yes","Never",5.3,"Daily","Yes","Good",0.7
"GESS-S1953","SCH-074","Ahafo",7.1329,-2.0128,"Female",15,"JHS 3-SHS 1","Boarding","SHS",NA,"Mid (GHS 800-2000)",4,"Both parents",59,35,73,70,59.2,89.5,2.8,"No","No","No","Often",8,"Never","Yes","Good",3.4
"GESS-S1954","SCH-052","Ashanti",7.0459,-1.0936,"Male",15,"JHS 3-SHS 1","Day","JHS","Farmer","Low (<GHS 800)",1,"Both parents",63,59,49,66,59.2,66,3.2,"No","No","Yes","Never",5.3,"Sometimes","Yes","Good",3.9
"GESS-S1955","SCH-071","Greater Accra",5.4169,-0.0627,"Male",13,"JHS 1-2","Day","JHS","Civil Servant","Mid (GHS 800-2000)",8,"Single parent",41,27,56,50,43.5,89.8,3.4,"No","Yes","No","Never",5.8,"Sometimes","No","Average",2.3
"GESS-S1956","SCH-018","Oti",7.2003,0.0265,"Male",16,"SHS 2-3","Boarding","JHS","Trader","Mid (GHS 800-2000)",4,"Both parents",40,30,39,32,35.2,70.2,3.7,"No","No","Yes","Often",6.4,"Daily","No","Below Average",3.1
"GESS-S1957","SCH-089","Upper West",9.6599,-2.7465,"Female",19,"SHS 3+","Boarding","JHS","Trader","Mid (GHS 800-2000)",4,"Single parent",61,49,64,71,61.2,76.3,4.9,"No","Yes","Yes","Never",7,"Sometimes","Yes","Good",0.9
"GESS-S1958","SCH-046","Volta",6.7728,-0.0639,"Female",14,"JHS 3-SHS 1","Boarding","Tertiary","Farmer","Mid (GHS 800-2000)",3,"Both parents",67,79,62,73,70.2,100,4.8,"No","Yes","No","Never",8.4,"Never","Yes","Excellent",1
"GESS-S1959","SCH-030","Northern",9.0026,-0.7211,"Male",12,"JHS 1-2","Day","Primary","Trader","Mid (GHS 800-2000)",6,"Both parents",59,63,74,62,64.5,85,3.7,"No","Yes","No","Never",4.1,"Never","Yes","Good",3.2
"GESS-S1960","SCH-027","Ashanti",6.8503,-1.2857,"Female",16,"SHS 2-3","Day","Tertiary",NA,"High (>GHS 2000)",8,"Both parents",89,76,88,70,80.8,98.6,NA,"No","No","Yes","Sometimes",7.7,"Sometimes","Yes","Excellent",0.1
"GESS-S1961","SCH-037","Central",5.1697,-1.3623,"Male",16,"SHS 2-3","Boarding","JHS","Unemployed","Low (<GHS 800)",1,"Single parent",68,70,82,57,69.2,81.1,2.1,"No","No","Yes","Never",6.2,"Sometimes","Yes","Good",2
"GESS-S1962","SCH-010","Greater Accra",5.4894,-0.1314,"Male",19,"SHS 3+","Day","Tertiary","Professional","Mid (GHS 800-2000)",5,"Both parents",99,93,72,87,87.8,82.8,3.2,"No","Yes","No","Sometimes",6.4,"Sometimes","Yes","Excellent",1.4
"GESS-S1963","SCH-094","Volta",7.0989,0.5652,"Male",15,"JHS 3-SHS 1","Boarding","JHS","Civil Servant","Mid (GHS 800-2000)",8,"Single parent",81,78,70,60,72.2,98.9,1.3,"Yes","No","Yes","Never",8.1,"Daily","Yes","Excellent",2
"GESS-S1964","SCH-019","Oti",8.2972,-0.0169,"Male",13,"JHS 1-2","Boarding","Primary","Artisan","Mid (GHS 800-2000)",4,"Single parent",47,44,46,58,48.8,95.9,4.3,"No","No","No","Never",6.6,"Sometimes","No","Average",0
"GESS-S1965","SCH-032","Western North",6.8848,-2.9486,"Female",18,"SHS 3+","Boarding","Primary","Civil Servant","Low (<GHS 800)",4,"Both parents",61,44,62,56,55.8,89.9,3,"Yes","No","No","Sometimes",2.9,"Never","Yes","Good",2.1
"GESS-S1966","SCH-010","Volta",6.9812,0.4098,"Male",13,"JHS 1-2","Day","None","Civil Servant","Mid (GHS 800-2000)",5,"Both parents",58,76,56,56,61.5,NA,2.4,"No","No","No","Never",1.8,"Never","Yes","Good",2
"GESS-S1967","SCH-091","Northern",8.9991,-1.3392,"Female",14,"JHS 3-SHS 1","Day","SHS","Artisan","Low (<GHS 800)",3,"Both parents",63,57,80,82,70.5,73.2,4.3,"Yes","No","No","Never",3.6,"Daily","Yes","Excellent",3.2
"GESS-S1968","SCH-090","Central",5.4524,-1.3953,"Male",17,"SHS 2-3","Day","Primary","Trader","High (>GHS 2000)",7,"Single parent",53,53,57,54,54.2,94.5,3.7,"Yes","Yes","No","Never",5.1,"Sometimes","Yes","Average",2.2
"GESS-S1969","SCH-014","Ashanti",7.1509,-1.1852,"Male",15,"JHS 3-SHS 1","Boarding","SHS","Unemployed","High (>GHS 2000)",6,"Both parents",86,75,89,86,84,96.9,3.7,"Yes","Yes","No","Never",6.6,"Sometimes","Yes","Excellent",2.3
"GESS-S1970","SCH-048","Northern",9.3977,-0.5907,"Male",14,"JHS 3-SHS 1","Boarding","None","Trader","Low (<GHS 800)",7,"Both parents",70,59,49,57,58.8,81.4,3.4,"No","Yes","No","Sometimes",5.1,"Daily","Yes","Good",2
"GESS-S1971","SCH-005","Oti",7.2862,0.293,"Male",15,"JHS 3-SHS 1","Day","JHS","Farmer","Low (<GHS 800)",8,"Both parents",70,64,40,60,58.5,96.8,0.8,"Yes","No","No","Never",4,"Sometimes","Yes","Good",2.8
"GESS-S1972","SCH-094","Bono",7.3431,-2.5763,"Male",16,"SHS 2-3","Day","JHS","Professional","Low (<GHS 800)",6,"Both parents",59,77,75,78,72.2,86.3,2.6,"Yes","Yes","Yes","Often",8.1,"Daily","Yes","Excellent",NA
"GESS-S1973","SCH-044","Ashanti",6.4883,-1.0405,"Female",16,"SHS 2-3","Day","None",NA,"Mid (GHS 800-2000)",7,"Both parents",47,37,38,39,40.2,62.5,3,"No","Yes","No","Never",10,"Never","No","Average",3.7
"GESS-S1974","SCH-030","Western",5.7138,-1.6466,"Female",17,"SHS 2-3","Day","Primary","Farmer",NA,5,"Both parents",24,13,25,30,23,83.3,1.8,"Yes","Yes","No","Sometimes",4,"Never","No","Below Average",3.8
"GESS-S1975","SCH-007","Volta",7.512,0.6983,"Female",16,"SHS 2-3","Day","Primary","Farmer","Mid (GHS 800-2000)",5,"Single parent",85,75,79,87,81.5,84.1,4,"Yes","Yes","Yes","Sometimes",5.1,"Daily","Yes","Excellent",1.7
"GESS-S1976","SCH-099","Volta",6.6041,0.59,"Male",15,"JHS 3-SHS 1","Day","SHS",NA,"Low (<GHS 800)",3,"Both parents",45,36,38,43,40.5,70.3,4,"No","Yes","No","Never",8.9,"Daily","No","Average",4.8
"GESS-S1977","SCH-008","Central",5.2086,-1.6979,"Female",13,"JHS 1-2","Day","Tertiary","Farmer","Mid (GHS 800-2000)",9,"Both parents",76,83,67,70,74,68.8,2.6,"No","Yes","Yes","Never",6,"Never","Yes","Excellent",NA
"GESS-S1978","SCH-023","Bono",7.9228,-2.7964,"Male",15,"JHS 3-SHS 1","Boarding","Primary","Professional","Mid (GHS 800-2000)",3,"Both parents",81,64,82,73,75,80.7,NA,"Yes","No","No","Never",4.8,"Daily","Yes","Excellent",3.1
"GESS-S1979","SCH-015","Bono East",8.3143,-1.6984,"Female",18,"SHS 3+","Boarding","JHS","Civil Servant","Low (<GHS 800)",7,"Single parent",57,65,68,62,63,93.3,2.6,"Yes","No","Yes","Never",4.4,"Never","Yes","Good",1.8
"GESS-S1980","SCH-069","Bono",7.9353,-1.7352,"Male",14,"JHS 3-SHS 1","Day","None","Artisan","Mid (GHS 800-2000)",4,"Single parent",67,71,81,73,73,52,2.4,"No","Yes","No","Never",4.2,"Daily","Yes","Excellent",2.5
"GESS-S1981","SCH-064","Ashanti",6.6506,-1.4511,"Female",15,"JHS 3-SHS 1","Day","Primary","Civil Servant","Low (<GHS 800)",4,"Both parents",80,70,73,71,73.5,79.5,2.8,"No","Yes","No","Never",5.8,"Never","Yes","Excellent",2.9
"GESS-S1982","SCH-048","Central",5.264,-1.2901,"Male",19,"SHS 3+","Boarding","JHS","Farmer",NA,6,"Both parents",42,55,48,61,51.5,79,2.6,"Yes","Yes","Yes","Never",5.1,"Sometimes","Yes","Average",0.1
"GESS-S1983","SCH-024","Eastern",6.5801,-0.0917,"Female",20,"SHS 3+","Boarding","JHS","Civil Servant","Mid (GHS 800-2000)",7,"Single parent",76,81,43,71,67.8,81.7,2.2,"No","Yes","No","Never",5.9,"Sometimes","Yes","Good",2.8
"GESS-S1984","SCH-085","Bono",8.2361,-2.7059,"Male",17,"SHS 2-3","Day","Primary","Farmer","Low (<GHS 800)",5,"Both parents",38,49,55,56,49.5,85.2,4.3,"Yes","No","Yes","Never",5,"Daily","No","Average",2.5
"GESS-S1985","SCH-018","Western North",6.3736,-2.8114,"Male",16,"SHS 2-3","Boarding","None","Civil Servant","Mid (GHS 800-2000)",8,"Both parents",73,67,66,75,70.2,100,3.3,"No","Yes","No","Never",5.2,"Sometimes","Yes","Excellent",1.1
"GESS-S1986","SCH-035","Western",5.4824,-2.378,"Female",18,"SHS 3+","Day","None","Farmer","Mid (GHS 800-2000)",4,"Both parents",72,93,100,92,89.2,82.9,1.3,"Yes","Yes","No","Never",4.5,"Daily","Yes","Excellent",0.6
"GESS-S1987","SCH-079","Western",4.6242,-1.8047,"Female",13,"JHS 1-2","Day","Primary","Farmer","Low (<GHS 800)",5,"Single parent",76,NA,77,74,73.8,59.7,0.9,"No","No","Yes","Sometimes",2.6,"Daily","Yes","Excellent",3.4
"GESS-S1988","SCH-011","Ashanti",6.091,-1.8919,"Female",16,"SHS 2-3","Day","SHS","Civil Servant","High (>GHS 2000)",7,"Both parents",44,49,40,36,42.2,92.2,3,"No","Yes","Yes","Never",7.2,"Daily","No","Average",4.8
"GESS-S1989","SCH-033","Upper East",10.714,-0.7068,"Male",14,"JHS 3-SHS 1","Day","Primary",NA,NA,4,"Single parent",88,79,77,78,80.5,89.5,1.7,"Yes","Yes","No","Sometimes",5.9,"Never","Yes","Excellent",4.1
"GESS-S1990","SCH-002","Bono",8.1119,-1.8072,"Female",15,"JHS 3-SHS 1","Boarding","JHS","Civil Servant","Mid (GHS 800-2000)",6,"Both parents",92,NA,84,81,86.2,95,4.3,"No","No","Yes","Never",NA,"Sometimes","Yes","Excellent",NA
"GESS-S1991","SCH-077","Savannah",8.7478,-1.8664,"Female",16,"SHS 2-3","Boarding","JHS","Professional","High (>GHS 2000)",1,"Both parents",83,73,67,76,74.8,89.6,4.6,"Yes","Yes","No","Never",7.5,"Sometimes","Yes","Excellent",1.3
"GESS-S1992","SCH-023","Upper West",9.825,-2.8547,"Female",16,"SHS 2-3","Day","None","Unemployed","Low (<GHS 800)",5,"Both parents",23,29,41,42,33.8,76.9,2.2,"No","No","Yes","Sometimes",1,"Sometimes","No","Below Average",3.7
"GESS-S1993","SCH-092","Central",4.9744,-1.6078,"Female",18,"SHS 3+","Boarding","SHS","Trader","Low (<GHS 800)",9,"Both parents",83,67,77,80,76.8,NA,3.2,"Yes","Yes","No","Sometimes",5.7,"Daily","Yes","Excellent",1.6
"GESS-S1994","SCH-036","Ashanti",7.1737,-1.2858,"Male",14,"JHS 3-SHS 1","Day","Tertiary","Farmer","Low (<GHS 800)",9,"Both parents",74,54,58,61,61.8,95.7,1,"Yes","No","Yes","Sometimes",5.2,"Daily","Yes","Good",3.5
"GESS-S1995","SCH-028","Central",5.4602,-0.7505,"Male",18,"SHS 3+","Day","Primary","Artisan","Mid (GHS 800-2000)",7,"Both parents",53,42,62,52,52.2,81.9,3.7,"No","No","No","Sometimes",7.5,"Never","Yes","Average",4
"GESS-S1996","SCH-060","Greater Accra",5.9637,0.3529,"Male",15,"JHS 3-SHS 1","Boarding","None","Civil Servant","Mid (GHS 800-2000)",5,"Orphan",52,52,50,65,54.8,NA,2.6,"No","Yes","Yes","Never",8,"Never","Yes","Average",3.7
"GESS-S1997","SCH-050","Ashanti",6.4921,-2.1532,"Female",15,"JHS 3-SHS 1","Day","JHS","Farmer","Low (<GHS 800)",6,"Both parents",80,81,71,81,78.2,89.2,2.5,"Yes","No","No","Sometimes",5.4,"Daily","Yes","Excellent",0.7
"GESS-S1998","SCH-074","Upper East",10.9786,-0.6336,"Female",13,"JHS 1-2","Day","None","Trader","Low (<GHS 800)",8,"Both parents",35,10,47,34,31.5,78.8,2.6,"No","Yes","No","Never",3.7,"Daily","No","Below Average",4
"GESS-S1999","SCH-089","Northern",9.2981,-0.9119,"Male",13,"JHS 1-2","Day","JHS","Artisan","Mid (GHS 800-2000)",3,"Both parents",54,51,72,56,58.2,100,4.8,"Yes","No","No","Often",5.3,"Sometimes","Yes","Good",3.1
"GESS-S2000","SCH-066","Western North",5.7685,-2.6362,"Female",12,"JHS 1-2","Day","SHS","Trader","Low (<GHS 800)",5,"Orphan",87,79,96,73,83.8,76.9,1.8,"Yes","Yes","No","Never",5.2,"Daily","Yes","Excellent",2.4
"GESS-S2001","SCH-097","Ashanti",6.1962,-1.9915,"Female",19,"SHS 3+","Boarding","None",NA,"Mid (GHS 800-2000)",1,"Both parents",89,88,83,78,84.5,69.1,4.9,"No","Yes","Yes","Never",9.5,"Sometimes","Yes","Excellent",1.3
"GESS-S2002","SCH-064","Eastern",6.1861,-0.3055,"Female",19,"SHS 3+","Day","Primary","Civil Servant","High (>GHS 2000)",4,"Single parent",67,66,61,56,62.5,NA,4.2,"Yes","Yes","Yes","Often",4.7,"Never","Yes","Good",2.6
"GESS-S2003","SCH-098","Western North",6.1324,-2.6903,"Female",13,"JHS 1-2","Boarding","JHS","Farmer","Mid (GHS 800-2000)",7,"Both parents",38,31,39,49,39.2,81,4.4,"Yes","Yes","No","Never",7.6,"Sometimes","No","Below Average",2.1
"GESS-S2004","SCH-033","Ahafo",7.3235,-2.7621,"Male",14,"JHS 3-SHS 1","Boarding","Primary","Artisan","Mid (GHS 800-2000)",4,"Both parents",48,NA,62,59,52.8,81.1,2.4,"No","Yes","No","Often",7,"Daily","Yes","Average",2.7
"GESS-S2005","SCH-060","Greater Accra",5.2029,0.1858,"Male",13,"JHS 1-2","Boarding","Primary","Farmer","Low (<GHS 800)",9,"Both parents",35,NA,45,50,44,100,3.9,"Yes","No","No","Sometimes",7.8,"Never","No","Average",3.8
"GESS-S2006","SCH-041","Western North",6.1366,-2.5195,"Male",18,"SHS 3+","Day","JHS","Trader","Mid (GHS 800-2000)",4,"Both parents",37,35,48,19,34.8,78.3,2.5,"Yes","Yes","Yes","Never",5.3,"Daily","No","Below Average",4.3
"GESS-S2007","SCH-006","Central",5.0543,-1.6125,"Female",16,"SHS 2-3","Day","Tertiary","Artisan","High (>GHS 2000)",1,"Single parent",50,42,33,45,42.5,86.9,1.4,"Yes","No","Yes","Never",NA,"Sometimes","No","Average",2.8
"GESS-S2008","SCH-098","Ashanti",7.2362,-1.0489,"Female",16,"SHS 2-3","Boarding","Tertiary","Civil Servant","Mid (GHS 800-2000)",4,"Both parents",25,40,35,30,32.5,NA,3.9,"Yes","Yes","No","Sometimes",6.3,"Sometimes","No","Below Average",3
"GESS-S2009","SCH-060","Upper East",10.4466,-1.022,"Female",17,"SHS 2-3","Day","SHS","Civil Servant","Mid (GHS 800-2000)",4,"Both parents",59,38,76,49,55.5,100,4,"Yes","Yes","No","Sometimes",8.7,"Sometimes","Yes","Good",3.4
"GESS-S2010","SCH-031","Central",5.4896,-1.6948,"Female",18,"SHS 3+","Day","None",NA,"Low (<GHS 800)",6,"Both parents",82,NA,63,76,73.8,NA,1.9,"No","Yes","Yes","Never",5.6,"Sometimes","Yes","Excellent",2.3
"GESS-S2011","SCH-056","Ashanti",6.2699,-1.7133,"Male",14,"JHS 3-SHS 1","Boarding","None","Farmer","High (>GHS 2000)",4,"Both parents",65,58,74,63,65,83.9,2.9,"Yes","Yes","No","Never",5.6,"Daily","Yes","Good",1.1
"GESS-S2012","SCH-014","Ashanti",6.6167,-2.1687,"Female",17,"SHS 2-3","Boarding","Tertiary","Trader","Low (<GHS 800)",7,"Both parents",80,72,79,79,77.5,100,5,"Yes","No","Yes","Sometimes",6.6,"Daily","Yes","Excellent",1.1
"GESS-S2013","SCH-016","Greater Accra",5.2507,-0.226,"Male",18,"SHS 3+","Day","None",NA,NA,3,"Both parents",55,57,82,58,63,78.7,1,"No","No","No","Never",6.4,"Never","Yes","Good",4.4
"GESS-S2014","SCH-068","Bono East",7.8632,-1.1194,"Female",18,"SHS 3+","Boarding","JHS","Artisan","Mid (GHS 800-2000)",3,"Both parents",37,28,37,29,32.8,NA,3.6,"No","Yes","Yes","Never",5.8,"Daily","No","Below Average",3.3
"GESS-S2015","SCH-033","Western North",6.4374,-3.1694,"Male",15,"JHS 3-SHS 1","Day","Primary","Farmer","Low (<GHS 800)",6,"Both parents",81,65,78,76,75,66.4,1.4,"Yes","Yes","Yes","Sometimes",7.9,"Sometimes","Yes","Excellent",3.3
"GESS-S2016","SCH-040","Ashanti",6.3454,-2.0269,"Male",20,"SHS 3+","Day","Tertiary","Artisan","Low (<GHS 800)",1,"Orphan",80,54,58,65,64.2,78.3,3.7,"No","No","No","Never",6.9,"Daily","Yes","Good",3.7
"GESS-S2017","SCH-039","Greater Accra",5.849,-0.2261,"Female",16,"SHS 2-3","Day","None","Farmer","Mid (GHS 800-2000)",7,"Both parents",66,63,56,61,61.5,85.3,3.6,"No","No","No","Often",8.2,"Daily","Yes","Good",NA
"GESS-S2018","SCH-065","Ashanti",6.5007,-1.3686,"Female",17,"SHS 2-3","Day","JHS","Unemployed","Mid (GHS 800-2000)",6,"Both parents",55,68,51,46,55,99.9,1.9,"No","Yes","No","Often",9.6,"Daily","Yes","Average",3.7
"GESS-S2019","SCH-062","Greater Accra",5.925,-0.2769,"Male",18,"SHS 3+","Day","None","Artisan","Mid (GHS 800-2000)",5,"Single parent",73,59,68,63,65.8,100,2.9,"Yes","Yes","No","Never",6.5,"Sometimes","Yes","Good",3.7
"GESS-S2020","SCH-069","Ahafo",6.6805,-2.9733,"Male",14,"JHS 3-SHS 1","Day","SHS","Artisan","Mid (GHS 800-2000)",3,"Both parents",73,56,77,56,65.5,81.6,0.5,"Yes","No","Yes","Sometimes",5.4,"Never","Yes","Good",1.5
"GESS-S2021","SCH-019","Western",5.1918,-1.7803,"Male",17,"SHS 2-3","Day","JHS","Civil Servant","High (>GHS 2000)",5,"Orphan",18,39,31,39,31.8,81.9,2.3,"Yes","Yes","No","Never",6.5,"Never","No","Below Average",4.2
"GESS-S2022","SCH-020","Ashanti",6.3074,-1.0506,"Male",12,"JHS 1-2","Day","None","Civil Servant","High (>GHS 2000)",9,"Both parents",61,73,64,59,64.2,86.5,5.5,"No","Yes","No","Sometimes",7.7,"Daily","Yes","Good",3.3
"GESS-S2023","SCH-100","Greater Accra",5.5806,-0.5667,"Male",16,"SHS 2-3","Day","None","Civil Servant","Low (<GHS 800)",6,"Single parent",38,34,38,44,38.5,79,3.1,"No","No","Yes","Often",3.4,"Daily","No","Below Average",5.5
"GESS-S2024","SCH-070","Ashanti",6.1552,-1.325,"Female",13,"JHS 1-2","Day","None","Unemployed","Mid (GHS 800-2000)",3,"Both parents",64,44,56,48,53,92.3,4.6,"Yes","Yes","No","Never",5.9,"Never","Yes","Average",3.9
"GESS-S2025","SCH-062","Eastern",7.0006,-0.1693,"Male",14,"JHS 3-SHS 1","Boarding","Primary","Farmer","Mid (GHS 800-2000)",5,"Both parents",63,75,67,66,67.8,76,2.7,"No","No","No","Often",3.4,"Sometimes","Yes","Good",4.1
"GESS-S2026","SCH-038","Eastern",6.6536,-0.8394,"Female",15,"JHS 3-SHS 1","Boarding","Tertiary","Trader","High (>GHS 2000)",5,"Both parents",88,80,74,56,74.5,97.6,5.3,"No","Yes","No","Never",10,"Sometimes","Yes","Excellent",1.3
"GESS-S2027","SCH-092","Bono East",7.4999,-1.9281,"Male",12,"JHS 1-2","Boarding","Primary","Artisan","High (>GHS 2000)",4,"Orphan",100,100,NA,87,93.8,97.5,6.2,"Yes","No","No","Never",6.8,"Sometimes","Yes","Excellent",1.8
"GESS-S2028","SCH-066","Greater Accra",5.2612,-0.5344,"Female",21,"SHS 3+","Day","JHS","Civil Servant","High (>GHS 2000)",6,"Single parent",47,43,43,48,45.2,75.5,4.6,"Yes","No","No","Never",5.7,"Daily","No","Average",2.8
"GESS-S2029","SCH-033","Northern",9.5824,-1.2065,"Female",15,"JHS 3-SHS 1","Boarding","JHS","Artisan","Low (<GHS 800)",8,"Single parent",53,49,45,51,49.5,NA,2.6,"No","Yes","No","Never",6,"Never","No","Average",1.7
"GESS-S2030","SCH-092","Savannah",9.4209,-1.5648,"Male",16,"SHS 2-3","Boarding","JHS","Civil Servant",NA,2,"Both parents",71,67,66,55,64.8,76.6,2.4,"No","No","No","Never",10,"Daily","Yes","Good",1.6
"GESS-S2031","SCH-054","Central",5.4832,-0.5465,"Male",19,"SHS 3+","Day","Primary","Farmer","Low (<GHS 800)",5,"Both parents",99,78,78,72,81.8,86.1,2.7,"No","Yes","No","Never",8,"Daily","Yes","Excellent",1
"GESS-S2032","SCH-096","Volta",6.6179,0.5417,"Male",14,"JHS 3-SHS 1","Day","None","Professional","Low (<GHS 800)",6,"Both parents",40,57,54,43,48.5,93.5,5.1,"No","No","Yes","Sometimes",3.1,"Sometimes","No","Average",1.6
"GESS-S2033","SCH-022","Ashanti",6.5821,-1.2812,"Female",11,"JHS 1-2","Boarding","Tertiary",NA,"Low (<GHS 800)",6,"Both parents",62,55,57,80,63.5,98.3,4.9,"No","No","No","Sometimes",8.7,"Sometimes","Yes","Good",2.9
"GESS-S2034","SCH-012","Greater Accra",5.646,0.3929,"Male",19,"SHS 3+","Boarding","Primary","Farmer",NA,4,"Both parents",82,87,68,76,78.2,65.7,3.4,"Yes","Yes","Yes","Never",NA,"Never","Yes","Excellent",3
"GESS-S2035","SCH-039","Central",5.1666,-1.1337,"Male",17,"SHS 2-3","Boarding","Tertiary","Farmer","High (>GHS 2000)",2,"Both parents",84,84,73,72,78.2,79.9,3.9,"Yes","Yes","No","Never",4.6,"Daily","Yes","Excellent",0.1
"GESS-S2036","SCH-082","Ashanti",6.9947,-1.3818,"Male",14,"JHS 3-SHS 1","Boarding","Primary","Trader","Mid (GHS 800-2000)",2,"Both parents",36,25,27,37,31.2,75.8,4.7,"No","No","No","Never",8.7,"Never","No","Below Average",5.4
"GESS-S2037","SCH-096","North East",11.1211,-0.4278,"Female",16,"SHS 2-3","Day","Primary","Farmer","Mid (GHS 800-2000)",3,"Both parents",46,47,35,53,45.2,88.3,2.3,"No","Yes","No","Never",4.8,"Never","No","Average",2
"GESS-S2038","SCH-024","Greater Accra",5.0205,-0.365,"Female",14,"JHS 3-SHS 1","Day","JHS","Civil Servant","Low (<GHS 800)",3,"Orphan",55,22,36,42,38.8,65.8,3.2,"No","Yes","Yes","Never",7.7,"Never","No","Below Average",6.1
"GESS-S2039","SCH-014","Ashanti",6.1241,-1.3173,"Male",13,"JHS 1-2","Boarding","Tertiary","Trader","High (>GHS 2000)",8,"Both parents",71,71,69,68,69.8,77.4,3.4,"No","Yes","Yes","Never",6.8,"Daily","Yes","Good",2.2
"GESS-S2040","SCH-008","Eastern",6.7377,-1.0163,"Male",17,"SHS 2-3","Day","Tertiary","Professional","High (>GHS 2000)",7,"Both parents",76,85,78,71,77.5,99.7,3,"Yes","Yes","No","Sometimes",9,"Sometimes","Yes","Excellent",1.6
"GESS-S2041","SCH-098","Savannah",9.6094,-2.1829,"Female",16,"SHS 2-3","Day","None","Professional","Low (<GHS 800)",3,"Single parent",63,41,45,52,50.2,93.2,2.4,"No","No","Yes","Never",4.4,"Sometimes","Yes","Average",1.7
"GESS-S2042","SCH-076","Upper West",10.3613,-2.6479,"Female",19,"SHS 3+","Day","JHS","Farmer","High (>GHS 2000)",10,"Both parents",70,75,78,68,72.8,80.1,3.2,"No","Yes","No","Never",5.9,"Daily","Yes","Excellent",1.3
"GESS-S2043","SCH-089","Bono",8.0462,-2.6482,"Female",19,"SHS 3+","Boarding","Tertiary","Professional","High (>GHS 2000)",1,"Single parent",82,71,72,79,76,100,2.2,"Yes","Yes","No","Often",6.2,"Sometimes","Yes","Excellent",2
"GESS-S2044","SCH-018","Western",5.391,-1.6587,"Male",11,"JHS 1-2","Day","SHS","Farmer","Low (<GHS 800)",5,"Orphan",46,51,45,60,50.5,85.8,1.9,"No","No","No","Never",3.5,"Never","Yes","Average",4.8
"GESS-S2045","SCH-052","Bono East",7.9404,-1.1187,"Female",15,"JHS 3-SHS 1","Boarding","None","Farmer","Mid (GHS 800-2000)",1,"Orphan",64,57,42,48,52.8,70.6,NA,"No","Yes","No","Never",7.6,"Daily","Yes","Average",6
"GESS-S2046","SCH-055","Bono",7.6393,-2.7253,"Male",18,"SHS 3+","Day","JHS","Trader","Low (<GHS 800)",4,"Both parents",35,22,53,39,37.2,NA,2.7,"No","No","Yes","Often",7.4,"Sometimes","No","Below Average",3.7
"GESS-S2047","SCH-021","Upper West",9.8359,-2.1177,"Male",11,"JHS 1-2","Day","Primary","Artisan","High (>GHS 2000)",5,"Both parents",87,NA,89,88,85.8,75.9,2.3,"No","Yes","No","Never",4.8,"Daily","Yes","Excellent",0.7
"GESS-S2048","SCH-094","Eastern",6.3134,-0.1215,"Male",19,"SHS 3+","Day","JHS","Professional","Low (<GHS 800)",5,"Both parents",44,56,NA,48,49.5,58.8,2.8,"Yes","Yes","No","Never",5.9,"Never","No","Average",4.6
"GESS-S2049","SCH-016","Volta",7.4996,0.0178,"Female",14,"JHS 3-SHS 1","Day","JHS","Farmer","Mid (GHS 800-2000)",6,"Both parents",74,73,NA,71,76,84.5,0.5,"No","No","Yes","Never",10,"Daily","Yes","Excellent",2.1
"GESS-S2050","SCH-025","Volta",6.5282,0.8723,"Female",17,"SHS 2-3","Boarding","Primary","Trader","High (>GHS 2000)",5,"Both parents",65,66,NA,61,63,81.9,4.3,"No","Yes","No","Never",9.5,"Daily","Yes","Good",1.8
"GESS-S2051","SCH-021","Upper West",9.8225,-2.1442,"Male",16,"SHS 2-3","Boarding","JHS","Unemployed","Low (<GHS 800)",5,"Both parents",65,53,40,50,52,100,1.7,"Yes","Yes","No","Never",9.4,"Sometimes","Yes","Average",3.1
"GESS-S2052","SCH-015","Upper West",10.4575,-2.4103,"Female",14,"JHS 3-SHS 1","Day","None","Farmer","Low (<GHS 800)",5,"Both parents",38,23,23,23,26.8,69.7,3.4,"Yes","No","No","Sometimes",6.4,"Never","No","Below Average",NA
"GESS-S2053","SCH-044","Greater Accra",6.2021,-0.6243,"Male",16,"SHS 2-3","Day","SHS","Civil Servant","Mid (GHS 800-2000)",5,"Single parent",66,65,56,62,62.2,NA,2.7,"No","Yes","Yes","Never",4.1,"Daily","Yes","Good",1.5
"GESS-S2054","SCH-092","Western",5.2369,-1.7874,"Male",13,"JHS 1-2","Boarding","Tertiary","Farmer","Mid (GHS 800-2000)",7,"Both parents",65,45,39,59,52,99.5,3,"No","No","Yes","Often",7.6,"Daily","Yes","Average",1.8
"GESS-S2055","SCH-002","Ashanti",6.8815,-1.4574,"Female",15,"JHS 3-SHS 1","Boarding","SHS","Unemployed","Mid (GHS 800-2000)",4,"Both parents",58,64,51,59,58,69.2,4.1,"No","Yes","No","Sometimes",6.7,"Daily","Yes","Good",4.9
"GESS-S2056","SCH-056","Central",5.1754,-1.4216,"Male",17,"SHS 2-3","Day","SHS","Farmer","High (>GHS 2000)",3,"Both parents",60,89,73,71,73.2,70.6,5.1,"Yes","No","No","Never",5.6,"Daily","Yes","Excellent",1.9
"GESS-S2057","SCH-026","North East",10.0306,0.1723,"Male",15,"JHS 3-SHS 1","Day","SHS","Artisan","Low (<GHS 800)",6,"Single parent",37,35,53,45,42.5,67.2,0.9,"No","Yes","No","Sometimes",1.9,"Sometimes","No","Average",3.5
"GESS-S2058","SCH-057","Central",5.963,-0.6459,"Male",18,"SHS 3+","Boarding","JHS","Artisan","Low (<GHS 800)",9,"Single parent",66,51,44,51,53,89.5,3.5,"No","No","No","Often",5.8,"Daily","Yes","Average",2.8
"GESS-S2059","SCH-066","Upper West",10.3754,-2.9273,"Female",13,"JHS 1-2","Day","SHS","Trader",NA,5,"Both parents",52,30,45,54,45.2,64.9,4.4,"No","Yes","No","Sometimes",5.5,"Daily","No","Average",4.2
"GESS-S2060","SCH-010","Eastern",5.9488,-0.4182,"Male",18,"SHS 3+","Day","None","Civil Servant",NA,3,"Both parents",40,38,22,39,34.8,83.8,2.7,"No","No","No","Often",6.1,"Daily","No","Below Average",4.3
"GESS-S2061","SCH-056","Ashanti",6.77,-1.2132,"Female",13,"JHS 1-2","Day","None","Civil Servant",NA,7,"Single parent",51,39,36,37,40.8,61.1,4.4,"Yes","Yes","Yes","Never",4.8,"Sometimes","No","Average",4.1
"GESS-S2062","SCH-049","Bono East",7.4847,-1.1622,"Male",16,"SHS 2-3","Boarding","Primary","Professional","Mid (GHS 800-2000)",9,"Both parents",73,63,71,74,70.2,88.7,4.4,"No","Yes","No","Sometimes",8.9,"Sometimes","Yes","Excellent",0.9
"GESS-S2063","SCH-001","Oti",7.267,-0.0967,"Female",16,"SHS 2-3","Day","Tertiary","Farmer","Low (<GHS 800)",4,"Both parents",94,72,44,85,73.8,87.2,4.7,"Yes","Yes","Yes","Sometimes",7.2,"Sometimes","Yes","Excellent",0
"GESS-S2064","SCH-042","Oti",7.9334,0.7677,"Female",14,"JHS 3-SHS 1","Day","Tertiary","Farmer","Low (<GHS 800)",7,"Both parents",69,81,58,54,65.5,NA,3.1,"No","Yes","No","Never",6,"Sometimes","Yes","Good",1.8
"GESS-S2065","SCH-043","Northern",9.8572,-0.9417,"Female",17,"SHS 2-3","Day","Primary","Trader","Mid (GHS 800-2000)",1,"Both parents",56,36,58,61,52.8,86.6,NA,"No","Yes","Yes","Sometimes",2.4,"Daily","Yes","Average",1.3
"GESS-S2066","SCH-027","Ashanti",6.6901,-2.1319,"Male",17,"SHS 2-3","Day","SHS","Professional","High (>GHS 2000)",3,"Single parent",43,43,59,53,49.5,85.2,2.1,"No","Yes","No","Never",5.9,"Sometimes","No","Average",3.3
"GESS-S2067","SCH-043","Bono",7.1726,-2.327,"Male",19,"SHS 3+","Day","SHS","Professional","Mid (GHS 800-2000)",4,"Both parents",83,90,100,91,91,NA,3.9,"No","No","Yes","Never",7.5,"Never","Yes","Excellent",0
"GESS-S2068","SCH-042","Ashanti",6.2209,-1.3005,"Female",18,"SHS 3+","Day","None","Artisan","Low (<GHS 800)",4,"Both parents",60,46,49,42,49.2,80.5,1.5,"No","Yes","No","Never",5.1,"Never","No","Average",2.2
"GESS-S2069","SCH-089","Eastern",6.5564,-0.4852,"Male",16,"SHS 2-3","Day","SHS","Trader","High (>GHS 2000)",5,"Both parents",58,58,60,68,61,76,3.7,"No","Yes","No","Often",7,"Never","Yes","Good",1
"GESS-S2070","SCH-042","Upper West",10.8415,-2.6195,"Male",17,"SHS 2-3","Boarding","Primary","Artisan","High (>GHS 2000)",4,"Orphan",67,38,65,48,54.5,83.5,4,"No","Yes","No","Never",5.7,"Sometimes","Yes","Average",3.1
"GESS-S2071","SCH-041","North East",10.1589,-0.4466,"Male",15,"JHS 3-SHS 1","Day","JHS","Trader","Low (<GHS 800)",5,"Both parents",67,47,75,76,66.2,77.5,1.3,"Yes","Yes","No","Never",7.9,"Sometimes","Yes","Good",2.9
"GESS-S2072","SCH-068","Central",5.1845,-0.9757,"Female",18,"SHS 3+","Day","JHS","Professional","Low (<GHS 800)",5,"Both parents",53,60,63,37,53.2,85.7,1.1,"No","No","No","Never",6.7,"Sometimes","Yes","Average",1.7
"GESS-S2073","SCH-032","Northern",9.3465,-0.6724,"Female",19,"SHS 3+","Day","Primary","Unemployed","Low (<GHS 800)",2,"Both parents",51,43,38,56,47,59.6,4.8,"No","Yes","No","Sometimes",8.7,"Sometimes","No","Average",4.4
"GESS-S2074","SCH-050","Eastern",6.3783,-0.9255,"Female",17,"SHS 2-3","Day","Tertiary","Professional","Low (<GHS 800)",5,"Single parent",40,43,39,39,40.2,76.9,4.9,"No","No","Yes","Never",10,"Never","No","Average",4.9
"GESS-S2075","SCH-027","Ashanti",6.2252,-1.5533,"Female",14,"JHS 3-SHS 1","Boarding","None","Farmer","High (>GHS 2000)",4,"Single parent",49,52,49,35,46.2,95.3,3,"Yes","Yes","Yes","Never",3.9,"Daily","No","Average",3.3
"GESS-S2076","SCH-037","Eastern",6.7583,-1.0025,"Male",17,"SHS 2-3","Boarding","SHS","Trader","Low (<GHS 800)",6,"Both parents",76,72,67,66,70.2,77.9,2.5,"Yes","Yes","No","Sometimes",6.4,"Never","Yes","Excellent",2.8
"GESS-S2077","SCH-046","Greater Accra",5.1196,0.0073,"Female",16,"SHS 2-3","Day","SHS","Trader","Mid (GHS 800-2000)",6,"Both parents",78,91,72,75,79,67.2,1.2,"No","No","No","Never",6.7,"Daily","Yes","Excellent",2
"GESS-S2078","SCH-088","Western North",6.3335,-2.4721,"Male",14,"JHS 3-SHS 1","Day","None","Trader","Mid (GHS 800-2000)",6,"Orphan",86,75,77,87,81.2,60.9,2.2,"Yes","Yes","No","Never",4.3,"Daily","Yes","Excellent",3.9
"GESS-S2079","SCH-071","Upper East",10.8504,-0.9365,"Male",21,"SHS 3+","Day","Tertiary","Trader","Mid (GHS 800-2000)",2,"Both parents",84,88,89,75,84,68.3,3.3,"Yes","Yes","No","Never",6.5,"Sometimes","Yes","Excellent",0
"GESS-S2080","SCH-086","Bono",7.6936,-1.7496,"Male",18,"SHS 3+","Day","None","Civil Servant","Mid (GHS 800-2000)",5,"Both parents",67,64,67,64,65.5,95,2.6,"Yes","Yes","No","Never",10,"Never","Yes","Good",NA
"GESS-S2081","SCH-065","Greater Accra",5.3785,-0.6031,"Male",15,"JHS 3-SHS 1","Day","Tertiary","Trader","Mid (GHS 800-2000)",6,"Both parents",88,82,88,91,87.2,66.4,1.8,"No","Yes","No","Never",7.7,"Sometimes","Yes","Excellent",1.3
"GESS-S2082","SCH-014","Ashanti",6.1398,-2.1644,"Female",15,"JHS 3-SHS 1","Day","SHS","Unemployed","Mid (GHS 800-2000)",8,"Both parents",66,94,NA,65,72,83.1,2.2,"Yes","No","Yes","Never",3.1,"Sometimes","Yes","Excellent",NA
"GESS-S2083","SCH-017","Bono",8.1902,-2.8465,"Female",17,"SHS 2-3","Day","SHS","Professional","Low (<GHS 800)",3,"Both parents",90,63,77,82,78,89.1,3.2,"No","Yes","No","Never",6.9,"Sometimes","Yes","Excellent",0.9
"GESS-S2084","SCH-028","Upper East",11.2913,-0.6004,"Female",15,"JHS 3-SHS 1","Boarding","SHS","Artisan",NA,1,"Both parents",60,53,51,43,51.8,67.9,1.8,"No","Yes","No","Never",6.1,"Sometimes","Yes","Average",3.2
"GESS-S2085","SCH-072","Greater Accra",5.4359,-0.1703,"Female",18,"SHS 3+","Boarding","Primary","Professional","Low (<GHS 800)",7,"Both parents",61,55,43,43,50.5,74.7,2.8,"Yes","Yes","No","Never",8.2,"Never","Yes","Average",4
"GESS-S2086","SCH-049","Ashanti",7.1357,-1.8198,"Male",15,"JHS 3-SHS 1","Day","JHS","Artisan","Mid (GHS 800-2000)",5,"Single parent",74,66,67,71,69.5,64.9,2.4,"Yes","No","Yes","Never",7.5,"Never","Yes","Good",3
"GESS-S2087","SCH-031","Oti",8.2098,0.3817,"Female",13,"JHS 1-2","Boarding","Tertiary","Farmer","High (>GHS 2000)",5,"Both parents",65,82,68,54,67.2,NA,3.8,"Yes","Yes","Yes","Never",4.3,"Sometimes","Yes","Good",1.8
"GESS-S2088","SCH-060","Upper East",10.4744,-0.824,"Female",14,"JHS 3-SHS 1","Boarding","JHS","Unemployed","High (>GHS 2000)",3,"Both parents",44,56,62,51,53.2,74.3,4.5,"Yes","No","No","Sometimes",4.8,"Never","Yes","Average",3.3
"GESS-S2089","SCH-074","Greater Accra",5.2329,-0.2064,"Male",13,"JHS 1-2","Day","SHS","Artisan","Low (<GHS 800)",7,"Both parents",93,93,96,89,92.8,70.4,3.4,"No","No","No","Never",3.2,"Daily","Yes","Excellent",2.9
"GESS-S2090","SCH-003","Ashanti",6.4775,-2.1773,"Female",15,"JHS 3-SHS 1","Day","Primary","Artisan","Mid (GHS 800-2000)",6,"Orphan",98,95,82,88,90.8,82.6,4.3,"No","Yes","Yes","Sometimes",4.2,"Sometimes","Yes","Excellent",0.3
"GESS-S2091","SCH-039","Greater Accra",5.5026,0.3723,"Male",15,"JHS 3-SHS 1","Day","JHS","Civil Servant","Mid (GHS 800-2000)",5,"Both parents",56,42,48,53,49.8,73.5,4.7,"Yes","No","Yes","Often",6,"Daily","No","Average",2.3
"GESS-S2092","SCH-072","Western North",5.7536,-2.9073,"Female",14,"JHS 3-SHS 1","Day","JHS","Artisan","Mid (GHS 800-2000)",4,"Single parent",56,51,62,75,61,85.4,3.8,"No","Yes","Yes","Often",5.7,"Daily","Yes","Good",3.6
"GESS-S2093","SCH-019","Savannah",8.9496,-2.1791,"Female",16,"SHS 2-3","Day","SHS","Artisan","Mid (GHS 800-2000)",4,"Both parents",99,100,81,100,95,86.3,3.3,"No","Yes","No","Never",5.8,"Daily","Yes","Excellent",1.1
"GESS-S2094","SCH-078","Upper West",10.0434,-2.449,"Female",14,"JHS 3-SHS 1","Day","None","Civil Servant","High (>GHS 2000)",10,"Both parents",30,NA,38,44,36.2,86.5,2.9,"Yes","No","No","Never",6.3,"Sometimes","No","Below Average",5.5
"GESS-S2095","SCH-031","Ahafo",6.5632,-2.0653,"Male",16,"SHS 2-3","Day","None","Farmer","Low (<GHS 800)",5,"Both parents",70,68,84,73,73.8,87.7,3.7,"Yes","Yes","Yes","Never",3.7,"Daily","Yes","Excellent",3
"GESS-S2096","SCH-012","Bono East",7.6531,-1.6903,"Male",15,"JHS 3-SHS 1","Boarding","JHS","Farmer","Mid (GHS 800-2000)",6,"Both parents",49,56,71,62,59.5,69.7,4.9,"No","No","No","Sometimes",9,"Never","Yes","Good",2
"GESS-S2097","SCH-059","Volta",6.7321,0.2873,"Female",19,"SHS 3+","Day","JHS","Trader","Low (<GHS 800)",5,"Orphan",72,75,64,75,71.5,73.4,4.4,"No","No","Yes","Never",3.4,"Never","Yes","Excellent",3.6
"GESS-S2098","SCH-064","Upper East",10.638,-0.3842,"Male",14,"JHS 3-SHS 1","Day","Tertiary","Trader","Low (<GHS 800)",4,"Both parents",74,79,69,67,72.2,71.6,2.5,"No","No","No","Sometimes",7.3,"Sometimes","Yes","Excellent",1.2
"GESS-S2099","SCH-081","Ashanti",7.1019,-1.3513,"Female",15,"JHS 3-SHS 1","Boarding","Primary","Farmer","High (>GHS 2000)",4,"Single parent",53,47,44,51,48.8,99.2,4.6,"No","No","No","Never",6.7,"Sometimes","No","Average",1.7
"GESS-S2100","SCH-050","Bono",8.0241,-2.1719,"Male",13,"JHS 1-2","Day","SHS","Farmer","Mid (GHS 800-2000)",5,"Single parent",54,70,65,56,61.2,78.7,2.9,"No","No","Yes","Never",7.3,"Daily","Yes","Good",2.8
"GESS-S2101","SCH-005","Western",4.6625,-2.5231,"Male",19,"SHS 3+","Day","Tertiary","Civil Servant","Mid (GHS 800-2000)",2,"Both parents",70,55,60,70,63.8,100,1.9,"No","Yes","No","Often",NA,"Daily","Yes","Good",3.5
"GESS-S2102","SCH-071","Eastern",5.9042,-0.5921,"Male",16,"SHS 2-3","Boarding","SHS","Trader","Mid (GHS 800-2000)",4,"Both parents",79,82,74,69,76,60.2,3.9,"No","No","No","Sometimes",5.5,"Sometimes","Yes","Excellent",2.5
"GESS-S2103","SCH-095","Central",5.1039,-0.7884,"Male",13,"JHS 1-2","Day","Primary","Trader","Low (<GHS 800)",2,"Single parent",92,51,70,73,71.5,73,3.4,"No","Yes","Yes","Sometimes",8.5,"Daily","Yes","Excellent",2.7
"GESS-S2104","SCH-094","Bono East",7.3172,-1.2351,"Female",19,"SHS 3+","Day","Tertiary","Professional","Mid (GHS 800-2000)",8,"Single parent",83,64,NA,75,75.5,82.2,2.9,"Yes","No","Yes","Never",3.4,"Daily","Yes","Excellent",3.2
"GESS-S2105","SCH-098","Volta",6.9879,0.5032,"Female",16,"SHS 2-3","Day","JHS","Unemployed","Mid (GHS 800-2000)",2,"Both parents",58,31,47,40,44,94.6,4.2,"No","No","Yes","Often",4.7,"Daily","No","Average",3.9
"GESS-S2106","SCH-093","Ashanti",7.2693,-1.0827,"Female",14,"JHS 3-SHS 1","Boarding","Primary","Farmer","Low (<GHS 800)",8,"Both parents",66,66,68,56,64,89.3,0.8,"No","No","No","Never",4.8,"Daily","Yes","Good",2.7
"GESS-S2107","SCH-074","Ashanti",6.3257,-1.2165,"Female",17,"SHS 2-3","Day","None","Farmer","Low (<GHS 800)",5,"Both parents",42,42,49,43,44,76.4,2.4,"No","Yes","Yes","Never",3.5,"Daily","No","Average",3.9
"GESS-S2108","SCH-016","Upper East",11.2142,-1.0694,"Male",14,"JHS 3-SHS 1","Boarding","Tertiary","Civil Servant","Low (<GHS 800)",4,"Single parent",67,73,56,62,64.5,73.1,2.3,"No","No","No","Sometimes",5.7,"Daily","Yes","Good",3.5
"GESS-S2109","SCH-059","Savannah",8.6134,-1.316,"Female",16,"SHS 2-3","Boarding","SHS","Artisan","Mid (GHS 800-2000)",3,"Both parents",87,50,59,56,63,100,NA,"Yes","Yes","No","Never",5.2,"Daily","Yes","Good",1.2
"GESS-S2110","SCH-042","Western",5.0297,-1.6921,"Female",15,"JHS 3-SHS 1","Boarding","None","Trader","Low (<GHS 800)",3,"Both parents",57,40,35,58,47.5,100,0.9,"No","No","No","Never",8.3,"Never","No","Average",3
"GESS-S2111","SCH-022","Northern",9.0968,-0.9864,"Male",17,"SHS 2-3","Boarding","JHS","Civil Servant","Low (<GHS 800)",4,"Single parent",70,72,71,60,68.2,81.8,4.1,"No","Yes","No","Never",7.8,"Sometimes","Yes","Good",2.2
"GESS-S2112","SCH-033","Northern",10.1372,-1.2007,"Male",15,"JHS 3-SHS 1","Day","Tertiary","Trader","Low (<GHS 800)",3,"Both parents",35,32,24,29,30,NA,2,"Yes","Yes","No","Never",2.9,"Never","No","Below Average",4
"GESS-S2113","SCH-090","Ashanti",6.1276,-1.6965,"Female",17,"SHS 2-3","Boarding","None","Professional","Mid (GHS 800-2000)",2,"Single parent",62,71,84,70,71.8,NA,2.8,"No","No","No","Sometimes",5.8,"Never","Yes","Excellent",2.1
"GESS-S2114","SCH-083","Ashanti",6.4883,-1.6374,"Male",15,"JHS 3-SHS 1","Day","None","Trader","Mid (GHS 800-2000)",7,"Both parents",50,63,18,40,42.8,79.4,2.2,"No","No","No","Often",7.8,"Never","No","Average",5.2
"GESS-S2115","SCH-014","Ashanti",6.5839,-1.5374,"Female",15,"JHS 3-SHS 1","Day","JHS","Trader","Mid (GHS 800-2000)",3,"Both parents",48,51,50,39,47,97.5,2.8,"No","No","No","Sometimes",5.3,"Daily","No","Average",2.6
"GESS-S2116","SCH-032","Ahafo",7.4897,-2.1781,"Male",14,"JHS 3-SHS 1","Day","SHS","Civil Servant","Low (<GHS 800)",3,"Both parents",35,NA,NA,32,42.2,76.6,2.9,"No","Yes","No","Sometimes",5.7,"Sometimes","No","Average",4.1
"GESS-S2117","SCH-013","Ahafo",6.5454,-2.2267,"Female",13,"JHS 1-2","Boarding","JHS","Artisan","Low (<GHS 800)",4,"Both parents",42,56,64,43,51.2,83.6,4.3,"No","No","Yes","Never",8.2,"Sometimes","Yes","Average",4.3
"GESS-S2118","SCH-001","Ashanti",6.9294,-1.5389,"Male",18,"SHS 3+","Day","JHS","Civil Servant","Mid (GHS 800-2000)",7,"Both parents",67,72,55,75,67.2,72.3,3.5,"No","No","Yes","Often",8.7,"Sometimes","Yes","Good",1.6
"GESS-S2119","SCH-055","Western",5.3054,-2.381,"Male",18,"SHS 3+","Boarding","SHS","Civil Servant","High (>GHS 2000)",1,"Both parents",42,26,41,50,39.8,88.7,4,"Yes","No","No","Sometimes",6.1,"Daily","No","Below Average",3.4
"GESS-S2120","SCH-061","Greater Accra",5.861,-0.5915,"Female",14,"JHS 3-SHS 1","Day","SHS","Trader","Low (<GHS 800)",6,"Both parents",82,71,83,78,78.5,94.5,3.8,"No","Yes","No","Never",4.1,"Daily","Yes","Excellent",1
"GESS-S2121","SCH-050","Greater Accra",6.0886,0.1249,"Female",16,"SHS 2-3","Boarding","JHS","Artisan","Low (<GHS 800)",8,"Both parents",37,37,53,40,41.8,90.6,3.8,"Yes","No","Yes","Never",8,"Sometimes","No","Average",3.3
"GESS-S2122","SCH-089","Upper West",10.1677,-2.3838,"Male",14,"JHS 3-SHS 1","Day","None","Trader","Low (<GHS 800)",5,"Both parents",78,74,80,82,78.5,66.9,4.5,"No","Yes","No","Never",7.9,"Never","Yes","Excellent",2.4
"GESS-S2123","SCH-069","Ashanti",6.2183,-1.6693,"Male",16,"SHS 2-3","Day","JHS","Farmer","Mid (GHS 800-2000)",4,"Both parents",41,12,40,34,31.8,77.1,2.2,"No","No","No","Sometimes",4.8,"Sometimes","No","Below Average",4
"GESS-S2124","SCH-054","Western",5.3848,-2.5987,"Female",13,"JHS 1-2","Day","JHS","Trader","High (>GHS 2000)",7,"Both parents",57,NA,70,68,56.8,83.2,3,"Yes","Yes","Yes","Sometimes",4.4,"Daily","Yes","Good",2.4
"GESS-S2125","SCH-030","Bono East",8.0802,-2.1469,"Male",16,"SHS 2-3","Day","None","Unemployed","Low (<GHS 800)",3,"Both parents",48,69,38,50,51.2,41.3,1.9,"No","Yes","Yes","Never",3.6,"Sometimes","Yes","Average",5.5
"GESS-S2126","SCH-023","Ashanti",6.5021,-1.58,"Male",18,"SHS 3+","Day","JHS","Civil Servant","High (>GHS 2000)",6,"Both parents",36,46,24,42,37,85,6.5,"Yes","Yes","No","Sometimes",2.1,"Daily","No","Below Average",5.1
"GESS-S2127","SCH-094","Central",4.943,-0.6582,"Female",18,"SHS 3+","Day","SHS","Artisan","Mid (GHS 800-2000)",6,"Both parents",40,19,40,29,32,98.6,2.7,"Yes","No","Yes","Never",3.8,"Sometimes","No","Below Average",4
"GESS-S2128","SCH-075","Central",5.5633,-0.8162,"Male",18,"SHS 3+","Day","JHS","Civil Servant","Low (<GHS 800)",5,"Both parents",66,60,39,69,58.5,62.9,3.2,"No","Yes","Yes","Never",8.2,"Daily","Yes","Good",3.6
"GESS-S2129","SCH-020","Volta",7.0255,0.2498,"Female",18,"SHS 3+","Day","JHS","Unemployed","Mid (GHS 800-2000)",8,"Orphan",61,63,61,53,59.5,71.5,3.8,"Yes","Yes","No","Sometimes",8.7,"Sometimes","Yes","Good",3.9
"GESS-S2130","SCH-056","Eastern",6.304,-0.7924,"Female",14,"JHS 3-SHS 1","Day","JHS","Farmer","High (>GHS 2000)",8,"Both parents",66,56,49,52,55.8,77.6,5.6,"No","No","Yes","Never",5.9,"Daily","Yes","Good",1.9
"GESS-S2131","SCH-037","Northern",9.5247,-1.0386,"Female",13,"JHS 1-2","Boarding","JHS","Artisan","Mid (GHS 800-2000)",3,"Both parents",72,64,92,66,73.5,85.1,6.4,"No","No","No","Never",6.2,"Never","Yes","Excellent",1.8
"GESS-S2132","SCH-037","Volta",7.2478,1.0471,"Male",18,"SHS 3+","Boarding","JHS","Trader","High (>GHS 2000)",10,"Orphan",45,45,44,48,45.5,76.4,5.4,"Yes","Yes","No","Never",8.2,"Never","No","Average",4.1
"GESS-S2133","SCH-033","Volta",7.2545,0.7348,"Female",17,"SHS 2-3","Boarding","None","Farmer","Low (<GHS 800)",6,"Single parent",79,65,64,73,70.2,70.2,1.7,"Yes","No","Yes","Never",8.6,"Never","Yes","Excellent",2
"GESS-S2134","SCH-048","Greater Accra",5.7544,-0.6337,"Male",18,"SHS 3+","Day","None","Unemployed","Low (<GHS 800)",6,"Both parents",41,18,31,41,32.8,73,3.6,"Yes","Yes","No","Never",7.9,"Daily","No","Below Average",4.1
"GESS-S2135","SCH-007","Central",5.988,-1.3223,"Male",13,"JHS 1-2","Boarding","None","Civil Servant","Low (<GHS 800)",8,"Both parents",68,73,53,73,66.8,95.8,5.3,"No","No","No","Sometimes",2.7,"Sometimes","Yes","Good",2.6
"GESS-S2136","SCH-005","Oti",7.2512,0.479,"Female",15,"JHS 3-SHS 1","Day","SHS","Artisan","Mid (GHS 800-2000)",6,"Both parents",96,85,77,95,88.2,80.4,1.6,"Yes","No","No","Sometimes",5.9,"Never","Yes","Excellent",2.4
"GESS-S2137","SCH-047","Oti",7.9615,0.8221,"Female",16,"SHS 2-3","Day","SHS","Trader","Mid (GHS 800-2000)",4,"Both parents",67,59,59,73,64.5,99.1,4.6,"No","Yes","Yes","Never",4.8,"Daily","Yes","Good",0.6
"GESS-S2138","SCH-051","Upper West",10.3564,-2.0741,"Female",15,"JHS 3-SHS 1","Day","JHS","Civil Servant","Low (<GHS 800)",4,"Single parent",52,NA,51,58,48.8,77.7,2.4,"Yes","Yes","No","Sometimes",8.1,"Sometimes","No","Average",2.4
"GESS-S2139","SCH-016","Ashanti",6.3946,-2.081,"Female",17,"SHS 2-3","Boarding","Primary","Trader","Mid (GHS 800-2000)",2,"Orphan",63,NA,81,74,70,52.9,3.3,"No","No","No","Never",3.9,"Daily","Yes","Good",3.3
"GESS-S2140","SCH-036","Eastern",6.3073,-0.9038,"Male",17,"SHS 2-3","Boarding","None","Farmer","High (>GHS 2000)",1,"Single parent",66,57,60,66,62.2,83.5,5.3,"Yes","Yes","Yes","Often",6.7,"Daily","Yes","Good",1.9
"GESS-S2141","SCH-081","Ashanti",6.1602,-2.1168,"Female",14,"JHS 3-SHS 1","Boarding","SHS","Civil Servant","Mid (GHS 800-2000)",5,"Both parents",45,48,78,51,55.5,83.5,3.2,"No","Yes","Yes","Never",5.9,"Never","Yes","Good",1.1
"GESS-S2142","SCH-022","Oti",7.8974,0.5111,"Male",17,"SHS 2-3","Boarding","SHS","Unemployed","Low (<GHS 800)",2,"Both parents",49,34,48,41,43,75.4,2,"Yes","Yes","No","Sometimes",5.8,"Sometimes","No","Average",4.1
"GESS-S2143","SCH-014","Eastern",6.3176,0.0311,"Female",17,"SHS 2-3","Boarding","None",NA,"Low (<GHS 800)",3,"Both parents",44,NA,NA,41,44,66.5,3.5,"Yes","Yes","No","Never",5.9,"Sometimes","No","Average",2.9
"GESS-S2144","SCH-020","Western",4.5338,-2.1497,"Female",18,"SHS 3+","Day","None","Civil Servant","Mid (GHS 800-2000)",4,"Single parent",34,56,47,56,48.2,86.2,2.9,"No","Yes","No","Never",NA,"Daily","No","Average",4
"GESS-S2145","SCH-068","Western North",6.8111,-3.1304,"Male",19,"SHS 3+","Boarding","Primary","Professional","Low (<GHS 800)",7,"Single parent",51,34,35,42,40.5,90.4,3.7,"Yes","Yes","Yes","Never",6.9,"Never","No","Average",3
"GESS-S2146","SCH-052","Bono",7.3268,-2.5885,"Female",15,"JHS 3-SHS 1","Day","SHS","Trader","Low (<GHS 800)",3,"Single parent",45,51,65,51,53,83.8,3.7,"No","No","No","Never",9.2,"Never","Yes","Average",2.9
"GESS-S2147","SCH-059","Upper West",10.4278,-2.6477,"Male",16,"SHS 2-3","Day","SHS","Farmer","Low (<GHS 800)",5,"Single parent",72,77,59,85,73.2,72.8,2,"Yes","Yes","Yes","Never",6.1,"Never","Yes","Excellent",0.7
"GESS-S2148","SCH-042","Ahafo",7.1216,-2.0726,"Female",17,"SHS 2-3","Boarding","Tertiary","Unemployed","High (>GHS 2000)",2,"Both parents",51,47,67,54,54.8,94,3,"No","No","No","Sometimes",5.6,"Daily","Yes","Average",2.7
"GESS-S2149","SCH-003","Greater Accra",5.9118,-0.3871,"Male",15,"JHS 3-SHS 1","Boarding","JHS","Civil Servant","Mid (GHS 800-2000)",5,"Both parents",74,68,71,79,73,69.1,4.6,"No","No","No","Sometimes",4.9,"Never","Yes","Excellent",NA
"GESS-S2150","SCH-097","Eastern",6.5834,-0.8245,"Male",17,"SHS 2-3","Day","Tertiary","Farmer","Low (<GHS 800)",9,"Both parents",63,60,42,70,58.8,96.4,3.9,"No","No","No","Sometimes",5.4,"Sometimes","Yes","Good",3.4
"GESS-S2151","SCH-076","Ashanti",6.2072,-1.9501,"Male",17,"SHS 2-3","Day","JHS","Artisan","Mid (GHS 800-2000)",7,"Single parent",57,47,47,64,53.8,58.1,2.9,"No","No","Yes","Never",2.9,"Daily","Yes","Average",2.8
"GESS-S2152","SCH-021","Upper East",10.8506,-0.3294,"Female",17,"SHS 2-3","Day","SHS","Civil Servant","Low (<GHS 800)",7,"Both parents",89,87,72,90,84.5,88.8,2.7,"Yes","Yes","No","Sometimes",7.9,"Sometimes","Yes","Excellent",0.2
"GESS-S2153","SCH-085","Ashanti",6.6664,-1.0829,"Female",16,"SHS 2-3","Boarding","JHS","Unemployed","High (>GHS 2000)",6,"Both parents",62,37,48,53,50,76.3,2.2,"Yes","Yes","Yes","Never",4.3,"Daily","Yes","Average",2.7
"GESS-S2154","SCH-081","Ashanti",6.7824,-1.2091,"Male",19,"SHS 3+","Day","SHS","Trader","Mid (GHS 800-2000)",4,"Orphan",79,57,60,61,64.2,92.7,4.2,"No","No","Yes","Sometimes",4.1,"Sometimes","Yes","Good",3.1
"GESS-S2155","SCH-003","Ashanti",6.1139,-1.3884,"Female",17,"SHS 2-3","Boarding","Primary","Trader","Low (<GHS 800)",5,"Single parent",56,73,68,65,65.5,73.9,2.7,"Yes","No","No","Sometimes",3.3,"Sometimes","Yes","Good",1.2
"GESS-S2156","SCH-079","Bono East",7.9948,-1.4321,"Male",12,"JHS 1-2","Day","SHS","Professional","Low (<GHS 800)",3,"Both parents",60,75,64,56,63.8,93.4,1.6,"Yes","Yes","No","Sometimes",8.2,"Never","Yes","Good",2.5
"GESS-S2157","SCH-091","Greater Accra",5.6861,0.1441,"Female",18,"SHS 3+","Day","SHS","Artisan","Mid (GHS 800-2000)",7,"Both parents",48,47,62,55,53,91.8,1.6,"No","Yes","No","Never",3.5,"Sometimes","Yes","Average",4
"GESS-S2158","SCH-090","Bono East",8.3161,-1.77,"Male",15,"JHS 3-SHS 1","Day","SHS","Unemployed","High (>GHS 2000)",8,"Both parents",74,59,59,72,66,76.5,1.9,"Yes","Yes","Yes","Sometimes",2.5,"Never","Yes","Good",3.1
"GESS-S2159","SCH-094","Western",5.4618,-2.2763,"Male",13,"JHS 1-2","Day","JHS","Artisan","Mid (GHS 800-2000)",4,"Both parents",72,68,71,67,69.5,82,1.4,"No","Yes","No","Sometimes",9.2,"Never","Yes","Good",1.1
"GESS-S2160","SCH-012","Upper West",10.3549,-1.9569,"Female",16,"SHS 2-3","Day","JHS","Trader","Low (<GHS 800)",3,"Orphan",51,73,39,53,54,94,5,"Yes","No","No","Sometimes",7.4,"Sometimes","Yes","Average",2.8
"GESS-S2161","SCH-064","Ashanti",6.2212,-1.687,"Female",15,"JHS 3-SHS 1","Day","None","Artisan","High (>GHS 2000)",9,"Single parent",59,71,74,85,72.2,73.3,3,"No","Yes","No","Never",5.3,"Never","Yes","Excellent",2
"GESS-S2162","SCH-050","Ashanti",7.1931,-2.0402,"Female",19,"SHS 3+","Day","JHS","Trader","Low (<GHS 800)",3,"Orphan",55,37,59,56,51.8,89.9,NA,"Yes","No","No","Often",7,"Sometimes","Yes","Average",3.8
"GESS-S2163","SCH-057","Savannah",9.3723,-2.0783,"Female",19,"SHS 3+","Day","Primary","Farmer","Mid (GHS 800-2000)",5,"Both parents",47,38,34,39,39.5,70.8,3.1,"No","No","No","Sometimes",3.4,"Never","No","Below Average",3
"GESS-S2164","SCH-021","Upper West",10.7493,-2.4537,"Female",18,"SHS 3+","Day","Tertiary","Unemployed","Mid (GHS 800-2000)",6,"Both parents",79,70,84,66,74.8,80.7,4.4,"Yes","Yes","No","Sometimes",3.9,"Daily","Yes","Excellent",2.8
"GESS-S2165","SCH-004","Greater Accra",5.5126,-0.6179,"Male",19,"SHS 3+","Day","Tertiary","Trader","Low (<GHS 800)",4,"Both parents",64,62,57,62,61.2,75.9,2.1,"Yes","Yes","No","Sometimes",6.7,"Daily","Yes","Good",4.1
"GESS-S2166","SCH-077","Northern",9.1571,-1.0781,"Female",16,"SHS 2-3","Day","SHS","Artisan","Low (<GHS 800)",10,"Both parents",62,75,81,79,74.2,99.8,1.5,"No","Yes","No","Never",4,"Sometimes","Yes","Excellent",0.7
"GESS-S2167","SCH-043","Northern",9.1681,-1.3898,"Female",15,"JHS 3-SHS 1","Boarding","Tertiary","Unemployed","Low (<GHS 800)",2,"Both parents",63,63,79,72,69.2,92.6,3.3,"Yes","No","No","Never",5.1,"Sometimes","Yes","Good",1
"GESS-S2168","SCH-048","Greater Accra",5.3936,0.3929,"Male",20,"SHS 3+","Day","Tertiary","Artisan","Low (<GHS 800)",5,"Single parent",74,67,69,54,66,92,2.4,"Yes","No","Yes","Never",2.8,"Daily","Yes","Good",3.6
"GESS-S2169","SCH-040","Ashanti",7.0644,-2.1421,"Male",13,"JHS 1-2","Day","JHS","Trader","Mid (GHS 800-2000)",2,"Both parents",47,66,76,60,62.2,80.9,3.5,"No","No","No","Never",7.6,"Daily","Yes","Good",2.3
"GESS-S2170","SCH-072","Volta",7.54,0.8849,"Female",14,"JHS 3-SHS 1","Boarding","None","Civil Servant","High (>GHS 2000)",7,"Both parents",62,48,66,63,59.8,88.5,3.9,"No","Yes","Yes","Never",8.2,"Sometimes","Yes","Good",1.8
"GESS-S2171","SCH-010","North East",9.9923,0.0346,"Female",16,"SHS 2-3","Day","Tertiary","Civil Servant","Low (<GHS 800)",9,"Both parents",52,65,54,69,60,78.9,2.2,"Yes","No","No","Sometimes",5.3,"Daily","Yes","Good",2.1
"GESS-S2172","SCH-023","Upper East",10.8602,-0.6927,"Female",19,"SHS 3+","Day","JHS","Farmer","High (>GHS 2000)",2,"Both parents",63,57,58,57,58.8,77.5,3.6,"No","Yes","No","Never",6.6,"Never","Yes","Good",2.8
"GESS-S2173","SCH-020","Eastern",5.911,-0.5977,"Female",11,"JHS 1-2","Day","SHS","Farmer","Low (<GHS 800)",7,"Both parents",64,69,68,79,70,70.6,4,"Yes","Yes","Yes","Never",9.6,"Never","Yes","Good",0.9
"GESS-S2174","SCH-069","Central",5.3215,-1.435,"Male",17,"SHS 2-3","Boarding","Primary","Trader","High (>GHS 2000)",3,"Both parents",58,48,67,77,62.5,72.9,3.3,"No","Yes","Yes","Sometimes",7.8,"Daily","Yes","Good",1.6
"GESS-S2175","SCH-067","Ashanti",6.6934,-1.1148,"Female",16,"SHS 2-3","Boarding","Primary","Farmer","High (>GHS 2000)",7,"Single parent",42,46,70,50,52,92,4.6,"No","No","No","Never",7.6,"Daily","Yes","Average",3.4
"GESS-S2176","SCH-080","Western North",6.4346,-2.6117,"Female",14,"JHS 3-SHS 1","Day","JHS","Farmer","Mid (GHS 800-2000)",8,"Both parents",55,52,56,69,58,98,0.8,"Yes","Yes","No","Never",9,"Sometimes","Yes","Good",2.2
"GESS-S2177","SCH-057","Ashanti",7.0764,-1.2427,"Male",18,"SHS 3+","Day","SHS","Professional","Low (<GHS 800)",7,"Both parents",26,32,38,25,30.2,87.1,4.3,"No","No","Yes","Never",7.8,"Sometimes","No","Below Average",5.1
"GESS-S2178","SCH-080","Western",4.6287,-1.711,"Female",18,"SHS 3+","Boarding","JHS","Farmer","Mid (GHS 800-2000)",7,"Both parents",30,45,51,54,45,77,2.7,"Yes","Yes","No","Never",3.6,"Never","No","Average",3.5
"GESS-S2179","SCH-053","Volta",7.5818,0.7883,"Female",20,"SHS 3+","Boarding","Tertiary","Farmer","Low (<GHS 800)",4,"Single parent",90,86,70,93,84.8,88.7,1.4,"Yes","Yes","Yes","Never",6.4,"Daily","Yes","Excellent",0.7
"GESS-S2180","SCH-096","Western",4.8294,-1.5321,"Male",13,"JHS 1-2","Day","Primary","Trader","Low (<GHS 800)",1,"Orphan",67,61,64,59,62.8,93,3.5,"No","Yes","No","Never",2.7,"Sometimes","Yes","Good",2.8
"GESS-S2181","SCH-009","Ashanti",6.7484,-1.1191,"Female",19,"SHS 3+","Day","Tertiary","Artisan","Low (<GHS 800)",8,"Both parents",85,68,70,84,76.8,98.4,NA,"Yes","Yes","No","Sometimes",1.2,"Sometimes","Yes","Excellent",3.3
"GESS-S2182","SCH-058","Upper West",10.6238,-2.487,"Male",15,"JHS 3-SHS 1","Boarding","SHS","Artisan","High (>GHS 2000)",6,"Orphan",100,100,83,97,95,69.1,4,"No","Yes","No","Never",8.7,"Daily","Yes","Excellent",0.6
"GESS-S2183","SCH-051","Greater Accra",5.3983,-0.6959,"Female",18,"SHS 3+","Boarding","Tertiary","Professional","Low (<GHS 800)",5,"Single parent",78,60,73,64,68.8,NA,2.9,"No","No","No","Sometimes",4.5,"Daily","Yes","Good",3.2
"GESS-S2184","SCH-063","Bono East",7.6217,-2.0774,"Male",18,"SHS 3+","Boarding","Tertiary","Farmer","Mid (GHS 800-2000)",3,"Both parents",69,68,83,68,72,69.8,3.4,"Yes","No","Yes","Never",3.7,"Never","Yes","Excellent",2.2
"GESS-S2185","SCH-097","Ashanti",6.5386,-1.135,"Male",19,"SHS 3+","Boarding","None","Professional","Mid (GHS 800-2000)",7,"Both parents",53,57,58,59,56.8,88.8,2.6,"No","No","No","Often",1.7,"Never","Yes","Good",0.9
"GESS-S2186","SCH-068","Ashanti",6.9834,-1.4706,"Male",16,"SHS 2-3","Day","None","Trader","Mid (GHS 800-2000)",7,"Both parents",57,67,64,60,62,90.1,NA,"Yes","Yes","No","Never",3.5,"Sometimes","Yes","Good",0.5
"GESS-S2187","SCH-098","Northern",8.9713,-1.1906,"Female",15,"JHS 3-SHS 1","Day","Tertiary","Farmer","Mid (GHS 800-2000)",6,"Both parents",78,78,69,72,74.2,71.2,2.5,"Yes","No","No","Never",2.7,"Never","Yes","Excellent",1.3
"GESS-S2188","SCH-012","Western",5.6596,-1.7284,"Female",16,"SHS 2-3","Boarding","JHS","Civil Servant","Mid (GHS 800-2000)",1,"Both parents",54,45,48,43,47.5,100,NA,"No","Yes","No","Never",5.1,"Daily","No","Average",2.1
"GESS-S2189","SCH-011","Greater Accra",5.343,-0.5725,"Female",16,"SHS 2-3","Day","None","Farmer","Mid (GHS 800-2000)",7,"Single parent",44,49,66,49,52,88.1,2.2,"No","Yes","No","Often",8,"Daily","Yes","Average",3
"GESS-S2190","SCH-026","Volta",7.3488,0.4945,"Male",17,"SHS 2-3","Boarding","SHS","Professional","Low (<GHS 800)",5,"Both parents",61,43,55,57,54,100,4.8,"No","No","Yes","Never",5.6,"Never","Yes","Average",2.9
"GESS-S2191","SCH-094","North East",10.4854,0.086,"Male",15,"JHS 3-SHS 1","Boarding","None","Farmer","Mid (GHS 800-2000)",1,"Both parents",49,32,37,57,43.8,69.1,3.6,"Yes","Yes","No","Often",5.1,"Never","No","Average",5.4
"GESS-S2192","SCH-071","Greater Accra",6.021,0.1982,"Female",21,"SHS 3+","Day","None","Farmer","Low (<GHS 800)",4,"Both parents",54,55,50,60,54.8,79,3.9,"No","Yes","Yes","Never",6.8,"Daily","Yes","Average",1.3
"GESS-S2193","SCH-024","Ashanti",6.2167,-1.1612,"Male",15,"JHS 3-SHS 1","Day","None",NA,"Low (<GHS 800)",2,"Both parents",64,56,54,56,57.5,64.9,2.7,"No","No","No","Sometimes",4.7,"Sometimes","Yes","Good",2.6
"GESS-S2194","SCH-031","North East",10.4113,-0.7966,"Female",18,"SHS 3+","Day","SHS","Civil Servant","High (>GHS 2000)",5,"Orphan",60,57,61,43,55.2,83.1,2.4,"No","Yes","Yes","Sometimes",10,"Daily","Yes","Good",3.6
"GESS-S2195","SCH-049","Northern",9.2488,-1.015,"Female",15,"JHS 3-SHS 1","Boarding","JHS","Civil Servant","High (>GHS 2000)",6,"Both parents",74,70,61,64,67.2,79.6,3,"No","Yes","No","Never",2.4,"Sometimes","Yes","Good",3.2
"GESS-S2196","SCH-037","Central",5.0886,-1.4337,"Male",12,"JHS 1-2","Boarding","SHS","Civil Servant",NA,9,"Both parents",59,71,73,83,71.5,63.2,NA,"No","No","Yes","Never",7.1,"Daily","Yes","Excellent",4
"GESS-S2197","SCH-014","Western North",6.0565,-2.2137,"Male",15,"JHS 3-SHS 1","Day","Tertiary","Civil Servant","High (>GHS 2000)",5,"Both parents",75,70,55,67,66.8,67.4,1.9,"No","No","No","Never",8.8,"Sometimes","Yes","Good",1.9
"GESS-S2198","SCH-004","Oti",7.865,0.3121,"Female",14,"JHS 3-SHS 1","Day","JHS","Artisan","Mid (GHS 800-2000)",4,"Both parents",56,36,46,51,47.2,91.2,2.1,"Yes","Yes","Yes","Never",6.3,"Sometimes","No","Average",1.2
"GESS-S2199","SCH-039","Western",5.6709,-1.8817,"Female",13,"JHS 1-2","Boarding","None","Trader","High (>GHS 2000)",4,"Both parents",100,96,96,90,95.5,91.9,5.4,"No","Yes","No","Never",7,"Daily","Yes","Excellent",0.9
"GESS-S2200","SCH-026","Eastern",6.1687,-0.1114,"Male",16,"SHS 2-3","Boarding","Tertiary","Trader","Mid (GHS 800-2000)",7,"Both parents",86,71,62,79,74.5,88.9,2.7,"No","No","Yes","Never",7.8,"Daily","Yes","Excellent",1.5
"GESS-S2201","SCH-010","Ashanti",6.9207,-1.9807,"Male",20,"SHS 3+","Day","SHS","Farmer","High (>GHS 2000)",5,"Both parents",73,68,61,59,65.2,81.1,1.7,"No","Yes","No","Never",9.8,"Daily","Yes","Good",NA
"GESS-S2202","SCH-059","Greater Accra",5.1144,0.4009,"Female",19,"SHS 3+","Boarding","SHS","Trader","High (>GHS 2000)",6,"Both parents",79,70,58,46,63.2,84.5,3.2,"No","Yes","Yes","Never",3.7,"Never","Yes","Good",2.4
"GESS-S2203","SCH-082","Volta",6.4513,-0.0497,"Female",15,"JHS 3-SHS 1","Day","None",NA,NA,9,"Single parent",63,NA,84,66,69.5,NA,3.1,"No","Yes","Yes","Sometimes",5.4,"Daily","Yes","Good",3.3
"GESS-S2204","SCH-027","Savannah",9.5902,-2.2257,"Male",14,"JHS 3-SHS 1","Day","JHS","Professional","High (>GHS 2000)",5,"Both parents",78,76,86,85,81.2,62.5,2.7,"Yes","Yes","No","Sometimes",5,"Daily","Yes","Excellent",0.8
"GESS-S2205","SCH-043","Greater Accra",5.3482,-0.2522,"Male",15,"JHS 3-SHS 1","Day","None","Farmer","Low (<GHS 800)",6,"Both parents",69,21,37,56,45.8,NA,3.4,"No","Yes","No","Never",4.6,"Sometimes","No","Average",1.8
"GESS-S2206","SCH-087","Northern",9.5923,-1.0294,"Female",17,"SHS 2-3","Day","Primary","Farmer","Mid (GHS 800-2000)",8,"Both parents",57,62,54,60,58.2,98.2,4.3,"No","Yes","No","Never",5.2,"Sometimes","Yes","Good",1.2
"GESS-S2207","SCH-069","Eastern",6.9051,0.003,"Male",15,"JHS 3-SHS 1","Boarding","SHS","Farmer","High (>GHS 2000)",8,"Orphan",51,51,62,57,55.2,100,3.4,"Yes","No","Yes","Never",6.2,"Daily","Yes","Good",2.3
"GESS-S2208","SCH-096","Upper West",10.2248,-2.7848,"Female",17,"SHS 2-3","Day","SHS","Artisan","High (>GHS 2000)",1,"Both parents",78,74,75,75,75.5,87.5,3.9,"No","Yes","No","Never",9.6,"Never","Yes","Excellent",3.1
"GESS-S2209","SCH-080","Ashanti",7.2682,-1.1854,"Female",14,"JHS 3-SHS 1","Boarding","SHS","Artisan","High (>GHS 2000)",4,"Both parents",63,71,53,57,61,96.7,1.8,"No","Yes","Yes","Never",8.7,"Sometimes","Yes","Good",1.4
"GESS-S2210","SCH-047","Bono East",7.5942,-1.2031,"Female",17,"SHS 2-3","Day","Primary","Farmer","Mid (GHS 800-2000)",5,"Both parents",84,95,99,79,89.2,87.1,2.5,"No","Yes","Yes","Sometimes",5.6,"Daily","Yes","Excellent",0.1
"GESS-S2211","SCH-055","Western",4.9543,-1.5957,"Male",17,"SHS 2-3","Boarding","SHS","Farmer","Low (<GHS 800)",6,"Single parent",59,59,67,55,60,80,4,"No","No","No","Never",3.8,"Sometimes","Yes","Good",1.4
"GESS-S2212","SCH-070","Central",5.4325,-1.3389,"Male",13,"JHS 1-2","Boarding","JHS","Artisan","High (>GHS 2000)",5,"Both parents",70,56,62,73,65.2,100,2.8,"Yes","No","No","Never",8.7,"Sometimes","Yes","Good",3.8
"GESS-S2213","SCH-033","North East",10.8033,-0.1673,"Female",15,"JHS 3-SHS 1","Day","JHS","Artisan","Mid (GHS 800-2000)",4,"Single parent",66,51,64,60,60.2,77.6,3.8,"Yes","Yes","No","Never",6.8,"Sometimes","Yes","Good",NA
"GESS-S2214","SCH-080","Eastern",5.9237,-0.8834,"Female",19,"SHS 3+","Boarding","Tertiary","Farmer","Low (<GHS 800)",2,"Single parent",64,48,59,66,59.2,83.9,NA,"No","Yes","No","Never",3.5,"Daily","Yes","Good",2.6
"GESS-S2215","SCH-005","Ashanti",6.9638,-1.0405,"Male",14,"JHS 3-SHS 1","Day","Tertiary","Farmer","Low (<GHS 800)",9,"Both parents",77,69,77,67,72.5,91.3,3.6,"Yes","No","No","Never",6,"Never","Yes","Excellent",1.1
"GESS-S2216","SCH-094","Upper East",10.2679,-1.1761,"Male",14,"JHS 3-SHS 1","Day","None","Trader","Mid (GHS 800-2000)",2,"Both parents",48,41,39,44,43,63,5.1,"No","No","Yes","Often",7.8,"Daily","No","Average",3.9
"GESS-S2217","SCH-045","Ashanti",6.5659,-1.8309,"Female",19,"SHS 3+","Boarding","None","Trader","Low (<GHS 800)",6,"Both parents",90,70,76,73,77.2,100,2.8,"No","No","Yes","Never",5.7,"Daily","Yes","Excellent",1
"GESS-S2218","SCH-017","Ashanti",6.4148,-1.6485,"Female",16,"SHS 2-3","Day","SHS","Trader","Mid (GHS 800-2000)",7,"Both parents",53,60,52,45,52.5,94.9,2.3,"Yes","No","No","Never",4.6,"Daily","Yes","Average",2.4
"GESS-S2219","SCH-004","Savannah",8.7691,-2.0749,"Male",20,"SHS 3+","Boarding","JHS","Professional","Low (<GHS 800)",1,"Both parents",79,59,67,62,66.8,100,3.2,"No","Yes","Yes","Never",9.3,"Daily","Yes","Good",2.3
"GESS-S2220","SCH-051","Bono",7.4124,-1.7534,"Female",14,"JHS 3-SHS 1","Day","SHS","Farmer","Mid (GHS 800-2000)",6,"Both parents",57,72,81,53,65.8,82.6,3.4,"No","No","No","Never",6.2,"Never","Yes","Good",0.3
"GESS-S2221","SCH-093","Northern",9.0799,-1.1659,"Female",19,"SHS 3+","Day","SHS","Farmer","High (>GHS 2000)",4,"Single parent",55,55,57,56,55.8,87.6,3.7,"No","Yes","No","Sometimes",7.1,"Sometimes","Yes","Good",3.7
"GESS-S2222","SCH-007","Eastern",6.1051,-0.4746,"Male",18,"SHS 3+","Boarding","Primary","Trader","Mid (GHS 800-2000)",3,"Both parents",80,44,48,61,58.2,87.2,3.5,"Yes","Yes","No","Sometimes",3.9,"Sometimes","Yes","Good",2.9
"GESS-S2223","SCH-068","Volta",6.5336,0.3176,"Female",15,"JHS 3-SHS 1","Boarding","None","Trader","High (>GHS 2000)",5,"Both parents",64,48,54,55,55.2,90.4,NA,"Yes","Yes","No","Sometimes",7.1,"Daily","Yes","Good",1.9
"GESS-S2224","SCH-013","Ashanti",6.8078,-1.7359,"Male",20,"SHS 3+","Boarding","JHS","Artisan",NA,2,"Both parents",71,51,62,46,57.5,84.1,2,"Yes","Yes","No","Never",5.6,"Daily","Yes","Good",4
"GESS-S2225","SCH-049","Bono",7.2942,-2.4336,"Male",16,"SHS 2-3","Day","None","Trader","Mid (GHS 800-2000)",7,"Both parents",51,36,36,31,38.5,74.6,3.6,"No","No","Yes","Never",5.6,"Sometimes","No","Below Average",4
"GESS-S2226","SCH-090","Northern",9.9197,-1.0116,"Female",14,"JHS 3-SHS 1","Boarding","Primary","Trader","Low (<GHS 800)",5,"Both parents",86,72,76,64,74.5,71.3,3.7,"No","No","Yes","Sometimes",5.1,"Sometimes","Yes","Excellent",1.8
"GESS-S2227","SCH-052","Oti",8.2955,0.6877,"Female",18,"SHS 3+","Day","JHS","Civil Servant","Mid (GHS 800-2000)",7,"Both parents",70,66,67,87,72.5,NA,1.6,"Yes","Yes","Yes","Never",5.8,"Daily","Yes","Excellent",2.3
"GESS-S2228","SCH-010","Central",4.9038,-0.5697,"Female",14,"JHS 3-SHS 1","Day","None","Professional","Mid (GHS 800-2000)",3,"Both parents",72,45,76,55,62,83.9,1.9,"Yes","Yes","No","Never",7.9,"Daily","Yes","Good",2.2
"GESS-S2229","SCH-049","Eastern",5.9032,-0.1495,"Male",14,"JHS 3-SHS 1","Day","Primary","Trader",NA,6,"Both parents",67,66,61,73,66.8,95.4,4.6,"No","No","Yes","Never",6.6,"Sometimes","Yes","Good",1.4
"GESS-S2230","SCH-028","Ashanti",6.6797,-1.428,"Male",18,"SHS 3+","Day","Primary","Farmer","Low (<GHS 800)",3,"Single parent",63,43,69,70,61.2,70.3,0.8,"Yes","No","No","Never",7.1,"Never","Yes","Good",2
"GESS-S2231","SCH-069","Western North",5.7219,-2.5012,"Female",15,"JHS 3-SHS 1","Day","None","Farmer","Mid (GHS 800-2000)",3,"Both parents",74,75,71,73,73.2,83.5,4.2,"Yes","No","Yes","Never",5.7,"Never","Yes","Excellent",1.6
"GESS-S2232","SCH-046","Northern",9.0965,-0.4715,"Male",13,"JHS 1-2","Day","SHS","Farmer","Low (<GHS 800)",2,"Both parents",52,35,57,49,48.2,69.6,3,"No","No","No","Never",6.4,"Never","No","Average",4.5
"GESS-S2233","SCH-041","Upper West",10.4561,-2.105,"Female",17,"SHS 2-3","Boarding","None",NA,"Mid (GHS 800-2000)",4,"Both parents",50,37,60,30,44.2,59.9,3.5,"No","Yes","Yes","Never",7,"Never","No","Average",3.3
"GESS-S2234","SCH-095","Greater Accra",6.1342,-0.1854,"Female",15,"JHS 3-SHS 1","Day","Tertiary","Trader",NA,6,"Both parents",59,43,35,49,46.5,78.5,2.1,"No","Yes","No","Never",7.3,"Never","No","Average",3.9
"GESS-S2235","SCH-036","Central",5.1741,-1.6922,"Male",15,"JHS 3-SHS 1","Boarding","JHS","Farmer","Low (<GHS 800)",5,"Both parents",48,45,65,52,52.5,70.3,2.1,"No","No","Yes","Never",3,"Daily","Yes","Average",3.3
"GESS-S2236","SCH-025","Greater Accra",6.1804,0.0943,"Female",21,"SHS 3+","Day","JHS","Trader","Low (<GHS 800)",3,"Both parents",59,47,76,67,62.2,92.2,2.8,"No","Yes","Yes","Never",7.6,"Daily","Yes","Good",0.6
"GESS-S2237","SCH-076","Greater Accra",5.3968,-0.7256,"Female",14,"JHS 3-SHS 1","Boarding","SHS","Farmer","Low (<GHS 800)",8,"Both parents",32,43,17,24,29,80.3,4.3,"Yes","No","No","Often",2.1,"Never","No","Below Average",6.2
"GESS-S2238","SCH-059","Bono",7.668,-2.2678,"Male",16,"SHS 2-3","Day","Primary","Professional","Low (<GHS 800)",2,"Both parents",41,42,42,36,40.2,85.5,3.2,"Yes","No","Yes","Sometimes",7.5,"Daily","No","Average",3.1
"GESS-S2239","SCH-014","Ashanti",6.159,-1.2605,"Male",14,"JHS 3-SHS 1","Day","JHS","Farmer","Mid (GHS 800-2000)",6,"Both parents",44,54,67,63,57,79,3.1,"No","Yes","No","Never",4.8,"Daily","Yes","Good",2.5
"GESS-S2240","SCH-082","Northern",9.4823,-0.253,"Female",13,"JHS 1-2","Boarding","Primary","Artisan","High (>GHS 2000)",4,"Both parents",59,46,58,59,55.5,74.4,6.7,"No","Yes","No","Never",8.6,"Sometimes","Yes","Good",1.8
"GESS-S2241","SCH-022","Ahafo",6.9038,-2.0546,"Male",17,"SHS 2-3","Day","JHS","Trader","High (>GHS 2000)",4,"Both parents",84,52,76,73,71.2,99.3,3.3,"Yes","No","No","Sometimes",8.3,"Daily","Yes","Excellent",0.5
"GESS-S2242","SCH-054","Western",5.2172,-1.6348,"Male",13,"JHS 1-2","Day","None","Farmer","Low (<GHS 800)",2,"Both parents",39,35,60,58,48,81.8,2.9,"No","Yes","No","Sometimes",4.4,"Never","No","Average",3.1
"GESS-S2243","SCH-012","Western",5.4983,-2.3709,"Female",16,"SHS 2-3","Boarding","JHS","Civil Servant","Low (<GHS 800)",4,"Single parent",37,41,36,47,40.2,87.1,1.8,"No","Yes","No","Often",NA,"Sometimes","No","Average",4.9
"GESS-S2244","SCH-082","Bono",7.6362,-2.9154,"Female",16,"SHS 2-3","Boarding","SHS","Civil Servant","Mid (GHS 800-2000)",3,"Single parent",63,69,76,63,67.8,75.1,2.7,"Yes","No","No","Sometimes",10,"Sometimes","Yes","Good",0.3
"GESS-S2245","SCH-070","Upper East",11.1184,-0.8754,"Male",12,"JHS 1-2","Day","JHS","Civil Servant","Mid (GHS 800-2000)",5,"Both parents",39,34,36,28,34.2,80.7,3.5,"Yes","Yes","No","Sometimes",8.7,"Daily","No","Below Average",2.6
"GESS-S2246","SCH-017","Central",5.3637,-1.493,"Male",14,"JHS 3-SHS 1","Boarding","Primary","Civil Servant","Low (<GHS 800)",8,"Single parent",53,50,28,40,42.8,93.6,2.9,"Yes","No","No","Never",8.4,"Daily","No","Average",2
"GESS-S2247","SCH-060","Greater Accra",5.5347,0.3979,"Female",14,"JHS 3-SHS 1","Day","JHS","Unemployed","Mid (GHS 800-2000)",2,"Single parent",50,28,39,58,43.8,74.4,0.8,"No","Yes","No","Sometimes",7,"Sometimes","No","Average",4.6
"GESS-S2248","SCH-018","Eastern",7.0369,-0.8479,"Female",18,"SHS 3+","Day","JHS","Civil Servant","High (>GHS 2000)",4,"Both parents",85,41,51,58,58.8,81.6,2.1,"Yes","No","No","Never",3.4,"Never","Yes","Good",1
"GESS-S2249","SCH-052","Upper West",10.454,-1.9569,"Male",14,"JHS 3-SHS 1","Day","Primary","Farmer","Low (<GHS 800)",11,"Orphan",97,73,73,89,83,71.8,2.4,"Yes","Yes","No","Never",6.4,"Sometimes","Yes","Excellent",4.1
"GESS-S2250","SCH-012","Bono East",7.861,-1.6306,"Male",18,"SHS 3+","Boarding","None","Farmer",NA,3,"Orphan",54,59,60,55,57,77.9,2.5,"Yes","No","No","Sometimes",3.6,"Sometimes","Yes","Good",4.1
"GESS-S2251","SCH-035","Oti",7.493,0.8174,"Female",12,"JHS 1-2","Day","Primary","Artisan","High (>GHS 2000)",7,"Both parents",86,74,75,79,78.5,82.2,2.7,"Yes","No","Yes","Never",5.9,"Sometimes","Yes","Excellent",1
"GESS-S2252","SCH-080","Ashanti",6.931,-1.739,"Female",17,"SHS 2-3","Day","Primary","Farmer",NA,5,"Both parents",69,76,62,83,72.5,86.5,3.4,"No","Yes","No","Never",7.2,"Sometimes","Yes","Excellent",1.2
"GESS-S2253","SCH-023","Northern",10.0189,-0.3978,"Female",14,"JHS 3-SHS 1","Day","SHS","Artisan","Low (<GHS 800)",4,"Both parents",48,40,56,55,49.8,74.7,2.5,"No","No","Yes","Sometimes",6.5,"Sometimes","No","Average",4.9
"GESS-S2254","SCH-086","Western",5.0761,-2.0268,"Male",19,"SHS 3+","Boarding","SHS","Artisan","Low (<GHS 800)",8,"Both parents",68,76,81,59,71,74.9,1.8,"No","No","No","Never",6.5,"Daily","Yes","Excellent",1.6
"GESS-S2255","SCH-017","Upper East",11.0158,-0.5047,"Male",13,"JHS 1-2","Day","JHS","Artisan","Mid (GHS 800-2000)",4,"Both parents",72,61,38,52,55.8,NA,2.5,"Yes","Yes","No","Never",4.8,"Never","Yes","Good",2.6
"GESS-S2256","SCH-049","Ashanti",6.343,-1.4461,"Male",14,"JHS 3-SHS 1","Boarding","JHS","Civil Servant","Low (<GHS 800)",4,"Both parents",57,53,43,57,52.5,100,0.5,"Yes","Yes","No","Never",4.8,"Never","Yes","Average",3.9
"GESS-S2257","SCH-011","Bono",7.7865,-2.715,"Female",16,"SHS 2-3","Day","Primary","Unemployed","Mid (GHS 800-2000)",4,"Orphan",50,52,61,58,55.2,70.5,4,"Yes","Yes","No","Never",7.4,"Never","Yes","Good",4.8
"GESS-S2258","SCH-090","Volta",7.3922,0.3111,"Female",13,"JHS 1-2","Day","None","Farmer","High (>GHS 2000)",9,"Single parent",70,68,77,81,74,100,4.6,"No","No","Yes","Never",4,"Sometimes","Yes","Excellent",2.1
"GESS-S2259","SCH-091","Ashanti",7.0909,-1.7098,"Male",12,"JHS 1-2","Boarding","JHS","Civil Servant","High (>GHS 2000)",4,"Single parent",75,78,65,59,69.2,92.2,2,"No","No","No","Never",4.1,"Never","Yes","Good",0.7
"GESS-S2260","SCH-014","Eastern",7.0056,-0.5561,"Male",16,"SHS 2-3","Day","Primary","Trader","Mid (GHS 800-2000)",4,"Single parent",71,55,69,65,65,99.9,1.4,"Yes","Yes","No","Sometimes",7.7,"Sometimes","Yes","Good",1.1
"GESS-S2261","SCH-059","Ahafo",6.5198,-2.9586,"Female",15,"JHS 3-SHS 1","Boarding","JHS","Trader",NA,5,"Both parents",57,52,60,39,52,81.5,3.4,"Yes","Yes","Yes","Never",4.8,"Daily","Yes","Average",2.1
"GESS-S2262","SCH-037","Volta",7.1679,0.072,"Female",18,"SHS 3+","Boarding","Primary","Artisan","Mid (GHS 800-2000)",1,"Orphan",58,56,56,55,56.2,72,5.2,"No","Yes","Yes","Never",4.3,"Never","Yes","Good",3.1
"GESS-S2263","SCH-036","Eastern",6.5386,-0.017,"Male",18,"SHS 3+","Boarding","None","Civil Servant",NA,3,"Both parents",36,41,32,49,39.5,NA,2.4,"No","Yes","No","Never",5.2,"Daily","No","Below Average",4.3
"GESS-S2264","SCH-009","Western North",5.8675,-2.578,"Female",13,"JHS 1-2","Day","JHS","Unemployed","Mid (GHS 800-2000)",1,"Both parents",58,38,51,52,49.8,87.3,2.4,"Yes","Yes","No","Never",5.8,"Never","No","Average",2.6
"GESS-S2265","SCH-006","Central",5.4777,-1.4893,"Male",15,"JHS 3-SHS 1","Boarding","SHS","Unemployed","Mid (GHS 800-2000)",7,"Single parent",73,88,75,65,75.2,73.7,5.6,"No","No","Yes","Sometimes",9.4,"Sometimes","Yes","Excellent",0
"GESS-S2266","SCH-081","Oti",7.4501,0.5338,"Female",15,"JHS 3-SHS 1","Boarding","Tertiary",NA,"High (>GHS 2000)",4,"Single parent",82,74,58,71,71.2,100,4.2,"Yes","Yes","No","Sometimes",7.6,"Daily","Yes","Excellent",2.2
"GESS-S2267","SCH-078","Greater Accra",6.1484,-0.1707,"Male",14,"JHS 3-SHS 1","Boarding","None","Artisan","High (>GHS 2000)",8,"Both parents",21,20,28,22,22.8,NA,3.2,"No","Yes","Yes","Never",6.9,"Daily","No","Below Average",3.9
"GESS-S2268","SCH-090","Western",5.4254,-1.9152,"Male",16,"SHS 2-3","Day","SHS",NA,"Low (<GHS 800)",7,"Both parents",67,51,45,65,57,72.6,0.8,"Yes","No","No","Sometimes",3.5,"Sometimes","Yes","Good",3
"GESS-S2269","SCH-086","Greater Accra",5.3924,0.0385,"Female",16,"SHS 2-3","Day","SHS","Artisan","High (>GHS 2000)",4,"Orphan",62,52,NA,72,58.2,96.5,4.1,"No","Yes","No","Never",3.2,"Sometimes","Yes","Good",4.2
"GESS-S2270","SCH-087","Savannah",9.5441,-1.8922,"Male",14,"JHS 3-SHS 1","Day","Primary","Artisan","Mid (GHS 800-2000)",4,"Both parents",26,25,28,28,26.8,60,4.1,"Yes","No","No","Never",4.6,"Sometimes","No","Below Average",5.4
"GESS-S2271","SCH-027","Savannah",9.5453,-1.3673,"Female",14,"JHS 3-SHS 1","Boarding","Tertiary","Trader","High (>GHS 2000)",5,"Single parent",67,75,77,73,73,76.2,5.2,"Yes","Yes","No","Never",8.9,"Sometimes","Yes","Excellent",2.9
"GESS-S2272","SCH-069","Ashanti",6.1411,-2.0944,"Female",15,"JHS 3-SHS 1","Day","Primary","Civil Servant","Mid (GHS 800-2000)",5,"Both parents",18,33,33,42,31.5,NA,4.1,"Yes","No","No","Never",6.7,"Never","No","Below Average",4
"GESS-S2273","SCH-016","Bono East",7.738,-1.6221,"Male",15,"JHS 3-SHS 1","Day","Primary","Farmer",NA,6,"Single parent",47,44,58,58,51.8,91.2,0.5,"Yes","Yes","Yes","Never",NA,"Sometimes","Yes","Average",3.5
"GESS-S2274","SCH-003","Ashanti",6.4874,-1.8869,"Male",14,"JHS 3-SHS 1","Day","None","Farmer","Low (<GHS 800)",4,"Single parent",25,31,48,41,36.2,96.6,2.3,"Yes","No","No","Never",8.1,"Never","No","Below Average",3.2
"GESS-S2275","SCH-009","Ashanti",6.7168,-2.0203,"Female",17,"SHS 2-3","Day","Primary","Farmer","Low (<GHS 800)",4,"Both parents",69,59,91,95,78.5,87.1,1.4,"No","Yes","Yes","Never",7.9,"Daily","Yes","Excellent",2
"GESS-S2276","SCH-071","North East",10.569,-0.8656,"Female",15,"JHS 3-SHS 1","Day","None","Artisan",NA,3,"Both parents",66,41,48,47,50.5,95.9,2.8,"No","Yes","Yes","Never",3.5,"Daily","Yes","Average",2.5
"GESS-S2277","SCH-064","Savannah",9.6683,-1.9851,"Female",15,"JHS 3-SHS 1","Day","JHS","Unemployed","Low (<GHS 800)",8,"Both parents",47,60,23,37,41.8,81.7,0.5,"No","Yes","No","Never",3.7,"Never","No","Average",3.9
"GESS-S2278","SCH-073","Ashanti",6.6129,-2.1281,"Male",17,"SHS 2-3","Day","JHS","Farmer","Low (<GHS 800)",6,"Both parents",28,10,27,23,22,79.4,3.9,"Yes","Yes","No","Never",6.3,"Never","No","Below Average",3.6
"GESS-S2279","SCH-014","Greater Accra",5.8524,-0.2102,"Female",18,"SHS 3+","Day","SHS","Farmer",NA,5,"Single parent",57,66,79,61,65.8,83.9,4.5,"No","No","No","Never",6.3,"Daily","Yes","Good",NA
"GESS-S2280","SCH-026","Ashanti",6.5653,-1.1661,"Female",13,"JHS 1-2","Day","None","Trader","High (>GHS 2000)",1,"Both parents",63,42,40,46,47.8,80.2,6.4,"Yes","Yes","No","Sometimes",6.9,"Daily","No","Average",4.7
"GESS-S2281","SCH-003","Greater Accra",5.1742,0.1416,"Female",17,"SHS 2-3","Day","JHS","Farmer","Mid (GHS 800-2000)",7,"Both parents",63,62,65,47,59.2,94.9,7.7,"Yes","Yes","Yes","Sometimes",7.6,"Daily","Yes","Good",3
"GESS-S2282","SCH-050","Northern",9.3653,-0.664,"Female",17,"SHS 2-3","Day","None","Farmer","Mid (GHS 800-2000)",7,"Both parents",50,43,40,46,44.8,98.8,3.9,"No","Yes","No","Never",6,"Daily","No","Average",NA
"GESS-S2283","SCH-032","Ashanti",6.2588,-1.9207,"Female",13,"JHS 1-2","Boarding","None","Professional","Low (<GHS 800)",4,"Single parent",80,55,75,74,71,100,2.9,"Yes","Yes","No","Never",5.1,"Sometimes","Yes","Excellent",1.8
"GESS-S2284","SCH-061","Bono East",7.8489,-1.859,"Male",13,"JHS 1-2","Boarding","Tertiary","Trader","Low (<GHS 800)",5,"Single parent",67,82,69,63,70.2,71.7,3.1,"Yes","No","No","Never",5.2,"Sometimes","Yes","Excellent",3.1
"GESS-S2285","SCH-014","Central",6.0289,-1.3034,"Male",16,"SHS 2-3","Day","JHS","Farmer","High (>GHS 2000)",10,"Both parents",32,43,NA,26,31.8,56.3,3.7,"Yes","Yes","No","Often",5.7,"Daily","No","Below Average",4.4
"GESS-S2286","SCH-072","Bono East",8.3973,-1.1907,"Male",16,"SHS 2-3","Day","SHS",NA,"Low (<GHS 800)",5,"Both parents",69,65,83,74,72.8,90.6,3.7,"Yes","No","Yes","Never",7.5,"Sometimes","Yes","Excellent",2.5
"GESS-S2287","SCH-018","Ashanti",6.8155,-1.845,"Female",15,"JHS 3-SHS 1","Day","Primary","Artisan","Low (<GHS 800)",5,"Single parent",53,50,46,53,50.5,82.1,3.6,"Yes","No","No","Sometimes",7.5,"Never","Yes","Average",2.5
"GESS-S2288","SCH-007","Ashanti",6.1566,-1.7669,"Female",13,"JHS 1-2","Day","Primary","Farmer","High (>GHS 2000)",5,"Orphan",76,57,67,67,66.8,70.1,1.9,"No","Yes","Yes","Never",3.6,"Sometimes","Yes","Good",4.5
"GESS-S2289","SCH-055","Northern",9.9397,-0.2588,"Male",15,"JHS 3-SHS 1","Boarding","JHS","Artisan","Mid (GHS 800-2000)",7,"Single parent",55,43,38,46,45.5,100,2.7,"No","No","Yes","Never",8.7,"Never","No","Average",4.1
"GESS-S2290","SCH-017","Bono",7.6956,-2.6172,"Female",16,"SHS 2-3","Day","JHS","Trader","High (>GHS 2000)",6,"Both parents",67,56,51,57,57.8,54.1,5.1,"Yes","No","No","Never",6.3,"Never","Yes","Good",4.1
"GESS-S2291","SCH-014","Ahafo",7.0379,-2.0966,"Male",13,"JHS 1-2","Boarding","Tertiary","Artisan","Low (<GHS 800)",6,"Both parents",72,77,66,74,72.2,92.7,3.1,"Yes","No","No","Never",4.8,"Daily","Yes","Excellent",3.2
"GESS-S2292","SCH-055","Ashanti",6.875,-1.0976,"Male",16,"SHS 2-3","Day","None","Trader","Low (<GHS 800)",6,"Both parents",32,43,28,37,35,87.4,3.3,"Yes","No","No","Never",7.4,"Daily","No","Below Average",4.4
"GESS-S2293","SCH-089","Northern",9.7106,-0.5199,"Female",20,"SHS 3+","Day","JHS",NA,NA,6,"Both parents",54,65,59,58,59,99.7,4.6,"No","Yes","No","Never",5.2,"Sometimes","Yes","Good",1.7
"GESS-S2294","SCH-026","Volta",6.5074,0.0817,"Male",19,"SHS 3+","Day","JHS","Professional","Mid (GHS 800-2000)",7,"Both parents",80,49,62,79,67.5,88.1,2.3,"No","Yes","No","Never",7.9,"Never","Yes","Good",2.4
"GESS-S2295","SCH-015","Greater Accra",6.1928,0.2168,"Female",18,"SHS 3+","Day","None","Civil Servant","High (>GHS 2000)",5,"Both parents",51,53,38,36,44.5,100,3.7,"No","No","No","Sometimes",7.4,"Never","No","Average",2.2
"GESS-S2296","SCH-042","Eastern",6.8631,-0.2671,"Male",15,"JHS 3-SHS 1","Day","None",NA,"Mid (GHS 800-2000)",9,"Single parent",45,42,NA,48,44.2,73.1,NA,"No","No","Yes","Sometimes",7.6,"Never","No","Average",3.1
"GESS-S2297","SCH-080","Greater Accra",5.8746,-0.246,"Male",18,"SHS 3+","Boarding","SHS","Farmer","Mid (GHS 800-2000)",7,"Single parent",64,72,55,64,63.8,89.1,1.1,"No","Yes","Yes","Never",10,"Never","Yes","Good",0.6
"GESS-S2298","SCH-100","Greater Accra",5.8261,-0.2443,"Male",15,"JHS 3-SHS 1","Boarding","Tertiary","Farmer","High (>GHS 2000)",7,"Both parents",77,51,82,85,73.8,100,4.4,"No","No","No","Sometimes",4.9,"Daily","Yes","Excellent",0.5
"GESS-S2299","SCH-057","Ashanti",7.2538,-1.3586,"Female",14,"JHS 3-SHS 1","Boarding","Primary","Civil Servant","Low (<GHS 800)",6,"Both parents",57,57,45,47,51.5,65.7,3.9,"No","Yes","No","Never",3.7,"Sometimes","Yes","Average",3.2
"GESS-S2300","SCH-066","Ahafo",6.5684,-2.8625,"Male",11,"JHS 1-2","Day","SHS","Farmer","Low (<GHS 800)",1,"Single parent",56,46,46,50,49.5,89.9,3.7,"No","Yes","No","Sometimes",NA,"Sometimes","No","Average",2.8
"GESS-S2301","SCH-020","Eastern",6.9524,-1.049,"Female",18,"SHS 3+","Day","SHS","Civil Servant","Low (<GHS 800)",5,"Both parents",79,75,65,69,72,83,NA,"No","Yes","No","Often",7.4,"Never","Yes","Excellent",2.1
"GESS-S2302","SCH-003","Greater Accra",6.0992,-0.0392,"Male",12,"JHS 1-2","Day","Tertiary","Trader","Mid (GHS 800-2000)",7,"Both parents",72,84,68,83,76.8,91.4,2.9,"No","Yes","No","Never",3.8,"Daily","Yes","Excellent",2.8
"GESS-S2303","SCH-039","Greater Accra",5.4661,-0.0972,"Male",15,"JHS 3-SHS 1","Day","JHS","Civil Servant","Low (<GHS 800)",1,"Both parents",84,84,69,83,80,69.4,4.1,"No","Yes","Yes","Sometimes",7.5,"Sometimes","Yes","Excellent",4.7
"GESS-S2304","SCH-026","Northern",10.0855,-0.2398,"Male",16,"SHS 2-3","Day","Tertiary","Trader","Low (<GHS 800)",3,"Both parents",56,69,61,75,65.2,69.8,2.9,"No","Yes","No","Never",8.7,"Daily","Yes","Good",3.8
"GESS-S2305","SCH-018","Central",5.1524,-1.2279,"Male",15,"JHS 3-SHS 1","Boarding","Primary","Unemployed","Low (<GHS 800)",10,"Both parents",57,48,44,66,53.8,NA,1.7,"No","No","No","Sometimes",4.4,"Sometimes","Yes","Average",2.2
"GESS-S2306","SCH-010","Eastern",6.9057,-0.4585,"Female",16,"SHS 2-3","Day","SHS","Artisan","Low (<GHS 800)",5,"Both parents",72,55,69,59,63.8,69.6,1.8,"Yes","No","Yes","Never",3.8,"Never","Yes","Good",3.4
"GESS-S2307","SCH-041","Greater Accra",5.4718,-0.6795,"Female",16,"SHS 2-3","Day","None","Artisan","Low (<GHS 800)",8,"Both parents",59,36,61,46,50.5,88.7,1.1,"No","No","Yes","Sometimes",6.6,"Never","Yes","Average",2.1
"GESS-S2308","SCH-062","Ashanti",7.0842,-1.7118,"Female",17,"SHS 2-3","Day","None","Farmer","Low (<GHS 800)",3,"Both parents",61,43,42,51,49.2,93.2,1.5,"No","No","No","Sometimes",6.3,"Never","No","Average",1.9
"GESS-S2309","SCH-030","Bono",7.4294,-2.7778,"Female",16,"SHS 2-3","Boarding","Primary","Farmer","High (>GHS 2000)",1,"Single parent",69,74,63,61,66.8,100,2.7,"No","No","No","Never",5.5,"Daily","Yes","Good",0.5
"GESS-S2310","SCH-001","Western North",5.841,-3.1043,"Female",14,"JHS 3-SHS 1","Day","JHS","Trader","Mid (GHS 800-2000)",8,"Both parents",58,65,48,75,61.5,85.4,3,"No","Yes","No","Never",2.9,"Never","Yes","Good",4.9
"GESS-S2311","SCH-018","Greater Accra",6.1603,0.3409,"Female",15,"JHS 3-SHS 1","Boarding","Tertiary","Professional","Mid (GHS 800-2000)",1,"Both parents",44,36,34,37,37.8,91,3.2,"No","No","Yes","Never",8.8,"Never","No","Below Average",5.4
"GESS-S2312","SCH-091","Bono",7.3861,-1.7668,"Male",14,"JHS 3-SHS 1","Boarding","Primary","Artisan","High (>GHS 2000)",4,"Both parents",79,58,78,56,67.8,100,2,"Yes","Yes","No","Often",6.6,"Daily","Yes","Good",1.3
"GESS-S2313","SCH-014","Greater Accra",5.6079,-0.6045,"Male",16,"SHS 2-3","Day","None","Trader","High (>GHS 2000)",7,"Orphan",81,81,62,74,74.5,77.1,4.1,"No","No","Yes","Often",3.4,"Sometimes","Yes","Excellent",1.7
"GESS-S2314","SCH-071","Bono",7.6155,-1.8042,"Male",15,"JHS 3-SHS 1","Day","None","Farmer","Low (<GHS 800)",2,"Both parents",69,62,65,42,59.5,82.3,1.4,"No","Yes","No","Never",4,"Sometimes","Yes","Good",3.2
"GESS-S2315","SCH-091","Central",5.8841,-1.6406,"Female",16,"SHS 2-3","Day","SHS","Artisan","Mid (GHS 800-2000)",4,"Single parent",32,57,41,45,43.8,74.4,4.1,"Yes","No","No","Never",2.4,"Sometimes","No","Average",2.5
"GESS-S2316","SCH-041","Ashanti",6.5569,-2.0872,"Male",13,"JHS 1-2","Boarding","JHS","Professional","Low (<GHS 800)",2,"Both parents",52,45,55,53,51.2,83.8,4,"No","Yes","No","Never",6.4,"Daily","Yes","Average",4.5
"GESS-S2317","SCH-063","Ashanti",6.1777,-1.9184,"Male",16,"SHS 2-3","Boarding","JHS","Trader","Low (<GHS 800)",4,"Orphan",58,78,62,65,65.8,NA,4.1,"No","Yes","Yes","Never",6.3,"Daily","Yes","Good",2.5
"GESS-S2318","SCH-098","Ashanti",6.5802,-1.6672,"Male",16,"SHS 2-3","Day","JHS","Farmer","Mid (GHS 800-2000)",5,"Both parents",66,68,87,74,73.8,80.3,3.9,"Yes","No","Yes","Never",6.4,"Sometimes","Yes","Excellent",0
"GESS-S2319","SCH-090","Eastern",6.7186,-0.8145,"Male",13,"JHS 1-2","Day","SHS","Farmer","High (>GHS 2000)",3,"Single parent",62,62,84,76,71,80.5,1.1,"Yes","No","No","Often",5.1,"Never","Yes","Excellent",1.6
"GESS-S2320","SCH-020","Ashanti",7.265,-2.1676,"Female",13,"JHS 1-2","Boarding","Primary","Farmer","High (>GHS 2000)",1,"Single parent",55,33,39,53,45,80.6,5.9,"Yes","No","No","Never",5.8,"Never","No","Average",3.7
"GESS-S2321","SCH-055","Central",5.2422,-0.6297,"Male",12,"JHS 1-2","Day","Primary","Trader","Low (<GHS 800)",5,"Both parents",59,26,43,59,46.8,74.5,2.6,"Yes","Yes","No","Never",3.5,"Never","No","Average",2.4
"GESS-S2322","SCH-031","Greater Accra",5.6481,-0.3926,"Female",14,"JHS 3-SHS 1","Day","SHS","Trader","Mid (GHS 800-2000)",5,"Single parent",51,49,49,48,49.2,55.9,4.2,"No","No","No","Never",NA,"Sometimes","No","Average",3.4
"GESS-S2323","SCH-082","Upper East",10.212,-0.4619,"Male",16,"SHS 2-3","Day","Primary","Trader","Low (<GHS 800)",9,"Both parents",69,52,57,69,61.8,100,2.7,"No","No","No","Never",10,"Daily","Yes","Good",1.7
"GESS-S2324","SCH-097","Oti",8.125,0.3619,"Male",13,"JHS 1-2","Day","SHS","Artisan","High (>GHS 2000)",5,"Both parents",53,47,57,49,51.5,69.6,2.9,"Yes","No","No","Sometimes",6.6,"Sometimes","Yes","Average",3.3
"GESS-S2325","SCH-011","Bono",7.2388,-1.9336,"Male",16,"SHS 2-3","Day","Primary","Unemployed","Mid (GHS 800-2000)",4,"Single parent",78,86,100,78,85.5,96.7,1.9,"No","Yes","No","Sometimes",NA,"Never","Yes","Excellent",2.2
"GESS-S2326","SCH-040","Central",4.9305,-0.873,"Male",17,"SHS 2-3","Day","None","Trader","Low (<GHS 800)",7,"Single parent",66,51,75,69,65.2,86,2.4,"No","Yes","No","Never",7.2,"Never","Yes","Good",1.4
"GESS-S2327","SCH-090","Northern",9.6399,-0.5486,"Female",19,"SHS 3+","Day","JHS","Civil Servant","Mid (GHS 800-2000)",5,"Both parents",81,52,71,53,64.2,76.5,3.7,"Yes","No","No","Never",1.4,"Daily","Yes","Good",3.3
"GESS-S2328","SCH-099","Volta",6.4186,0.7816,"Male",14,"JHS 3-SHS 1","Boarding","JHS","Trader","High (>GHS 2000)",7,"Both parents",79,65,67,78,72.2,63.8,3.1,"No","No","Yes","Never",5,"Never","Yes","Excellent",2.2
"GESS-S2329","SCH-057","Bono",7.7265,-2.0595,"Male",12,"JHS 1-2","Day","Primary","Trader","Low (<GHS 800)",8,"Both parents",48,32,49,47,44,55,1,"No","No","Yes","Never",7.2,"Sometimes","No","Average",3.2
"GESS-S2330","SCH-042","North East",10.1995,-0.1364,"Female",14,"JHS 3-SHS 1","Day","SHS","Trader","Mid (GHS 800-2000)",4,"Single parent",47,55,62,65,57.2,73.4,4.3,"No","No","No","Never",2.8,"Daily","Yes","Good",4.5
"GESS-S2331","SCH-003","North East",10.3164,-0.6112,"Male",12,"JHS 1-2","Day","Tertiary","Farmer","Mid (GHS 800-2000)",7,"Both parents",85,78,74,76,78.2,64.8,1.6,"Yes","No","Yes","Never",7,"Sometimes","Yes","Excellent",2.3
"GESS-S2332","SCH-066","Greater Accra",5.4672,-0.5788,"Female",16,"SHS 2-3","Boarding","SHS","Unemployed","Mid (GHS 800-2000)",6,"Both parents",66,47,64,54,57.8,90.7,1.7,"No","No","Yes","Often",1,"Daily","Yes","Good",1.3
"GESS-S2333","SCH-092","Eastern",5.8566,-0.2286,"Female",14,"JHS 3-SHS 1","Day","SHS","Farmer","Low (<GHS 800)",5,"Both parents",81,61,81,67,72.5,69.4,2.4,"Yes","No","No","Never",2.6,"Daily","Yes","Excellent",1.9
"GESS-S2334","SCH-009","Western North",6.7316,-2.5789,"Male",13,"JHS 1-2","Day","None","Farmer","High (>GHS 2000)",7,"Both parents",68,64,61,69,65.5,70.9,2.7,"No","Yes","Yes","Never",4.2,"Daily","Yes","Good",3.9
"GESS-S2335","SCH-036","North East",10.7754,-0.0095,"Male",13,"JHS 1-2","Day","JHS","Farmer","Mid (GHS 800-2000)",3,"Orphan",94,75,100,84,88.2,80.2,2.2,"No","Yes","Yes","Never",4.8,"Sometimes","Yes","Excellent",2.9
"GESS-S2336","SCH-038","Western",5.6,-1.5747,"Female",19,"SHS 3+","Boarding","None","Professional","Mid (GHS 800-2000)",7,"Both parents",42,50,55,53,50,75.3,2.3,"Yes","No","Yes","Sometimes",8.5,"Daily","Yes","Average",5.3
"GESS-S2337","SCH-038","Northern",10.1233,-0.4467,"Male",17,"SHS 2-3","Boarding","None","Farmer","High (>GHS 2000)",4,"Both parents",72,47,51,53,55.8,83.9,4.9,"No","Yes","No","Never",2.6,"Daily","Yes","Good",4.3
"GESS-S2338","SCH-006","Greater Accra",5.4986,-0.1957,"Male",16,"SHS 2-3","Day","SHS","Trader","Mid (GHS 800-2000)",6,"Both parents",38,24,79,36,44.2,85,2.6,"No","Yes","No","Often",6.5,"Daily","No","Average",3.4
"GESS-S2339","SCH-043","Greater Accra",5.1687,-0.1932,"Female",14,"JHS 3-SHS 1","Boarding","Tertiary","Farmer","Mid (GHS 800-2000)",3,"Both parents",65,50,65,73,63.2,92,3.4,"No","No","No","Never",NA,"Sometimes","Yes","Good",1.5
"GESS-S2340","SCH-042","Ashanti",7.2858,-1.8308,"Male",12,"JHS 1-2","Boarding","SHS","Farmer","Mid (GHS 800-2000)",4,"Both parents",37,29,60,38,41,92.4,3.2,"Yes","No","No","Never",5.2,"Never","No","Average",1.4
"GESS-S2341","SCH-001","Bono",7.7685,-2.1764,"Male",17,"SHS 2-3","Day","JHS","Artisan","High (>GHS 2000)",4,"Both parents",82,73,89,80,81,80.7,3.1,"Yes","Yes","Yes","Sometimes",5.8,"Daily","Yes","Excellent",2.2
"GESS-S2342","SCH-082","Bono East",7.5286,-1.6714,"Female",18,"SHS 3+","Day","JHS","Unemployed","Low (<GHS 800)",6,"Both parents",59,60,62,48,57.2,85.1,3.5,"Yes","No","No","Never",6.1,"Daily","Yes","Good",3.7
"GESS-S2343","SCH-043","Ahafo",7.2857,-2.0207,"Female",19,"SHS 3+","Day","None","Artisan","Low (<GHS 800)",3,"Single parent",52,48,54,57,52.8,81.2,1.6,"No","No","No","Never",4.1,"Daily","Yes","Average",2.5
"GESS-S2344","SCH-076","Ashanti",6.1742,-2.2059,"Female",14,"JHS 3-SHS 1","Day","SHS","Artisan","High (>GHS 2000)",4,"Both parents",74,88,78,75,78.8,94,4.3,"No","Yes","No","Sometimes",7.1,"Sometimes","Yes","Excellent",0.2
"GESS-S2345","SCH-050","Ashanti",7.0381,-1.4053,"Male",15,"JHS 3-SHS 1","Day","Primary","Farmer","Mid (GHS 800-2000)",6,"Both parents",65,66,55,62,62,83.9,5.8,"No","No","No","Sometimes",4,"Sometimes","Yes","Good",1.2
"GESS-S2346","SCH-085","Central",5.8848,-1.2249,"Female",18,"SHS 3+","Day","Tertiary","Civil Servant","Mid (GHS 800-2000)",10,"Both parents",51,NA,38,37,46.2,80.9,0.5,"Yes","No","Yes","Never",4.4,"Daily","No","Average",2.7
"GESS-S2347","SCH-083","Ashanti",6.3806,-2.2142,"Female",15,"JHS 3-SHS 1","Boarding","Primary","Farmer","Mid (GHS 800-2000)",2,"Both parents",72,51,71,69,65.8,84.1,6.1,"No","No","Yes","Sometimes",3.8,"Never","Yes","Good",0.2
"GESS-S2348","SCH-057","Eastern",6.7327,-0.7469,"Female",16,"SHS 2-3","Boarding","None","Farmer","High (>GHS 2000)",8,"Both parents",69,65,60,88,70.5,73.9,3.7,"Yes","Yes","Yes","Often",4.8,"Sometimes","Yes","Excellent",2.5
"GESS-S2349","SCH-023","Ashanti",7.061,-1.2008,"Male",16,"SHS 2-3","Boarding","Tertiary","Farmer","Mid (GHS 800-2000)",4,"Both parents",52,NA,63,59,56.8,80.3,4,"No","Yes","Yes","Never",2.7,"Sometimes","Yes","Good",1.4
"GESS-S2350","SCH-003","Greater Accra",5.6497,0.2856,"Female",15,"JHS 3-SHS 1","Day","SHS","Civil Servant","High (>GHS 2000)",8,"Both parents",41,33,38,49,40.2,72.8,4,"No","No","Yes","Often",10,"Sometimes","No","Average",4.5
"GESS-S2351","SCH-008","Greater Accra",5.4304,0.4105,"Female",12,"JHS 1-2","Boarding","SHS","Civil Servant","Mid (GHS 800-2000)",5,"Both parents",52,68,69,62,62.8,74.5,0.5,"Yes","No","Yes","Never",6.1,"Daily","Yes","Good",4.1
"GESS-S2352","SCH-077","Savannah",9.6504,-2.1377,"Male",15,"JHS 3-SHS 1","Day","Primary","Trader","Low (<GHS 800)",7,"Both parents",84,67,73,78,75.5,93.5,3.7,"Yes","Yes","No","Never",9.4,"Daily","Yes","Excellent",3.4
"GESS-S2353","SCH-067","North East",10.7596,-0.8758,"Female",18,"SHS 3+","Day","SHS","Unemployed","Low (<GHS 800)",9,"Both parents",59,38,57,62,54,66.9,2,"No","Yes","No","Never",7.3,"Daily","Yes","Average",4.2
"GESS-S2354","SCH-056","Upper West",10.1578,-2.6005,"Female",16,"SHS 2-3","Day","None","Trader","Mid (GHS 800-2000)",5,"Both parents",78,55,55,77,66.2,92.5,1.7,"No","No","No","Sometimes",7,"Sometimes","Yes","Good",NA
"GESS-S2355","SCH-034","Greater Accra",6.094,-0.403,"Male",15,"JHS 3-SHS 1","Day","SHS","Trader","Mid (GHS 800-2000)",3,"Both parents",67,76,45,38,56.5,74.4,1.8,"No","Yes","No","Never",6.1,"Sometimes","Yes","Good",2.4
"GESS-S2356","SCH-085","Northern",9.2758,-0.9305,"Female",13,"JHS 1-2","Boarding","SHS","Unemployed","Mid (GHS 800-2000)",6,"Both parents",53,58,66,66,60.8,77.1,3.2,"Yes","No","No","Never",7.4,"Sometimes","Yes","Good",3.6
"GESS-S2357","SCH-097","Northern",9.4621,-0.3015,"Female",17,"SHS 2-3","Boarding","Primary","Artisan","Mid (GHS 800-2000)",3,"Orphan",70,34,44,44,48,84.6,3.1,"No","Yes","No","Never",8.9,"Sometimes","No","Average",2.6
"GESS-S2358","SCH-053","Northern",9.02,-1.0569,"Female",14,"JHS 3-SHS 1","Day","Primary","Trader","Low (<GHS 800)",10,"Both parents",67,53,NA,61,64,66,4.7,"No","Yes","No","Often",6.8,"Never","Yes","Good",NA
"GESS-S2359","SCH-056","Savannah",9.6106,-2.1712,"Female",16,"SHS 2-3","Boarding","Primary","Farmer","Low (<GHS 800)",1,"Both parents",67,55,64,55,60.2,85,4.1,"No","Yes","No","Never",5.4,"Daily","Yes","Good",2.4
"GESS-S2360","SCH-072","Northern",9.3305,-1.3931,"Male",14,"JHS 3-SHS 1","Boarding","Primary","Trader","High (>GHS 2000)",2,"Both parents",60,83,60,73,69,92,1.6,"Yes","Yes","No","Never",4.3,"Never","Yes","Good",0
"GESS-S2361","SCH-040","Western",5.228,-1.5474,"Female",15,"JHS 3-SHS 1","Day","JHS","Civil Servant","Low (<GHS 800)",6,"Both parents",77,53,75,85,72.5,84.4,2,"No","No","Yes","Sometimes",6.6,"Sometimes","Yes","Excellent",2.6
"GESS-S2362","SCH-026","Eastern",6.5624,-0.0856,"Female",17,"SHS 2-3","Boarding","SHS","Professional","Low (<GHS 800)",9,"Both parents",55,65,73,69,65.5,98.5,4,"Yes","Yes","No","Never",8.6,"Daily","Yes","Good",1
"GESS-S2363","SCH-015","Greater Accra",5.0264,-0.5216,"Female",19,"SHS 3+","Boarding","Tertiary","Civil Servant","Mid (GHS 800-2000)",2,"Both parents",82,58,63,54,64.2,98.3,3.7,"Yes","No","No","Never",4.8,"Sometimes","Yes","Good",0.7
"GESS-S2364","SCH-037","Central",4.8934,-1.2121,"Male",18,"SHS 3+","Boarding","SHS","Civil Servant","High (>GHS 2000)",7,"Both parents",73,64,94,66,74.2,85.9,3.6,"Yes","No","No","Sometimes",8.3,"Daily","Yes","Excellent",0
"GESS-S2365","SCH-055","Ashanti",7.2703,-2.1964,"Female",15,"JHS 3-SHS 1","Day","SHS","Unemployed","Mid (GHS 800-2000)",6,"Single parent",56,71,54,63,61,85.2,2.5,"No","No","Yes","Often",2.2,"Sometimes","Yes","Good",2.9
"GESS-S2366","SCH-084","Greater Accra",5.2925,-0.0505,"Female",14,"JHS 3-SHS 1","Day","Primary","Farmer","High (>GHS 2000)",5,"Both parents",74,60,59,53,61.5,89.1,4.5,"No","No","No","Often",6.6,"Daily","Yes","Good",2.3
"GESS-S2367","SCH-024","Northern",9.2871,-1.0723,"Female",15,"JHS 3-SHS 1","Day","JHS","Unemployed","Mid (GHS 800-2000)",7,"Both parents",74,NA,62,69,65.5,59.1,2.8,"Yes","Yes","No","Never",NA,"Never","Yes","Good",1.5
"GESS-S2368","SCH-083","Ashanti",6.2608,-2.0615,"Male",16,"SHS 2-3","Day","None","Unemployed","High (>GHS 2000)",5,"Both parents",81,56,95,91,80.8,75.7,3.7,"No","No","Yes","Sometimes",6.7,"Daily","Yes","Excellent",3
"GESS-S2369","SCH-074","Ashanti",6.8974,-1.2321,"Female",18,"SHS 3+","Day","Primary","Professional","Mid (GHS 800-2000)",6,"Orphan",81,84,92,73,82.5,88.6,4.3,"No","Yes","No","Sometimes",4.1,"Sometimes","Yes","Excellent",0
"GESS-S2370","SCH-088","Western North",6.7479,-2.2801,"Male",15,"JHS 3-SHS 1","Boarding","Tertiary","Farmer","Mid (GHS 800-2000)",5,"Both parents",71,54,46,63,58.5,89,2.6,"Yes","Yes","No","Often",8,"Daily","Yes","Good",2.3
"GESS-S2371","SCH-048","Greater Accra",6.1553,-0.1304,"Female",19,"SHS 3+","Day","None","Trader","Mid (GHS 800-2000)",9,"Both parents",43,50,58,40,47.8,88.7,4.2,"No","No","No","Sometimes",6.8,"Never","No","Average",1.2
"GESS-S2372","SCH-026","Greater Accra",6.1,-0.3753,"Female",16,"SHS 2-3","Day","SHS","Professional","High (>GHS 2000)",10,"Both parents",75,67,69,76,71.8,74.9,4.1,"No","Yes","No","Never",6.6,"Sometimes","Yes","Excellent",1.6
"GESS-S2373","SCH-015","Volta",7.137,0.9984,"Female",16,"SHS 2-3","Boarding","JHS","Farmer","Mid (GHS 800-2000)",7,"Both parents",48,NA,58,70,57,79.2,2.5,"No","Yes","No","Often",8.5,"Sometimes","Yes","Good",1.7
"GESS-S2374","SCH-069","Northern",9.5838,-0.863,"Female",14,"JHS 3-SHS 1","Boarding","None","Professional","Low (<GHS 800)",2,"Both parents",52,30,33,47,40.5,90.9,2.3,"Yes","No","No","Never",8.1,"Sometimes","No","Average",5.9
"GESS-S2375","SCH-098","Central",5.9577,-0.904,"Male",12,"JHS 1-2","Day","Primary","Farmer","High (>GHS 2000)",6,"Single parent",73,92,74,81,80,56.5,3,"Yes","Yes","No","Sometimes",5,"Sometimes","Yes","Excellent",1.3
"GESS-S2376","SCH-044","Greater Accra",5.2184,-0.7504,"Male",17,"SHS 2-3","Day","Primary","Trader","Low (<GHS 800)",4,"Single parent",59,44,47,42,48,100,4.2,"Yes","Yes","No","Sometimes",5.6,"Sometimes","No","Average",NA
"GESS-S2377","SCH-024","Northern",9.0442,-0.6216,"Male",16,"SHS 2-3","Day","Primary","Trader","High (>GHS 2000)",10,"Both parents",57,61,51,42,52.8,95.5,3.2,"Yes","Yes","No","Never",6.7,"Daily","Yes","Average",2.1
"GESS-S2378","SCH-084","Northern",9.9216,-0.3708,"Female",15,"JHS 3-SHS 1","Boarding","Tertiary","Civil Servant","High (>GHS 2000)",8,"Both parents",92,50,72,61,68.8,76.9,6.1,"Yes","Yes","No","Never",6.9,"Never","Yes","Good",1.5
"GESS-S2379","SCH-041","Greater Accra",5.2393,-0.2575,"Male",15,"JHS 3-SHS 1","Boarding","SHS","Civil Servant","Mid (GHS 800-2000)",7,"Single parent",44,54,51,55,51,88.8,4.7,"Yes","No","No","Sometimes",4.6,"Never","Yes","Average",3.5
"GESS-S2380","SCH-017","Eastern",6.8441,-0.2565,"Female",11,"JHS 1-2","Boarding","Primary","Civil Servant","Mid (GHS 800-2000)",10,"Both parents",49,48,37,44,44.5,74.3,4.6,"No","Yes","No","Never",3.8,"Daily","No","Average",3
"GESS-S2381","SCH-043","Western North",5.8402,-2.8475,"Female",17,"SHS 2-3","Day","SHS","Farmer","Mid (GHS 800-2000)",3,"Orphan",64,66,82,64,69,83,4.1,"No","No","Yes","Never",4.7,"Daily","Yes","Good",2.4
"GESS-S2382","SCH-027","Ashanti",6.4302,-1.626,"Female",15,"JHS 3-SHS 1","Day","Primary","Trader","High (>GHS 2000)",8,"Single parent",60,51,58,62,57.8,56.4,3.1,"No","Yes","Yes","Never",6,"Daily","Yes","Good",3.6
"GESS-S2383","SCH-002","Bono",8.157,-2.3165,"Female",15,"JHS 3-SHS 1","Boarding","SHS","Trader","High (>GHS 2000)",8,"Both parents",97,82,89,91,89.8,88.1,3.3,"Yes","Yes","No","Never",6.9,"Never","Yes","Excellent",0.1
"GESS-S2384","SCH-048","Oti",7.7358,-0.0118,"Male",17,"SHS 2-3","Day","SHS","Civil Servant","High (>GHS 2000)",7,"Both parents",64,58,57,66,61.2,82.5,3.5,"Yes","Yes","No","Never",7.6,"Never","Yes","Good",2.8
"GESS-S2385","SCH-073","Oti",7.6616,0.0083,"Male",16,"SHS 2-3","Day","None","Artisan","High (>GHS 2000)",7,"Both parents",60,67,69,62,64.5,63.9,2.4,"No","Yes","No","Often",6.6,"Sometimes","Yes","Good",2.3
"GESS-S2386","SCH-061","Western",5.2927,-2.1049,"Female",15,"JHS 3-SHS 1","Day","Tertiary",NA,"Low (<GHS 800)",7,"Both parents",64,68,57,63,63,NA,0.7,"Yes","Yes","Yes","Sometimes",6.6,"Never","Yes","Good",2.9
"GESS-S2387","SCH-008","Upper West",10.8131,-2.8567,"Female",15,"JHS 3-SHS 1","Boarding","SHS","Trader","Mid (GHS 800-2000)",5,"Both parents",96,80,85,99,90,75.1,5.7,"No","No","No","Never",6,"Daily","Yes","Excellent",0.3
"GESS-S2388","SCH-031","Upper West",9.6732,-2.2476,"Male",16,"SHS 2-3","Day","None","Trader","Mid (GHS 800-2000)",4,"Single parent",44,62,42,66,53.5,80.6,2.2,"No","No","No","Never",8.1,"Never","Yes","Average",3.5
"GESS-S2389","SCH-013","Bono",7.2106,-2.1247,"Female",17,"SHS 2-3","Boarding","Tertiary","Artisan","Low (<GHS 800)",4,"Both parents",78,72,82,68,75,76.6,5.9,"No","No","No","Never",7.4,"Sometimes","Yes","Excellent",3.4
"GESS-S2390","SCH-050","Greater Accra",6.0423,-0.2572,"Female",17,"SHS 2-3","Boarding","None","Artisan","Mid (GHS 800-2000)",6,"Both parents",70,69,70,71,70,97.7,3,"Yes","Yes","No","Often",7.2,"Daily","Yes","Good",2.5
"GESS-S2391","SCH-021","Upper West",10.6319,-2.5293,"Male",18,"SHS 3+","Day","JHS","Farmer","Mid (GHS 800-2000)",9,"Both parents",50,45,41,44,45,74.2,3.4,"No","No","No","Never",5.6,"Daily","No","Average",3.4
"GESS-S2392","SCH-001","Greater Accra",5.7846,0.0282,"Male",16,"SHS 2-3","Day","Tertiary","Trader","Low (<GHS 800)",4,"Single parent",84,79,91,83,84.2,61.5,3.5,"Yes","No","Yes","Never",7.7,"Sometimes","Yes","Excellent",2.2
"GESS-S2393","SCH-031","Western",4.8489,-1.6821,"Female",16,"SHS 2-3","Boarding","SHS","Artisan","Mid (GHS 800-2000)",5,"Both parents",79,67,85,63,73.5,84.4,3.8,"No","Yes","No","Sometimes",NA,"Sometimes","Yes","Excellent",0.6
"GESS-S2394","SCH-044","Central",5.1553,-1.5064,"Female",15,"JHS 3-SHS 1","Day","SHS","Civil Servant","Low (<GHS 800)",7,"Both parents",59,53,63,61,59,99,2.2,"Yes","Yes","Yes","Sometimes",7.7,"Sometimes","Yes","Good",2.2
"GESS-S2395","SCH-091","Greater Accra",5.0659,0.4019,"Male",12,"JHS 1-2","Boarding","Tertiary","Professional","Low (<GHS 800)",4,"Both parents",58,62,NA,59,61.2,88.2,4.5,"Yes","Yes","Yes","Never",5.6,"Sometimes","Yes","Good",1.4
"GESS-S2396","SCH-083","Central",5.6118,-1.3399,"Male",15,"JHS 3-SHS 1","Day","Primary","Trader","Mid (GHS 800-2000)",6,"Both parents",71,78,74,67,72.5,74.9,4.9,"No","Yes","Yes","Sometimes",6.8,"Never","Yes","Excellent",1.5
"GESS-S2397","SCH-004","Greater Accra",5.2339,-0.6234,"Female",18,"SHS 3+","Day","JHS","Farmer","Mid (GHS 800-2000)",4,"Both parents",85,60,70,88,75.8,72,2.5,"Yes","No","No","Never",6.6,"Never","Yes","Excellent",2
"GESS-S2398","SCH-059","Northern",9.6396,-0.767,"Male",13,"JHS 1-2","Boarding","Tertiary","Civil Servant","Mid (GHS 800-2000)",2,"Single parent",54,64,56,64,59.5,89.5,3.4,"Yes","No","Yes","Often",5.9,"Sometimes","Yes","Good",1.1
"GESS-S2399","SCH-094","Oti",7.8789,-0.2547,"Male",14,"JHS 3-SHS 1","Day","JHS","Civil Servant","Low (<GHS 800)",8,"Single parent",62,60,58,74,63.5,83.1,4,"No","Yes","No","Never",9.4,"Daily","Yes","Good",2.8
"GESS-S2400","SCH-082","Greater Accra",5.3608,0.1311,"Female",17,"SHS 2-3","Day","Primary",NA,"Mid (GHS 800-2000)",7,"Both parents",49,49,62,74,58.5,99.8,3.3,"Yes","No","Yes","Often",5.3,"Sometimes","Yes","Good",1.9
"GESS-S2401","SCH-030","Savannah",9.4223,-1.8113,"Female",14,"JHS 3-SHS 1","Day","SHS","Civil Servant","Mid (GHS 800-2000)",5,"Both parents",60,75,NA,61,68.2,78.8,3.8,"Yes","Yes","No","Never",9.3,"Daily","Yes","Good",0.8
"GESS-S2402","SCH-034","Western",5.5044,-2.1945,"Female",15,"JHS 3-SHS 1","Day","SHS","Farmer","Mid (GHS 800-2000)",6,"Both parents",80,83,81,86,82.5,100,1.3,"No","No","No","Sometimes",7.7,"Daily","Yes","Excellent",2.2
"GESS-S2403","SCH-083","Central",5.8776,-1.4548,"Female",13,"JHS 1-2","Day","JHS","Artisan","Mid (GHS 800-2000)",1,"Single parent",74,74,68,72,72,75.3,3.8,"Yes","Yes","No","Never",6.1,"Sometimes","Yes","Excellent",4.5
"GESS-S2404","SCH-097","Western North",5.8182,-2.5193,"Male",14,"JHS 3-SHS 1","Boarding","SHS","Unemployed","Low (<GHS 800)",7,"Single parent",71,84,63,82,75,65.4,4.3,"No","Yes","No","Never",6.3,"Never","Yes","Excellent",1.7
"GESS-S2405","SCH-020","Upper East",11.2476,-1.2011,"Male",18,"SHS 3+","Day","SHS","Civil Servant","Low (<GHS 800)",2,"Both parents",59,44,51,52,51.5,81.8,3.3,"No","Yes","No","Never",4.1,"Sometimes","Yes","Average",4.1
"GESS-S2406","SCH-064","Volta",7.2439,0.1683,"Female",13,"JHS 1-2","Day","Tertiary","Farmer",NA,5,"Both parents",97,90,89,86,90.5,79.5,4.6,"Yes","No","No","Never",10,"Daily","Yes","Excellent",2.9
"GESS-S2407","SCH-087","Upper East",11.1427,-1.0933,"Male",16,"SHS 2-3","Boarding","Tertiary","Farmer","Low (<GHS 800)",4,"Single parent",52,58,77,78,66.2,100,2.7,"Yes","No","Yes","Never",7.4,"Never","Yes","Good",0.7
"GESS-S2408","SCH-039","Savannah",8.7454,-1.3164,"Female",17,"SHS 2-3","Boarding","SHS","Farmer","High (>GHS 2000)",9,"Orphan",74,62,71,63,67.5,85.5,2.2,"No","No","No","Often",6,"Never","Yes","Good",1.3
"GESS-S2409","SCH-067","Western",5.6861,-1.8249,"Male",18,"SHS 3+","Boarding","Primary","Artisan","Low (<GHS 800)",3,"Both parents",78,72,65,66,70.2,74.8,NA,"No","Yes","No","Never",5,"Never","Yes","Excellent",1.2
"GESS-S2410","SCH-051","Eastern",6.153,-0.2154,"Male",16,"SHS 2-3","Boarding","JHS","Trader","Mid (GHS 800-2000)",3,"Single parent",66,66,70,62,66,84.3,3.5,"Yes","No","Yes","Never",6.6,"Daily","Yes","Good",2.9
"GESS-S2411","SCH-084","Greater Accra",5.4529,0.3714,"Female",15,"JHS 3-SHS 1","Boarding","JHS","Artisan","High (>GHS 2000)",13,"Both parents",98,97,100,90,96.2,99.1,3,"No","Yes","No","Often",8.1,"Daily","Yes","Excellent",0.8
"GESS-S2412","SCH-067","Eastern",5.8754,-0.4535,"Male",17,"SHS 2-3","Boarding","Tertiary","Civil Servant","High (>GHS 2000)",6,"Both parents",84,77,73,81,78.8,69.1,6.5,"No","No","No","Never",4.7,"Never","Yes","Excellent",1.3
"GESS-S2413","SCH-051","North East",10.549,-0.3166,"Male",18,"SHS 3+","Boarding","Primary","Professional","Mid (GHS 800-2000)",3,"Orphan",68,55,NA,73,69,78.3,2.2,"Yes","Yes","No","Never",8.5,"Daily","Yes","Good",4.2
"GESS-S2414","SCH-022","Savannah",8.6025,-1.6688,"Male",18,"SHS 3+","Day","JHS","Farmer","High (>GHS 2000)",8,"Single parent",65,74,69,57,66.2,92.2,1.9,"Yes","No","No","Never",7.6,"Daily","Yes","Good",1.1
"GESS-S2415","SCH-004","Western North",6.8856,-2.4757,"Male",16,"SHS 2-3","Day","JHS","Artisan","High (>GHS 2000)",3,"Both parents",48,30,53,46,44.2,83.8,3.1,"No","Yes","No","Sometimes",7,"Sometimes","No","Average",2.2
"GESS-S2416","SCH-070","Bono East",7.509,-1.2807,"Female",15,"JHS 3-SHS 1","Boarding","JHS","Farmer","Mid (GHS 800-2000)",3,"Both parents",75,62,66,59,65.5,85.3,1.7,"No","No","Yes","Never",5,"Sometimes","Yes","Good",2.3
"GESS-S2417","SCH-065","Volta",7.5358,0.7864,"Female",15,"JHS 3-SHS 1","Boarding","JHS","Farmer",NA,7,"Both parents",57,52,58,66,58.2,94.6,5.9,"Yes","No","No","Sometimes",5.3,"Never","Yes","Good",2.5
"GESS-S2418","SCH-005","Western North",6.8616,-3.1367,"Female",16,"SHS 2-3","Boarding","JHS","Civil Servant","Low (<GHS 800)",4,"Both parents",64,33,33,52,45.5,83.9,5.8,"Yes","No","Yes","Sometimes",1.8,"Daily","No","Average",2.8
"GESS-S2419","SCH-093","Ashanti",6.5164,-1.3397,"Male",18,"SHS 3+","Day","None","Artisan","Low (<GHS 800)",6,"Single parent",35,51,42,57,46.2,56.9,0.5,"No","Yes","No","Sometimes",6.5,"Sometimes","No","Average",3.2
"GESS-S2420","SCH-042","Oti",7.9751,-0.0975,"Male",17,"SHS 2-3","Day","JHS","Civil Servant","Mid (GHS 800-2000)",4,"Both parents",66,71,55,72,66,70.5,1.7,"Yes","Yes","Yes","Sometimes",8,"Daily","Yes","Good",3.7
"GESS-S2421","SCH-093","Savannah",9.3688,-2.33,"Male",16,"SHS 2-3","Day","Tertiary","Unemployed","Low (<GHS 800)",8,"Both parents",91,97,87,88,90.8,87.2,4.1,"Yes","Yes","No","Sometimes",4.9,"Sometimes","Yes","Excellent",1.4
"GESS-S2422","SCH-085","Ashanti",6.3646,-2.0425,"Male",15,"JHS 3-SHS 1","Boarding","JHS","Artisan","Low (<GHS 800)",1,"Both parents",64,60,64,67,63.8,94.5,2.7,"No","No","No","Sometimes",6.6,"Never","Yes","Good",1.7
"GESS-S2423","SCH-036","Greater Accra",5.938,-0.6191,"Male",15,"JHS 3-SHS 1","Boarding","JHS","Artisan","High (>GHS 2000)",4,"Both parents",54,61,70,62,61.8,81.1,2.7,"Yes","No","Yes","Sometimes",8.8,"Sometimes","Yes","Good",4.2
"GESS-S2424","SCH-094","Western",4.7425,-2.4795,"Male",15,"JHS 3-SHS 1","Day","None","Civil Servant","Low (<GHS 800)",4,"Single parent",55,62,51,39,51.8,76.3,1.3,"No","No","Yes","Never",4.7,"Daily","Yes","Average",4
"GESS-S2425","SCH-017","North East",10.5525,-0.6239,"Female",15,"JHS 3-SHS 1","Day","JHS","Artisan","High (>GHS 2000)",1,"Both parents",56,40,65,68,57.2,NA,3.7,"No","Yes","No","Never",8.7,"Sometimes","Yes","Good",1.8
"GESS-S2426","SCH-017","Ashanti",6.2483,-1.6777,"Female",15,"JHS 3-SHS 1","Boarding","SHS","Trader","High (>GHS 2000)",3,"Both parents",78,71,85,80,78.5,94.5,3.6,"No","Yes","No","Sometimes",5.4,"Sometimes","Yes","Excellent",2.5
"GESS-S2427","SCH-050","Northern",9.33,-1.1788,"Male",14,"JHS 3-SHS 1","Day","Primary","Civil Servant","Mid (GHS 800-2000)",3,"Single parent",44,33,63,37,44.2,79.4,3.8,"No","No","No","Never",5.1,"Daily","No","Average",4.9
"GESS-S2428","SCH-086","Central",5.763,-0.8809,"Male",16,"SHS 2-3","Day","JHS","Artisan",NA,6,"Both parents",56,42,48,35,45.2,88.2,2.8,"No","No","Yes","Never",5.7,"Sometimes","No","Average",5
"GESS-S2429","SCH-093","Eastern",6.0632,-0.2727,"Female",13,"JHS 1-2","Day","JHS","Unemployed","Low (<GHS 800)",6,"Both parents",42,43,23,30,34.5,86.6,NA,"No","No","No","Never",7.9,"Sometimes","No","Below Average",3.8
"GESS-S2430","SCH-050","Eastern",6.0455,-0.1175,"Male",18,"SHS 3+","Day","Tertiary","Artisan","Mid (GHS 800-2000)",6,"Both parents",76,82,81,85,81,92.1,6.3,"Yes","No","No","Never",6,"Daily","Yes","Excellent",1.5
"GESS-S2431","SCH-075","Eastern",5.8937,-0.5395,"Female",13,"JHS 1-2","Boarding","JHS","Unemployed","High (>GHS 2000)",8,"Single parent",37,25,48,38,37,88.2,6,"No","Yes","No","Never",8.1,"Daily","No","Below Average",5.2
"GESS-S2432","SCH-067","Greater Accra",6.1184,-0.0578,"Male",11,"JHS 1-2","Day","Primary","Artisan","Low (<GHS 800)",2,"Both parents",70,60,74,63,66.8,81.7,2.9,"No","Yes","No","Never",5.3,"Daily","Yes","Good",1.1
"GESS-S2433","SCH-093","Greater Accra",6.0042,-0.051,"Female",15,"JHS 3-SHS 1","Day","JHS","Farmer","High (>GHS 2000)",3,"Orphan",71,56,49,53,57.2,70.3,NA,"No","Yes","Yes","Never",7.8,"Daily","Yes","Good",1.9
"GESS-S2434","SCH-026","Greater Accra",5.5921,-0.3054,"Female",14,"JHS 3-SHS 1","Boarding","JHS","Artisan","Low (<GHS 800)",7,"Both parents",49,60,78,57,61,84,3.3,"No","No","No","Sometimes",9.9,"Daily","Yes","Good",NA
"GESS-S2435","SCH-071","Greater Accra",5.9673,-0.0438,"Male",12,"JHS 1-2","Day","JHS","Trader","Low (<GHS 800)",5,"Single parent",57,52,44,45,49.5,58.8,1.9,"Yes","Yes","No","Never",7,"Daily","No","Average",2.7
"GESS-S2436","SCH-088","Volta",7.4876,0.4222,"Male",18,"SHS 3+","Boarding","SHS","Trader","Low (<GHS 800)",4,"Both parents",61,40,61,45,51.8,77.5,1.7,"No","Yes","No","Never",1.3,"Never","Yes","Average",2.7
"GESS-S2437","SCH-040","Ashanti",6.4588,-2.1838,"Male",14,"JHS 3-SHS 1","Boarding","SHS","Artisan","High (>GHS 2000)",6,"Both parents",45,23,40,41,37.2,91.4,4.6,"Yes","Yes","Yes","Sometimes",4.7,"Daily","No","Below Average",3.7
"GESS-S2438","SCH-099","Bono East",8.4216,-1.7293,"Male",15,"JHS 3-SHS 1","Day","JHS",NA,"High (>GHS 2000)",6,"Both parents",93,100,85,94,93,86.8,3.6,"No","Yes","No","Often",5.1,"Sometimes","Yes","Excellent",0.5
"GESS-S2439","SCH-079","Western",5.0403,-2.1156,"Female",14,"JHS 3-SHS 1","Day","JHS","Farmer","Low (<GHS 800)",5,"Both parents",72,46,52,53,55.8,86.6,2.2,"No","Yes","Yes","Never",5.5,"Daily","Yes","Good",1.4
"GESS-S2440","SCH-009","Greater Accra",5.7702,-0.2901,"Female",14,"JHS 3-SHS 1","Boarding","SHS","Farmer","Mid (GHS 800-2000)",6,"Both parents",77,56,72,65,67.5,100,4.2,"Yes","Yes","No","Never",10,"Never","Yes","Good",2.4
"GESS-S2441","SCH-011","Central",5.676,-1.3713,"Female",17,"SHS 2-3","Boarding","SHS","Artisan","Low (<GHS 800)",4,"Both parents",69,58,66,52,61.2,93.2,4.2,"Yes","Yes","Yes","Often",4.4,"Daily","Yes","Good",2.4
"GESS-S2442","SCH-049","Ahafo",6.67,-2.5882,"Male",14,"JHS 3-SHS 1","Boarding","None",NA,NA,7,"Both parents",65,67,57,64,63.2,100,NA,"No","No","No","Sometimes",4.2,"Daily","Yes","Good",2.9
"GESS-S2443","SCH-068","Greater Accra",6.0832,-0.3626,"Male",16,"SHS 2-3","Day","JHS","Farmer","Mid (GHS 800-2000)",1,"Both parents",58,41,42,40,45.2,77.5,2.7,"Yes","No","No","Sometimes",7.4,"Never","No","Average",4.2
"GESS-S2444","SCH-053","Ashanti",6.9181,-1.9595,"Female",15,"JHS 3-SHS 1","Day","None","Unemployed","Mid (GHS 800-2000)",5,"Both parents",72,77,82,75,76.5,67,3.5,"No","No","No","Never",4.1,"Sometimes","Yes","Excellent",0.5
"GESS-S2445","SCH-033","Greater Accra",5.6164,-0.4815,"Female",14,"JHS 3-SHS 1","Day","Primary","Farmer","Low (<GHS 800)",4,"Both parents",65,68,65,76,68.5,78.9,1.7,"No","No","Yes","Never",4.1,"Sometimes","Yes","Good",1.9
"GESS-S2446","SCH-070","Northern",9.7997,-0.6451,"Male",13,"JHS 1-2","Day","None","Trader","Low (<GHS 800)",6,"Both parents",67,64,65,60,64,72.6,2.4,"Yes","Yes","No","Never",7,"Never","Yes","Good",2.6
"GESS-S2447","SCH-042","North East",10.5179,0.0542,"Female",15,"JHS 3-SHS 1","Day","None","Unemployed","Low (<GHS 800)",6,"Both parents",47,64,59,53,55.8,72.3,1.8,"No","Yes","Yes","Never",7.4,"Never","Yes","Good",3.9
"GESS-S2448","SCH-027","Northern",9.985,-1.0982,"Female",18,"SHS 3+","Boarding","None","Trader","Mid (GHS 800-2000)",11,"Both parents",76,71,54,77,69.5,100,5.6,"Yes","No","No","Never",7.6,"Daily","Yes","Good",2.9
"GESS-S2449","SCH-082","Eastern",6.9171,-0.9701,"Male",17,"SHS 2-3","Boarding","Tertiary",NA,"Mid (GHS 800-2000)",1,"Single parent",73,61,67,80,70.2,69.1,4.1,"No","No","No","Never",7.6,"Sometimes","Yes","Excellent",2.9
"GESS-S2450","SCH-089","Upper West",10.1246,-2.7747,"Female",14,"JHS 3-SHS 1","Boarding","JHS",NA,"Mid (GHS 800-2000)",8,"Both parents",97,97,87,99,95,87.3,5.5,"No","Yes","No","Never",5.5,"Never","Yes","Excellent",0.8
"GESS-S2451","SCH-014","Eastern",6.4571,-0.2835,"Male",13,"JHS 1-2","Day","SHS","Farmer","Mid (GHS 800-2000)",6,"Both parents",71,60,65,49,61.2,76.8,3.8,"No","No","Yes","Sometimes",4.8,"Daily","Yes","Good",5.1
"GESS-S2452","SCH-093","Northern",9.8707,-1.2265,"Female",21,"SHS 3+","Day","SHS","Trader","High (>GHS 2000)",3,"Both parents",89,90,NA,79,84.2,78.6,5,"No","No","No","Never",4.5,"Daily","Yes","Excellent",3.4
"GESS-S2453","SCH-076","Ashanti",6.2168,-1.9081,"Male",18,"SHS 3+","Day","Tertiary","Professional","Mid (GHS 800-2000)",6,"Both parents",64,57,55,61,59.2,67.3,2.3,"No","Yes","No","Sometimes",6,"Daily","Yes","Good",2.2
"GESS-S2454","SCH-015","Greater Accra",5.1031,-0.7009,"Male",17,"SHS 2-3","Boarding","JHS","Trader","High (>GHS 2000)",5,"Orphan",82,65,63,61,67.8,85,4.6,"Yes","No","Yes","Sometimes",6.8,"Sometimes","Yes","Good",0.6
"GESS-S2455","SCH-092","Volta",6.5155,0.4695,"Male",17,"SHS 2-3","Boarding","Tertiary","Professional","Mid (GHS 800-2000)",5,"Both parents",61,85,70,61,69.2,96,3.6,"No","Yes","No","Never",9.7,"Sometimes","Yes","Good",0
"GESS-S2456","SCH-054","Ashanti",6.2269,-1.1469,"Female",15,"JHS 3-SHS 1","Boarding","JHS","Unemployed","Low (<GHS 800)",1,"Both parents",65,NA,39,50,50.5,70,3.1,"Yes","Yes","Yes","Never",5,"Daily","Yes","Average",1.8
"GESS-S2457","SCH-069","Greater Accra",5.1208,0.1613,"Female",13,"JHS 1-2","Day","SHS","Trader","High (>GHS 2000)",3,"Both parents",64,57,60,54,58.8,94.8,3.9,"No","No","No","Never",6.1,"Never","Yes","Good",2.4
"GESS-S2458","SCH-038","Eastern",6.2499,-0.7872,"Male",18,"SHS 3+","Boarding","Primary","Farmer","High (>GHS 2000)",6,"Both parents",64,41,57,75,59.2,100,3.2,"Yes","No","No","Never",NA,"Daily","Yes","Good",1.5
"GESS-S2459","SCH-081","Greater Accra",5.2812,-0.2411,"Female",15,"JHS 3-SHS 1","Boarding","JHS","Artisan","High (>GHS 2000)",5,"Both parents",89,76,77,82,81,88.8,3.5,"No","No","No","Never",6.2,"Sometimes","Yes","Excellent",1
"GESS-S2460","SCH-002","Volta",7.1603,0.879,"Male",17,"SHS 2-3","Boarding","SHS",NA,"High (>GHS 2000)",7,"Both parents",69,75,53,66,65.8,79.3,2.4,"Yes","Yes","No","Never",5.6,"Sometimes","Yes","Good",1.3
"GESS-S2461","SCH-051","Upper East",10.3629,-0.4313,"Female",21,"SHS 3+","Boarding","Primary","Civil Servant","Low (<GHS 800)",3,"Single parent",49,54,54,50,51.8,85.5,2.5,"No","No","No","Never",4.5,"Daily","Yes","Average",4.3
"GESS-S2462","SCH-015","Savannah",8.9645,-1.5437,"Female",17,"SHS 2-3","Boarding","None","Civil Servant",NA,4,"Both parents",61,NA,70,59,59.5,96.4,5.4,"Yes","Yes","No","Often",8.6,"Daily","Yes","Good",1.1
"GESS-S2463","SCH-029","Greater Accra",5.5785,0.0622,"Female",14,"JHS 3-SHS 1","Day","None","Trader","Low (<GHS 800)",4,"Single parent",59,60,38,55,53,69.5,1.2,"No","Yes","Yes","Sometimes",NA,"Sometimes","Yes","Average",2.9
"GESS-S2464","SCH-090","Upper East",11.2507,-0.8089,"Male",13,"JHS 1-2","Day","Primary","Civil Servant","Low (<GHS 800)",3,"Both parents",60,36,30,37,40.8,61.3,2.3,"Yes","No","Yes","Never",6.7,"Never","No","Average",5.6
"GESS-S2465","SCH-087","Greater Accra",6.1435,-0.2965,"Male",18,"SHS 3+","Day","SHS","Farmer","Mid (GHS 800-2000)",2,"Both parents",36,44,60,53,48.2,100,2.6,"Yes","Yes","Yes","Never",7.4,"Sometimes","No","Average",2.9
"GESS-S2466","SCH-053","Bono",7.9939,-1.7762,"Male",17,"SHS 2-3","Boarding","JHS","Civil Servant","High (>GHS 2000)",1,"Both parents",83,63,96,73,78.8,77.3,4,"No","No","No","Never",5.9,"Never","Yes","Excellent",1.1
"GESS-S2467","SCH-084","Eastern",6.306,-0.5042,"Female",19,"SHS 3+","Boarding","SHS","Farmer","Mid (GHS 800-2000)",5,"Both parents",73,60,61,67,65.2,100,5,"Yes","Yes","No","Sometimes",5.6,"Sometimes","Yes","Good",2.8
"GESS-S2468","SCH-040","Northern",9.8259,-0.7053,"Male",16,"SHS 2-3","Day","JHS","Civil Servant","Mid (GHS 800-2000)",4,"Orphan",70,NA,62,76,72.5,56.6,NA,"No","No","No","Never",2.7,"Never","Yes","Excellent",3.7
"GESS-S2469","SCH-016","Greater Accra",5.1148,-0.1526,"Female",15,"JHS 3-SHS 1","Day","JHS","Trader","Mid (GHS 800-2000)",8,"Single parent",66,62,58,67,63.2,76.9,3.9,"No","No","No","Often",5.9,"Sometimes","Yes","Good",2.8
"GESS-S2470","SCH-002","Ashanti",7.1871,-2.1749,"Female",13,"JHS 1-2","Boarding","Tertiary","Farmer","Mid (GHS 800-2000)",6,"Single parent",71,73,81,82,76.8,100,1.8,"Yes","No","Yes","Never",7.6,"Daily","Yes","Excellent",0
"GESS-S2471","SCH-055","Ashanti",6.5291,-1.6948,"Female",18,"SHS 3+","Boarding","JHS","Farmer","Mid (GHS 800-2000)",4,"Both parents",69,69,88,81,76.8,68,2.8,"Yes","No","No","Sometimes",4,"Never","Yes","Excellent",1.5
"GESS-S2472","SCH-007","Upper West",10.3451,-2.6846,"Female",15,"JHS 3-SHS 1","Day","Primary","Artisan","Mid (GHS 800-2000)",6,"Both parents",73,66,56,61,64,58.3,4.9,"No","Yes","No","Often",9.3,"Daily","Yes","Good",2.3
"GESS-S2473","SCH-022","Bono East",8.3695,-1.1002,"Female",14,"JHS 3-SHS 1","Day","None","Farmer","Low (<GHS 800)",5,"Both parents",76,64,46,78,66,100,1.5,"No","No","Yes","Often",4.9,"Daily","Yes","Good",0.9
"GESS-S2474","SCH-098","Western",5.533,-2.0336,"Female",21,"SHS 3+","Day","JHS","Farmer","Mid (GHS 800-2000)",6,"Both parents",50,55,32,52,47.2,94.5,1.2,"Yes","Yes","No","Sometimes",3.7,"Daily","No","Average",2.9
"GESS-S2475","SCH-085","Greater Accra",5.0483,0.388,"Female",13,"JHS 1-2","Boarding","Primary","Farmer","Low (<GHS 800)",6,"Both parents",49,53,33,62,49.2,82.4,4.8,"No","Yes","No","Never",5.1,"Sometimes","No","Average",3.1
"GESS-S2476","SCH-092","Savannah",9.3821,-1.7057,"Female",11,"JHS 1-2","Day","JHS","Trader","High (>GHS 2000)",4,"Both parents",67,77,NA,65,72.5,71.7,4.1,"Yes","No","No","Often",6.1,"Sometimes","Yes","Excellent",1.5
"GESS-S2477","SCH-011","Volta",7.302,0.9794,"Male",18,"SHS 3+","Day","None","Civil Servant","Low (<GHS 800)",6,"Both parents",72,75,59,72,69.5,95.6,4.5,"Yes","Yes","Yes","Often",4.8,"Never","Yes","Good",2.6
"GESS-S2478","SCH-095","Eastern",6.636,-0.9834,"Male",16,"SHS 2-3","Day","Tertiary","Farmer","Mid (GHS 800-2000)",6,"Both parents",60,43,50,61,53.5,55.7,4.7,"No","No","Yes","Often",6.5,"Daily","Yes","Average",2.6
"GESS-S2479","SCH-032","Upper East",10.5375,-0.7144,"Male",15,"JHS 3-SHS 1","Boarding","Tertiary","Farmer","High (>GHS 2000)",4,"Both parents",59,25,63,42,47.2,61.2,3.3,"Yes","No","No","Sometimes",8.4,"Never","No","Average",4.5
"GESS-S2480","SCH-004","Eastern",6.8579,-0.456,"Female",16,"SHS 2-3","Boarding","Tertiary","Farmer","High (>GHS 2000)",1,"Single parent",55,49,61,57,55.5,84.3,2.9,"Yes","No","No","Never",6.3,"Daily","Yes","Good",2.9
"GESS-S2481","SCH-064","Western",5.1462,-2.4127,"Female",17,"SHS 2-3","Boarding","Primary","Artisan","Mid (GHS 800-2000)",7,"Both parents",60,62,54,66,60.5,100,6,"No","Yes","Yes","Never",10,"Sometimes","Yes","Good",3.9
"GESS-S2482","SCH-075","Ashanti",7.2046,-2.1094,"Female",13,"JHS 1-2","Day","None","Artisan","Mid (GHS 800-2000)",8,"Both parents",44,54,43,57,49.5,75,4,"Yes","Yes","No","Never",3.5,"Sometimes","No","Average",4
"GESS-S2483","SCH-003","Central",5.2996,-1.3319,"Male",13,"JHS 1-2","Day","Tertiary","Professional","Mid (GHS 800-2000)",4,"Both parents",66,63,62,65,64,100,3.4,"No","No","Yes","Sometimes",4.8,"Never","Yes","Good",1.4
"GESS-S2484","SCH-024","Upper East",10.5112,-0.5154,"Male",16,"SHS 2-3","Day","JHS","Professional","High (>GHS 2000)",4,"Single parent",63,24,43,43,43.2,79.2,NA,"No","Yes","No","Often",7.2,"Sometimes","No","Average",4.2
"GESS-S2485","SCH-030","Greater Accra",5.0483,0.4083,"Male",19,"SHS 3+","Boarding","JHS",NA,"Low (<GHS 800)",6,"Both parents",56,37,59,55,51.8,94.9,4.9,"Yes","No","Yes","Sometimes",5.6,"Never","Yes","Average",2.9
"GESS-S2486","SCH-060","Central",5.1353,-0.8746,"Male",16,"SHS 2-3","Day","SHS","Unemployed","Low (<GHS 800)",7,"Both parents",93,84,64,69,77.5,83.6,4.6,"Yes","Yes","No","Never",1.4,"Daily","Yes","Excellent",2.5
"GESS-S2487","SCH-014","Western",5.305,-2.4932,"Female",17,"SHS 2-3","Day","JHS","Artisan","High (>GHS 2000)",3,"Both parents",68,72,86,59,71.2,74.3,5,"No","Yes","No","Sometimes",5.9,"Never","Yes","Excellent",2.9
"GESS-S2488","SCH-059","Ashanti",6.789,-1.5084,"Male",13,"JHS 1-2","Boarding","None","Farmer",NA,8,"Single parent",76,NA,66,74,77.5,NA,5,"No","Yes","No","Never",5.3,"Daily","Yes","Excellent",0.9
"GESS-S2489","SCH-015","Oti",7.2677,-0.3039,"Male",17,"SHS 2-3","Day","Primary","Farmer","Mid (GHS 800-2000)",3,"Both parents",26,14,18,15,18.2,59,2.4,"Yes","No","No","Never",6.5,"Sometimes","No","Below Average",5.7
"GESS-S2490","SCH-024","Western",5.2577,-1.9073,"Male",16,"SHS 2-3","Day","JHS","Farmer","High (>GHS 2000)",1,"Both parents",81,74,73,64,73,75.7,2.6,"No","Yes","Yes","Never",6.1,"Sometimes","Yes","Excellent",2.3
"GESS-S2491","SCH-055","Greater Accra",5.1132,0.3812,"Male",13,"JHS 1-2","Day","Primary","Trader","High (>GHS 2000)",4,"Single parent",46,63,60,58,56.8,81.5,3,"No","Yes","No","Never",8,"Daily","Yes","Good",2
"GESS-S2492","SCH-002","Volta",7.3518,0.146,"Male",16,"SHS 2-3","Boarding","SHS","Farmer","High (>GHS 2000)",5,"Both parents",64,52,51,79,61.5,93,NA,"No","Yes","No","Sometimes",3.8,"Sometimes","Yes","Good",1.3
"GESS-S2493","SCH-065","North East",10.5626,0.0585,"Male",18,"SHS 3+","Day","JHS","Farmer","Low (<GHS 800)",8,"Orphan",54,71,60,67,63,NA,3.2,"No","Yes","No","Sometimes",4.1,"Sometimes","Yes","Good",2.7
"GESS-S2494","SCH-045","Greater Accra",5.4911,-0.2119,"Female",19,"SHS 3+","Day","JHS","Trader","Low (<GHS 800)",4,"Orphan",46,47,46,50,47.2,76,1.6,"Yes","No","No","Never",8.2,"Never","No","Average",NA
"GESS-S2495","SCH-041","North East",10.7228,-0.5721,"Female",13,"JHS 1-2","Boarding","JHS","Farmer","Mid (GHS 800-2000)",9,"Both parents",75,58,66,60,64.8,67.2,1.9,"No","Yes","No","Never",3.3,"Never","Yes","Good",3
"GESS-S2496","SCH-012","Central",5.9139,-1.2612,"Male",14,"JHS 3-SHS 1","Boarding","Primary","Trader","Mid (GHS 800-2000)",5,"Both parents",51,43,48,43,46.2,98.3,2.1,"No","No","Yes","Never",2.6,"Never","No","Average",1.4
"GESS-S2497","SCH-063","Greater Accra",5.61,-0.4135,"Male",16,"SHS 2-3","Day","Tertiary","Farmer","Low (<GHS 800)",9,"Single parent",75,78,75,66,73.5,88.8,2.6,"No","No","Yes","Never",8.6,"Daily","Yes","Excellent",0.9
"GESS-S2498","SCH-067","Eastern",6.3137,-0.3848,"Female",15,"JHS 3-SHS 1","Day","None","Trader","High (>GHS 2000)",4,"Both parents",48,36,56,46,46.5,90.4,5.2,"No","Yes","No","Never",7.4,"Never","No","Average",2.9
"GESS-S2499","SCH-040","Greater Accra",5.3174,-0.744,"Male",15,"JHS 3-SHS 1","Day","JHS","Civil Servant","Mid (GHS 800-2000)",3,"Both parents",32,45,45,30,38,86.4,4.1,"No","Yes","Yes","Often",5.3,"Never","No","Below Average",4.1
"GESS-S2500","SCH-064","Greater Accra",5.4632,0.0596,"Male",14,"JHS 3-SHS 1","Day","SHS","Farmer","Mid (GHS 800-2000)",7,"Single parent",52,54,67,49,55.5,88.9,2.7,"No","No","Yes","Never",6,"Sometimes","Yes","Good",2.3
